Date,Open,High,Low,Close,Volume,Dividends,Stock Splits
2013-09-16 00:00:00-04:00,10796.319455265411,11012.968006207193,10543.5628125,10982.8779296875,10,0.0,0.0
2013-09-17 00:00:00-04:00,10982.8779296875,10982.8779296875,10982.8779296875,10982.8779296875,0,0.0,0.0
2013-09-18 00:00:00-04:00,10832.425667475729,10832.425667475729,10537.54296875,10537.54296875,30,0.0,0.0
2013-09-19 00:00:00-04:00,10982.88072252052,10982.88072252052,10537.607421875,10537.607421875,0,0.0,0.0
2013-09-20 00:00:00-04:00,10537.54296875,10537.54296875,10537.54296875,10537.54296875,0,0.0,0.0
2013-09-23 00:00:00-04:00,10537.54296875,10537.54296875,10537.54296875,10537.54296875,0,0.0,0.0
2013-09-24 00:00:00-04:00,10772.248046875,10772.248046875,10772.248046875,10772.248046875,0,0.0,0.0
2013-09-25 00:00:00-04:00,10561.618126435364,10561.618126435364,10543.6240234375,10543.6240234375,10,0.0,0.0
2013-09-26 00:00:00-04:00,10681.977811845321,10772.248046875,10681.977811845321,10772.248046875,0,0.0,0.0
2013-09-27 00:00:00-04:00,10772.248046875,10772.248046875,10772.248046875,10772.248046875,10,0.0,0.0
2013-09-30 00:00:00-04:00,10555.658625227703,10681.976999586033,10549.580664943278,10675.958984375,0,0.0,0.0
2013-10-01 00:00:00-04:00,10579.669068567962,10579.669068567962,10537.54296875,10537.54296875,10,0.0,0.0
2013-10-02 00:00:00-04:00,10537.54296875,10537.54296875,10537.54296875,10537.54296875,0,0.0,0.0
2013-10-03 00:00:00-04:00,10537.54296875,10537.54296875,10537.54296875,10537.54296875,0,0.0,0.0
2013-10-04 00:00:00-04:00,10543.559019886363,10591.703125,10537.541006747158,10591.703125,0,0.0,0.0
2013-10-07 00:00:00-04:00,10591.703125,10591.703125,10591.703125,10591.703125,0,0.0,0.0
2013-10-08 00:00:00-04:00,10561.616858411815,10982.8779296875,10561.616858411815,10982.8779296875,0,0.0,0.0
2013-10-09 00:00:00-04:00,10982.8779296875,10982.8779296875,10982.8779296875,10982.8779296875,0,0.0,0.0
2013-10-10 00:00:00-04:00,10802.3359375,10802.3359375,10802.3359375,10802.3359375,0,0.0,0.0
2013-10-11 00:00:00-04:00,10802.3359375,10802.3359375,10802.3359375,10802.3359375,0,0.0,0.0
2013-10-14 00:00:00-04:00,10561.615025788835,10561.615025788835,10537.54296875,10537.54296875,0,0.0,0.0
2013-10-15 00:00:00-04:00,10681.976847888127,10681.976847888127,10543.5625,10543.5625,0,0.0,0.0
2013-10-16 00:00:00-04:00,10681.974609375,10681.974609375,10681.974609375,10681.974609375,0,0.0,0.0
2013-10-17 00:00:00-04:00,10537.54296875,10537.54296875,10537.54296875,10537.54296875,0,0.0,0.0
2013-10-18 00:00:00-04:00,10537.54399990295,10657.904296875,10537.54399990295,10657.904296875,0,0.0,0.0
2013-10-21 00:00:00-04:00,10657.904296875,10657.904296875,10657.904296875,10657.904296875,0,0.0,0.0
2013-10-22 00:00:00-04:00,10579.6689453125,10579.6689453125,10579.6689453125,10579.6689453125,0,0.0,0.0
2013-10-23 00:00:00-04:00,10585.6884765625,10585.6884765625,10585.6884765625,10585.6884765625,0,0.0,0.0
2013-10-24 00:00:00-04:00,10591.709464285714,10591.709464285714,10531.529296874998,10531.529296875,10,0.0,0.0
2013-10-25 00:00:00-04:00,10531.529296874998,10531.529296874998,10531.529296874998,10531.529296875,0,0.0,0.0
2013-10-28 00:00:00-04:00,10591.703125,10591.703125,10591.703125,10591.703125,0,0.0,0.0
2013-10-29 00:00:00-04:00,10591.703125,10591.703125,10591.703125,10591.703125,0,0.0,0.0
2013-10-30 00:00:00-04:00,10591.703125,10591.703125,10591.703125,10591.703125,0,0.0,0.0
2013-10-31 00:00:00-04:00,10615.778628177966,10651.88671875,10597.72458289195,10651.88671875,0,0.0,0.0
2013-11-01 00:00:00-04:00,10651.88671875,10651.88671875,10651.88671875,10651.88671875,0,0.0,0.0
2013-11-04 00:00:00-05:00,10651.885867927538,10651.885867927538,10609.759765625,10609.759765625,0,0.0,0.0
2013-11-05 00:00:00-05:00,10615.780611158434,10615.780611158434,10597.7265625,10597.7265625,20,0.0,0.0
2013-11-06 00:00:00-05:00,10645.869140625,10645.869140625,10645.869140625,10645.869140625,10,0.0,0.0
2013-11-07 00:00:00-05:00,10645.869140625,10645.869140625,10645.869140625,10645.869140625,0,0.0,0.0
2013-11-08 00:00:00-05:00,10645.869140625,10645.869140625,10645.869140625,10645.869140625,0,0.0,0.0
2013-11-11 00:00:00-05:00,10603.739151278409,10603.739151278409,10591.703125,10591.703125,0,0.0,0.0
2013-11-12 00:00:00-05:00,10591.706621004565,10591.706621004565,10543.5625,10543.5625,0,0.0,0.0
2013-11-13 00:00:00-05:00,10543.5625,10543.5625,10543.5625,10543.5625,0,0.0,0.0
2013-11-14 00:00:00-05:00,10543.5625,10543.5625,10543.5625,10543.5625,0,0.0,0.0
2013-11-15 00:00:00-05:00,10549.58203125,10549.58203125,10549.58203125,10549.58203125,0,0.0,0.0
2013-11-18 00:00:00-05:00,10549.58203125,10549.58203125,10543.564015259555,10549.58203125,0,0.0,0.0
2013-11-19 00:00:00-05:00,10549.579641622719,10555.59765625,10549.579641622719,10555.59765625,0,0.0,0.0
2013-11-20 00:00:00-05:00,10561.6162109375,10561.6162109375,10561.6162109375,10561.6162109375,0,0.0,0.0
2013-11-21 00:00:00-05:00,10681.974609375,10681.974609375,10681.974609375,10681.974609375,0,0.0,0.0
2013-11-22 00:00:00-05:00,10561.615502104016,10832.3662109375,10561.615502104016,10832.3662109375,0,0.0,0.0
2013-11-25 00:00:00-05:00,10621.801025390625,10832.431640625,10621.801025390625,10832.431640625,0,0.0,0.0
2013-11-26 00:00:00-05:00,10908.179687500002,10908.179687500002,10908.179687500002,10908.1796875,0,125.0,0.0
2013-11-27 00:00:00-05:00,10762.737291666668,10908.179687500002,10647.59539496528,10908.1796875,0,0.0,0.0
2013-11-29 00:00:00-05:00,10908.179687500002,10908.179687500002,10908.179687500002,10908.1796875,0,0.0,0.0
2013-12-02 00:00:00-05:00,10908.179687500002,10908.179687500002,10908.179687500002,10908.1796875,0,0.0,0.0
2013-12-03 00:00:00-05:00,10908.179687500002,10908.179687500002,10908.179687500002,10908.1796875,0,0.0,0.0
2013-12-04 00:00:00-05:00,10683.9521484375,10683.9521484375,10683.9521484375,10683.9521484375,0,0.0,0.0
2013-12-05 00:00:00-05:00,10683.9521484375,10683.9521484375,10683.9521484375,10683.9521484375,0,0.0,0.0
2013-12-06 00:00:00-05:00,10908.179687500002,10908.179687500002,10908.179687500002,10908.1796875,0,0.0,0.0
2013-12-09 00:00:00-05:00,10756.67578125,10756.67578125,10756.67578125,10756.67578125,0,0.0,0.0
2013-12-10 00:00:00-05:00,10683.950798450818,10683.950798450818,10665.7705078125,10665.7705078125,0,0.0,0.0
2013-12-11 00:00:00-05:00,10665.77518896178,10665.77518896178,10623.3544921875,10623.3544921875,0,0.0,0.0
2013-12-12 00:00:00-05:00,10665.7705078125,10665.7705078125,10665.7705078125,10665.7705078125,0,0.0,0.0
2013-12-13 00:00:00-05:00,10623.35013611676,10623.35013611676,10617.2900390625,10617.2900390625,0,0.0,0.0
2013-12-16 00:00:00-05:00,10665.7776203966,10696.078124999998,10617.29681303116,10696.078125,0,0.0,0.0
2013-12-17 00:00:00-05:00,10665.7705078125,10665.7705078125,10665.7705078125,10665.7705078125,0,0.0,0.0
2013-12-18 00:00:00-05:00,10877.880859375,10877.880859375,10877.880859375,10877.880859375,0,0.0,0.0
2013-12-19 00:00:00-05:00,10665.7705078125,10665.7705078125,10665.7705078125,10665.7705078125,0,0.0,0.0
2013-12-20 00:00:00-05:00,10696.078124999998,10696.078124999998,10696.078124999998,10696.078125,0,0.0,0.0
2013-12-23 00:00:00-05:00,10665.7705078125,10665.7705078125,10665.7705078125,10665.7705078125,0,0.0,0.0
2013-12-24 00:00:00-05:00,10665.7705078125,10665.7705078125,10665.7705078125,10665.7705078125,0,0.0,0.0
2013-12-26 00:00:00-05:00,10623.35013611676,10623.35013611676,10617.2900390625,10617.2900390625,0,0.0,0.0
2013-12-27 00:00:00-05:00,10617.2900390625,10617.2900390625,10617.2900390625,10617.2900390625,0,0.0,0.0
2013-12-30 00:00:00-05:00,10617.2900390625,10617.2900390625,10617.2900390625,10617.2900390625,0,0.0,0.0
2013-12-31 00:00:00-05:00,10696.073800462234,10696.073800462234,10611.232421875,10611.232421875,0,0.0,0.0
2014-01-02 00:00:00-05:00,10611.232421875,10611.232421875,10611.232421875,10611.232421875,0,0.0,0.0
2014-01-03 00:00:00-05:00,10611.232421875,10611.232421875,10611.232421875,10611.232421875,0,0.0,0.0
2014-01-06 00:00:00-05:00,10617.28973277699,10665.7705078125,10617.28973277699,10665.7705078125,0,0.0,0.0
2014-01-07 00:00:00-05:00,10635.470023415306,10665.7705078125,10635.470023415306,10665.7705078125,0,0.0,0.0
2014-01-08 00:00:00-05:00,10623.35691395184,10696.078124999998,10617.29681303116,10696.078125,0,0.0,0.0
2014-01-09 00:00:00-05:00,10617.2900390625,10617.2900390625,10617.2900390625,10617.2900390625,0,0.0,0.0
2014-01-10 00:00:00-05:00,10617.2900390625,10617.2900390625,10617.2900390625,10617.2900390625,0,0.0,0.0
2014-01-13 00:00:00-05:00,10696.078124999998,10696.078124999998,10696.078124999998,10696.078125,0,0.0,0.0
2014-01-14 00:00:00-05:00,10696.078124999998,10696.078124999998,10696.078124999998,10696.078125,0,0.0,0.0
2014-01-15 00:00:00-05:00,10665.7705078125,10665.7705078125,10665.7705078125,10665.7705078125,0,0.0,0.0
2014-01-16 00:00:00-05:00,10665.77522675737,10690.015625000002,10617.29443027211,10690.015625,0,0.0,0.0
2014-01-17 00:00:00-05:00,10617.292202600911,10659.712890625002,10617.292202600911,10659.712890625,0,0.0,0.0
2014-01-21 00:00:00-05:00,10635.470023415306,10677.89070157138,10617.28973277699,10665.7705078125,10,0.0,0.0
2014-01-22 00:00:00-05:00,10665.7705078125,10665.7705078125,10665.7705078125,10665.7705078125,0,0.0,0.0
2014-01-23 00:00:00-05:00,10623.35013611676,10623.35013611676,10617.2900390625,10617.2900390625,0,0.0,0.0
2014-01-24 00:00:00-05:00,10617.292520345516,10617.292520345516,10611.232421875,10611.232421875,10,0.0,0.0
2014-01-27 00:00:00-05:00,10696.075989274463,10696.075989274463,10696.015625,10696.015625,0,0.0,0.0
2014-01-28 00:00:00-05:00,10611.232104311755,10690.01338207078,10611.232104311755,10659.712890625,0,0.0,0.0
2014-01-29 00:00:00-05:00,10659.712890625002,10659.712890625002,10659.712890625002,10659.712890625,0,0.0,0.0
2014-01-30 00:00:00-05:00,10659.712890625002,10659.712890625002,10659.712890625002,10659.712890625,0,0.0,0.0
2014-01-31 00:00:00-05:00,10617.2900390625,10617.2900390625,10617.2900390625,10617.2900390625,0,0.0,0.0
2014-02-03 00:00:00-05:00,10690.015625000002,10690.015625000002,10690.015625000002,10690.015625,0,0.0,0.0
2014-02-04 00:00:00-05:00,10617.28973277699,10665.7705078125,10617.28973277699,10665.7705078125,0,0.0,0.0
2014-02-05 00:00:00-05:00,10665.7705078125,10665.7705078125,10665.7705078125,10665.7705078125,0,0.0,0.0
2014-02-06 00:00:00-05:00,10665.7776203966,10696.078124999998,10617.29681303116,10696.078125,0,0.0,0.0
2014-02-07 00:00:00-05:00,10696.078124999998,10696.078124999998,10696.078124999998,10696.078125,0,0.0,0.0
2014-02-10 00:00:00-05:00,10696.078124999998,10696.078124999998,10696.078124999998,10696.078125,0,0.0,0.0
2014-02-11 00:00:00-05:00,10696.078124999998,10696.078124999998,10696.078124999998,10696.078125,0,0.0,0.0
2014-02-12 00:00:00-05:00,10665.77330810965,10665.77330810965,10611.232421875,10611.232421875,10,0.0,0.0
2014-02-13 00:00:00-05:00,10617.29681303116,10696.078124999998,10617.29681303116,10696.078125,0,0.0,0.0
2014-02-14 00:00:00-05:00,10696.078124999998,10696.078124999998,10696.078124999998,10696.078125,0,0.0,0.0
2014-02-18 00:00:00-05:00,10617.2900390625,10623.35013611676,10617.2900390625,10617.2900390625,0,0.0,0.0
2014-02-19 00:00:00-05:00,10617.2900390625,10617.2900390625,10617.2900390625,10617.2900390625,0,0.0,0.0
2014-02-20 00:00:00-05:00,10623.3544921875,10623.3544921875,10623.3544921875,10623.3544921875,0,0.0,0.0
2014-02-21 00:00:00-05:00,10623.354410389959,10635.474609375,10623.354410389959,10635.474609375,30,0.0,0.0
2014-02-24 00:00:00-05:00,10623.354227304331,10623.354227304331,10617.294127916251,10617.3544921875,0,0.0,0.0
2014-02-25 00:00:00-05:00,10623.35013611676,10623.35013611676,10617.2900390625,10617.2900390625,0,0.0,0.0
2014-02-26 00:00:00-05:00,10693.5869140625,10693.5869140625,10693.5869140625,10693.5869140625,0,125.0,0.0
2014-02-27 00:00:00-05:00,10711.897850559182,10711.897850559182,10693.5869140625,10693.5869140625,0,0.0,0.0
2014-02-28 00:00:00-05:00,10693.5869140625,10693.5869140625,10693.5869140625,10693.5869140625,0,0.0,0.0
2014-03-03 00:00:00-05:00,10693.589449786325,10711.900390625,10687.4858028401,10711.900390625,10,0.0,0.0
2014-03-04 00:00:00-05:00,10705.79700647105,10705.79700647105,10699.693359375,10699.693359375,0,0.0,0.0
2014-03-05 00:00:00-05:00,10693.589334434233,10693.589334434233,10626.44921875,10626.44921875,10,0.0,0.0
2014-03-06 00:00:00-05:00,10626.44921875,10626.44921875,10626.44921875,10626.44921875,0,0.0,0.0
2014-03-07 00:00:00-05:00,10626.44921875,10626.44921875,10626.44921875,10626.44921875,0,0.0,0.0
2014-03-10 00:00:00-04:00,10711.900390625,10711.900390625,10711.900390625,10711.900390625,0,0.0,0.0
2014-03-11 00:00:00-04:00,10650.86328125,10650.86328125,10650.86328125,10650.86328125,0,0.0,0.0
2014-03-12 00:00:00-04:00,10650.86328125,10650.86328125,10650.86328125,10650.86328125,0,0.0,0.0
2014-03-13 00:00:00-04:00,10626.44921875,10626.44921875,10626.44921875,10626.44921875,0,0.0,0.0
2014-03-14 00:00:00-04:00,10626.44921875,10626.44921875,10626.44921875,10626.44921875,0,0.0,0.0
2014-03-17 00:00:00-04:00,10742.419763513513,10742.419763513513,10614.2431640625,10614.2431640625,10,0.0,0.0
2014-03-18 00:00:00-04:00,10632.55045404253,10650.861390530548,10602.0322265625,10602.0322265625,10,0.0,0.0
2014-03-19 00:00:00-04:00,10602.0322265625,10602.0322265625,10602.0322265625,10602.0322265625,0,0.0,0.0
2014-03-20 00:00:00-04:00,10632.55078125,10632.55078125,10632.55078125,10632.55078125,0,0.0,0.0
2014-03-21 00:00:00-04:00,10650.86328125,10650.86328125,10650.86328125,10650.86328125,0,0.0,0.0
2014-03-24 00:00:00-04:00,10669.1728515625,10669.1728515625,10669.1728515625,10669.1728515625,0,0.0,0.0
2014-03-25 00:00:00-04:00,10681.383340492555,10681.383340492555,10656.96875,10656.96875,0,0.0,0.0
2014-03-26 00:00:00-04:00,10656.96875,10656.96875,10656.96875,10656.96875,0,0.0,0.0
2014-03-27 00:00:00-04:00,10650.86328125,10650.86328125,10650.86328125,10650.86328125,0,0.0,0.0
2014-03-28 00:00:00-04:00,10650.865580534042,10650.865580534042,10589.8291015625,10589.8291015625,0,0.0,0.0
2014-03-31 00:00:00-04:00,10589.824879039417,10742.416015625,10589.824879039417,10742.416015625,0,0.0,0.0
2014-04-01 00:00:00-04:00,10589.824879039417,10742.416015625,10589.824879039417,10742.416015625,0,0.0,0.0
2014-04-02 00:00:00-04:00,10681.380859375,10681.380859375,10681.380859375,10681.380859375,0,0.0,0.0
2014-04-03 00:00:00-04:00,10681.378764490928,10681.378764490928,10595.927734375,10595.927734375,0,0.0,0.0
2014-04-04 00:00:00-04:00,10595.932749459655,10595.932749459655,10589.8291015625,10589.8291015625,0,0.0,0.0
2014-04-07 00:00:00-04:00,10620.3466796875,10620.3466796875,10620.3466796875,10620.3466796875,0,0.0,0.0
2014-04-08 00:00:00-04:00,10620.3466796875,10620.3466796875,10620.3466796875,10620.3466796875,0,0.0,0.0
2014-04-09 00:00:00-04:00,10620.3466796875,10620.3466796875,10620.3466796875,10620.3466796875,0,0.0,0.0
2014-04-10 00:00:00-04:00,10766.833984375,10766.833984375,10766.833984375,10766.833984375,0,0.0,0.0
2014-04-11 00:00:00-04:00,10681.380859375,10681.380859375,10681.380859375,10681.380859375,0,0.0,0.0
2014-04-14 00:00:00-04:00,10681.382040673463,10681.382040673463,10626.44921875,10626.44921875,0,0.0,0.0
2014-04-15 00:00:00-04:00,10608.139384653377,10620.3466796875,10608.139384653377,10620.3466796875,0,0.0,0.0
2014-04-16 00:00:00-04:00,10589.8291015625,10589.8291015625,10589.8291015625,10589.8291015625,0,0.0,0.0
2014-04-17 00:00:00-04:00,10589.8291015625,10589.8291015625,10589.8291015625,10589.8291015625,0,0.0,0.0
2014-04-21 00:00:00-04:00,10595.927734375,10595.927734375,10595.927734375,10595.927734375,0,0.0,0.0
2014-04-22 00:00:00-04:00,10772.939453125,10772.939453125,10772.939453125,10772.939453125,0,0.0,0.0
2014-04-23 00:00:00-04:00,10772.939453125,10772.939453125,10772.939453125,10772.939453125,0,0.0,0.0
2014-04-24 00:00:00-04:00,10650.86328125,10650.86328125,10650.86328125,10650.86328125,0,0.0,0.0
2014-04-25 00:00:00-04:00,10650.86328125,10650.86328125,10650.86328125,10650.86328125,0,0.0,0.0
2014-04-28 00:00:00-04:00,10650.86328125,10650.86328125,10650.86328125,10650.86328125,0,0.0,0.0
2014-04-29 00:00:00-04:00,10650.86328125,10650.86328125,10650.86328125,10650.86328125,0,0.0,0.0
2014-04-30 00:00:00-04:00,10650.86328125,10650.86328125,10650.86328125,10650.86328125,0,0.0,0.0
2014-05-01 00:00:00-04:00,10650.86328125,10650.86328125,10650.86328125,10650.86328125,0,0.0,0.0
2014-05-02 00:00:00-04:00,10650.86328125,10650.86328125,10650.86328125,10650.86328125,0,0.0,0.0
2014-05-05 00:00:00-04:00,10650.86480215396,10772.937751175781,10650.86480215396,10772.876953125,0,0.0,0.0
2014-05-06 00:00:00-04:00,10644.758333333333,10644.758333333333,10643.232421875,10643.232421875,0,0.0,0.0
2014-05-07 00:00:00-04:00,10638.6591879869,10772.939453125,10638.6591879869,10772.939453125,0,0.0,0.0
2014-05-08 00:00:00-04:00,10650.860610410391,10650.860610410391,10638.6533203125,10638.6533203125,0,0.0,0.0
2014-05-09 00:00:00-04:00,10681.380859375,10681.380859375,10681.380859375,10681.380859375,0,0.0,0.0
2014-05-12 00:00:00-04:00,10681.380859375,10681.380859375,10681.380859375,10681.380859375,0,0.0,0.0
2014-05-13 00:00:00-04:00,10638.653249432964,10638.653249432964,10595.927734375,10595.927734375,0,0.0,0.0
2014-05-14 00:00:00-04:00,10595.927734375,10595.927734375,10595.927734375,10595.927734375,0,0.0,0.0
2014-05-15 00:00:00-04:00,10681.380859375,10681.380859375,10681.380859375,10681.380859375,0,0.0,0.0
2014-05-16 00:00:00-04:00,10681.378764490928,10711.896989532332,10595.927734375,10595.927734375,10,0.0,0.0
2014-05-19 00:00:00-04:00,10620.3466796875,10620.3466796875,10620.3466796875,10620.3466796875,0,0.0,0.0
2014-05-20 00:00:00-04:00,10598.980403814498,10602.0322265625,10598.980403814498,10602.0322265625,0,0.0,0.0
2014-05-21 00:00:00-04:00,10711.902059505583,10711.902059505583,10589.8291015625,10589.8291015625,0,0.0,0.0
2014-05-22 00:00:00-04:00,10699.692459532374,10699.692459532374,10602.034114208633,10605.0859375,10,0.0,0.0
2014-05-23 00:00:00-04:00,10589.82681545487,10650.86328125,10540.997642818767,10650.86328125,0,0.0,0.0
2014-05-27 00:00:00-04:00,10650.86328125,10650.86328125,10650.86328125,10650.86328125,0,0.0,0.0
2014-05-28 00:00:00-04:00,10727.710648148148,10789.1875,10727.710648148148,10789.1875,0,125.0,0.0
2014-05-29 00:00:00-04:00,10666.2353515625,10666.2353515625,10635.496921154538,10666.2353515625,0,0.0,0.0
2014-05-30 00:00:00-04:00,10623.20028653295,10727.7109375,10524.837320916906,10727.7109375,0,0.0,0.0
2014-06-02 00:00:00-04:00,10598.609288371754,10598.609288371754,10534.05859375,10534.05859375,0,0.0,0.0
2014-06-03 00:00:00-04:00,10604.756675546922,10604.756675546922,10543.279825253896,10555.5751953125,0,0.0,0.0
2014-06-04 00:00:00-04:00,10555.574136087092,10555.574136087092,10530.9833984375,10530.9833984375,0,0.0,0.0
2014-06-05 00:00:00-04:00,10543.280809700143,10635.49609375,10543.280809700143,10635.49609375,0,0.0,0.0
2014-06-06 00:00:00-04:00,10635.49609375,10635.49609375,10635.49609375,10635.49609375,0,0.0,0.0
2014-06-09 00:00:00-04:00,10604.757665733381,10635.49609375,10604.757665733381,10635.49609375,0,0.0,0.0
2014-06-10 00:00:00-04:00,10543.280809700143,10635.49609375,10543.280809700143,10635.49609375,0,0.0,0.0
2014-06-11 00:00:00-04:00,10635.49609375,10635.49609375,10635.49609375,10635.49609375,0,0.0,0.0
2014-06-12 00:00:00-04:00,10635.49609375,10635.49609375,10635.49609375,10635.49609375,0,0.0,0.0
2014-06-13 00:00:00-04:00,10635.49609375,10635.49609375,10635.49609375,10635.49609375,0,0.0,0.0
2014-06-16 00:00:00-04:00,10758.388569104409,10758.388569104409,10635.49609375,10635.49609375,0,0.0,0.0
2014-06-17 00:00:00-04:00,10635.49609375,10635.49609375,10635.49609375,10635.49609375,0,0.0,0.0
2014-06-18 00:00:00-04:00,10635.49609375,10635.49609375,10635.49609375,10635.49609375,0,0.0,0.0
2014-06-19 00:00:00-04:00,10635.49609375,10635.49609375,10635.49609375,10635.49609375,0,0.0,0.0
2014-06-20 00:00:00-04:00,10635.496921154538,10666.2353515625,10635.496921154538,10666.2353515625,0,0.0,0.0
2014-06-23 00:00:00-04:00,10666.236041408289,10666.236041408289,10666.1748046875,10666.1748046875,0,0.0,0.0
2014-06-24 00:00:00-04:00,10666.1748046875,10666.1748046875,10666.1748046875,10666.1748046875,0,0.0,0.0
2014-06-25 00:00:00-04:00,10666.2353515625,10666.2353515625,10666.2353515625,10666.2353515625,0,0.0,0.0
2014-06-26 00:00:00-04:00,10666.2353515625,10666.2353515625,10666.2353515625,10666.2353515625,0,0.0,0.0
2014-06-27 00:00:00-04:00,10666.235202833153,10696.9736328125,10666.235202833153,10696.9736328125,0,0.0,0.0
2014-06-30 00:00:00-04:00,10696.9736328125,10696.9736328125,10696.912396096526,10696.9736328125,10,0.0,0.0
2014-07-01 00:00:00-04:00,10666.173059870865,10666.173059870865,10641.6435546875,10641.6435546875,0,0.0,0.0
2014-07-02 00:00:00-04:00,10696.9736328125,10696.9736328125,10696.9736328125,10696.9736328125,10,0.0,0.0
2014-07-03 00:00:00-04:00,10696.9736328125,10696.9736328125,10696.9736328125,10696.9736328125,0,0.0,0.0
2014-07-07 00:00:00-04:00,10641.6435546875,10641.6435546875,10641.6435546875,10641.6435546875,0,0.0,0.0
2014-07-08 00:00:00-04:00,10641.6435546875,10641.6435546875,10641.6435546875,10641.6435546875,0,0.0,0.0
2014-07-09 00:00:00-04:00,10758.447265625,10758.447265625,10758.447265625,10758.447265625,0,0.0,0.0
2014-07-10 00:00:00-04:00,10635.49609375,10635.49609375,10635.49609375,10635.49609375,0,0.0,0.0
2014-07-11 00:00:00-04:00,10641.6435546875,10641.6435546875,10641.6435546875,10641.6435546875,0,0.0,0.0
2014-07-14 00:00:00-04:00,10696.970646172815,10752.2998046875,10684.675277613995,10752.2998046875,0,0.0,0.0
2014-07-15 00:00:00-04:00,10703.12131880837,10703.12131880837,10641.644458849678,10696.9736328125,0,0.0,0.0
2014-07-16 00:00:00-04:00,10641.644458849678,10696.9736328125,10641.644458849678,10696.9736328125,0,0.0,0.0
2014-07-17 00:00:00-04:00,10641.643779353324,10641.643779353324,10635.49609375,10635.49609375,10,0.0,0.0
2014-07-18 00:00:00-04:00,10635.49609375,10635.49609375,10635.49609375,10635.49609375,0,0.0,0.0
2014-07-21 00:00:00-04:00,10635.49609375,10635.49609375,10635.49609375,10635.49609375,0,0.0,0.0
2014-07-22 00:00:00-04:00,10635.49609375,10635.49609375,10635.49609375,10635.49609375,0,0.0,0.0
2014-07-23 00:00:00-04:00,10681.6005859375,10681.6005859375,10681.6005859375,10681.6005859375,0,0.0,0.0
2014-07-24 00:00:00-04:00,10681.6005859375,10681.6005859375,10681.6005859375,10681.6005859375,0,0.0,0.0
2014-07-25 00:00:00-04:00,10681.6005859375,10681.6005859375,10681.6005859375,10681.6005859375,0,0.0,0.0
2014-07-28 00:00:00-04:00,10681.6005859375,10681.6005859375,10681.6005859375,10681.6005859375,0,0.0,0.0
2014-07-29 00:00:00-04:00,10696.968924306351,10746.150390625,10696.968924306351,10746.150390625,0,0.0,0.0
2014-07-30 00:00:00-04:00,10696.9736328125,10696.9736328125,10696.9736328125,10696.9736328125,0,0.0,0.0
2014-07-31 00:00:00-04:00,10696.9736328125,10696.9736328125,10696.9736328125,10696.9736328125,0,0.0,0.0
2014-08-01 00:00:00-04:00,10696.972949783236,10696.972949783236,10635.49609375,10635.49609375,10,0.0,0.0
2014-08-04 00:00:00-04:00,10635.49609375,10635.49609375,10635.49609375,10635.49609375,0,0.0,0.0
2014-08-05 00:00:00-04:00,10666.2353515625,10666.2353515625,10666.2353515625,10666.2353515625,0,0.0,0.0
2014-08-06 00:00:00-04:00,10666.2353515625,10666.2353515625,10666.2353515625,10666.2353515625,0,0.0,0.0
2014-08-07 00:00:00-04:00,10696.971517302974,10696.971517302974,10647.7900390625,10647.7900390625,10,0.0,0.0
2014-08-08 00:00:00-04:00,10696.9736328125,10696.9736328125,10696.9736328125,10696.9736328125,10,0.0,0.0
2014-08-11 00:00:00-04:00,10640.904296875,10696.909460785153,10640.904296875,10640.904296875,10,0.0,0.0
2014-08-12 00:00:00-04:00,10640.904296875,10640.904296875,10640.904296875,10640.904296875,0,0.0,0.0
2014-08-13 00:00:00-04:00,10641.6435546875,10641.6435546875,10641.6435546875,10641.6435546875,0,0.0,0.0
2014-08-14 00:00:00-04:00,10703.1201171875,10703.1201171875,10703.1201171875,10703.1201171875,0,0.0,0.0
2014-08-15 00:00:00-04:00,10641.6435546875,10641.6435546875,10641.6435546875,10641.6435546875,0,0.0,0.0
2014-08-18 00:00:00-04:00,10641.6435546875,10641.6435546875,10635.495869213966,10641.6435546875,20,0.0,0.0
2014-08-19 00:00:00-04:00,10635.49609375,10635.49609375,10635.49609375,10635.49609375,0,0.0,0.0
2014-08-20 00:00:00-04:00,10666.231222548242,10672.37890625,10635.492804039457,10672.37890625,10,0.0,0.0
2014-08-21 00:00:00-04:00,10672.37890625,10672.37890625,10672.37890625,10672.37890625,0,0.0,0.0
2014-08-22 00:00:00-04:00,10678.526589951756,10678.526589951756,10672.37890625,10672.37890625,0,0.0,0.0
2014-08-25 00:00:00-04:00,10672.37890625,10672.37890625,10672.37890625,10672.37890625,0,0.0,0.0
2014-08-26 00:00:00-04:00,10672.37890625,10672.37890625,10647.788171442971,10672.37890625,0,0.0,0.0
2014-08-27 00:00:00-04:00,10725.015625,10725.015625,10725.015625,10725.015625,0,125.0,0.0
2014-08-28 00:00:00-04:00,10749.779296875,10749.779296875,10749.779296875,10749.779296875,0,0.0,0.0
2014-08-29 00:00:00-04:00,10725.01628578107,10762.169921875,10725.01628578107,10762.169921875,0,0.0,0.0
2014-09-02 00:00:00-04:00,10731.20963240607,10731.20963240607,10712.6328125,10712.6328125,0,0.0,0.0
2014-09-03 00:00:00-04:00,10712.6328125,10712.6328125,10712.6328125,10712.6328125,0,0.0,0.0
2014-09-04 00:00:00-04:00,10712.6328125,10712.6328125,10712.6328125,10712.6328125,0,0.0,0.0
2014-09-05 00:00:00-04:00,10725.015625,10725.015625,10725.015625,10725.015625,0,0.0,0.0
2014-09-08 00:00:00-04:00,10737.400169601617,10737.400169601617,10725.015625,10725.015625,0,0.0,0.0
2014-09-09 00:00:00-04:00,10725.015625,10725.015625,10725.015625,10725.015625,0,0.0,0.0
2014-09-10 00:00:00-04:00,10712.6328125,10712.6328125,10712.6328125,10712.6328125,0,0.0,0.0
2014-09-11 00:00:00-04:00,10712.6328125,10712.6328125,10712.6328125,10712.6328125,10,0.0,0.0
2014-09-12 00:00:00-04:00,10712.6328125,10712.6328125,10712.6328125,10712.6328125,0,0.0,0.0
2014-09-15 00:00:00-04:00,10712.6328125,10712.6328125,10712.6328125,10712.6328125,70,0.0,0.0
2014-09-16 00:00:00-04:00,10687.861328124998,10687.861328124998,10687.861328124998,10687.861328125,0,0.0,0.0
2014-09-17 00:00:00-04:00,10687.861328124998,10687.861328124998,10687.861328124998,10687.861328125,0,0.0,0.0
2014-09-18 00:00:00-04:00,10687.861328124998,10687.861328124998,10687.861328124998,10687.861328125,0,0.0,0.0
2014-09-19 00:00:00-04:00,10687.861328124998,10687.861328124998,10687.861328124998,10687.861328125,0,0.0,0.0
2014-09-22 00:00:00-04:00,10687.863171422101,10687.863171422101,10681.6708984375,10681.6708984375,10,0.0,0.0
2014-09-23 00:00:00-04:00,10681.6708984375,10681.6708984375,10681.6708984375,10681.6708984375,0,0.0,0.0
2014-09-24 00:00:00-04:00,10669.281889307777,10669.281889307777,10632.128266942223,10650.705078125,20,0.0,0.0
2014-09-25 00:00:00-04:00,10638.32215414786,10638.32215414786,10607.360797471061,10632.1298828125,0,0.0,0.0
2014-09-26 00:00:00-04:00,10601.169366944932,10628.601614907504,10570.2080078125,10570.2080078125,10,0.0,0.0
2014-09-29 00:00:00-04:00,10532.312743875078,10532.312743875078,10514.478515625,10514.478515625,0,0.0,0.0
2014-09-30 00:00:00-04:00,10514.478515625,10514.478515625,10514.478515625,10514.478515625,0,0.0,0.0
2014-10-01 00:00:00-04:00,10514.478515625,10514.478515625,10514.478515625,10514.478515625,0,0.0,0.0
2014-10-02 00:00:00-04:00,10464.9384765625,10464.9384765625,10464.9384765625,10464.9384765625,0,0.0,0.0
2014-10-03 00:00:00-04:00,10576.402270492565,10576.402270492565,10383.69921875,10383.69921875,0,0.0,0.0
2014-10-06 00:00:00-04:00,10383.69921875,10383.69921875,10383.69921875,10383.69921875,0,0.0,0.0
2014-10-07 00:00:00-04:00,10372.056468290442,10588.786006433824,10372.056468290442,10526.86328125,0,0.0,0.0
2014-10-08 00:00:00-04:00,10526.861049107143,10526.861049107143,10403.015625,10403.015625,0,0.0,0.0
2014-10-09 00:00:00-04:00,10403.015625,10403.015625,10403.015625,10403.015625,0,0.0,0.0
2014-10-10 00:00:00-04:00,10359.6708984375,10359.6708984375,10359.6708984375,10359.6708984375,0,0.0,0.0
2014-10-13 00:00:00-04:00,10526.863281250002,10588.786006433824,10526.863281250002,10526.86328125,10,0.0,0.0
2014-10-14 00:00:00-04:00,10359.671923253678,10526.863281250002,10359.671923253678,10526.86328125,0,0.0,0.0
2014-10-15 00:00:00-04:00,10526.863281250002,10526.863281250002,10526.863281250002,10526.86328125,0,0.0,0.0
2014-10-16 00:00:00-04:00,10359.671923253678,10526.863281250002,10310.133743106619,10526.86328125,0,0.0,0.0
2014-10-17 00:00:00-04:00,10347.288524370335,10526.864447294776,10322.519431553172,10372.0576171875,0,0.0,0.0
2014-10-20 00:00:00-04:00,10526.863281250002,10669.285549172795,10328.710560661766,10526.86328125,0,0.0,0.0
2014-10-21 00:00:00-04:00,10526.863281250002,10526.863281250002,10526.863281250002,10526.86328125,0,0.0,0.0
2014-10-22 00:00:00-04:00,10526.863281250002,10526.863281250002,10526.863281250002,10526.86328125,0,0.0,0.0
2014-10-23 00:00:00-04:00,10372.0576171875,10372.0576171875,10372.0576171875,10372.0576171875,0,0.0,0.0
2014-10-24 00:00:00-04:00,10526.863281250002,10526.863281250002,10526.863281250002,10526.86328125,0,0.0,0.0
2014-10-27 00:00:00-04:00,10526.861049107143,10526.861049107143,10403.015625,10403.015625,0,0.0,0.0
2014-10-28 00:00:00-04:00,10403.015625,10403.015625,10403.015625,10403.015625,0,0.0,0.0
2014-10-29 00:00:00-04:00,10403.015625,10403.015625,10403.015625,10403.015625,0,0.0,0.0
2014-10-30 00:00:00-04:00,10403.020177607912,10403.020177607912,10328.712890625,10328.712890625,0,0.0,0.0
2014-10-31 00:00:00-04:00,10372.056623378654,10526.8017578125,10372.056623378654,10526.8017578125,0,0.0,0.0
2014-11-03 00:00:00-05:00,10372.0576171875,10372.0576171875,10372.0576171875,10372.0576171875,0,0.0,0.0
2014-11-04 00:00:00-05:00,10433.9794921875,10433.9794921875,10433.9794921875,10433.9794921875,0,0.0,0.0
2014-11-05 00:00:00-05:00,10433.978071785767,10433.978071785767,10409.208984375,10409.208984375,0,0.0,0.0
2014-11-06 00:00:00-05:00,10409.208984375,10409.208984375,10409.208984375,10409.208984375,0,0.0,0.0
2014-11-07 00:00:00-05:00,10409.208984375,10409.208984375,10409.208984375,10409.208984375,0,0.0,0.0
2014-11-10 00:00:00-05:00,10372.057067505613,10372.057067505613,10341.095703125,10341.095703125,0,0.0,0.0
2014-11-11 00:00:00-05:00,10372.0576171875,10372.0576171875,10372.0576171875,10372.0576171875,0,0.0,0.0
2014-11-12 00:00:00-05:00,10372.0576171875,10372.0576171875,10372.0576171875,10372.0576171875,0,0.0,0.0
2014-11-13 00:00:00-05:00,10372.0576171875,10372.0576171875,10372.0576171875,10372.0576171875,0,0.0,0.0
2014-11-14 00:00:00-05:00,10328.712890625,10328.712890625,10328.712890625,10328.712890625,0,0.0,0.0
2014-11-17 00:00:00-05:00,10328.712890625,10328.712890625,10328.712890625,10328.712890625,0,0.0,0.0
2014-11-18 00:00:00-05:00,10297.750219359985,10310.134765625,10266.788853697448,10310.134765625,0,0.0,0.0
2014-11-19 00:00:00-05:00,10310.134765625,10310.134765625,10310.134765625,10310.134765625,0,0.0,0.0
2014-11-20 00:00:00-05:00,10310.13020644077,10650.705078125,10310.13020644077,10650.705078125,0,0.0,0.0
2014-11-21 00:00:00-05:00,10650.705078125,10650.705078125,10650.705078125,10650.705078125,0,0.0,0.0
2014-11-24 00:00:00-05:00,10650.705078125,10650.705078125,10650.705078125,10650.705078125,0,0.0,0.0
2014-11-25 00:00:00-05:00,10650.705078125,10650.705078125,10650.705078125,10650.705078125,0,0.0,0.0
2014-11-26 00:00:00-05:00,10360.658203125,10360.658203125,10360.658203125,10360.658203125,0,125.0,0.0
2014-11-28 00:00:00-05:00,10447.9873046875,10447.9873046875,10447.9873046875,10447.9873046875,0,0.0,0.0
2014-12-01 00:00:00-05:00,10447.9873046875,10447.9873046875,10447.9873046875,10447.9873046875,10,0.0,0.0
2014-12-02 00:00:00-05:00,10391.847955377254,10391.847955377254,10385.6103515625,10385.6103515625,10,0.0,0.0
2014-12-03 00:00:00-05:00,10354.418734036959,10379.369140625,10292.042717566856,10379.369140625,10,0.0,0.0
2014-12-04 00:00:00-05:00,10354.4228515625,10354.4228515625,10354.4228515625,10354.4228515625,10,0.0,0.0
2014-12-05 00:00:00-05:00,10354.422341526144,10354.422341526144,10011.354131415337,10079.9677734375,10,0.0,0.0
2014-12-08 00:00:00-05:00,10104.916015625,10104.916015625,10104.916015625,10104.916015625,10,0.0,0.0
2014-12-09 00:00:00-05:00,10104.916015625,10104.916015625,10104.916015625,10104.916015625,10,0.0,0.0
2014-12-10 00:00:00-05:00,10104.916015625,10104.916015625,10104.916015625,10104.916015625,0,0.0,0.0
2014-12-11 00:00:00-05:00,10104.916015625,10104.916015625,10104.916015625,10104.916015625,10,0.0,0.0
2014-12-12 00:00:00-05:00,10104.916015625,10111.15361810378,10011.351978443286,10104.916015625,10,0.0,0.0
2014-12-15 00:00:00-05:00,10104.916015625,10104.916015625,10104.916015625,10104.916015625,0,0.0,0.0
2014-12-16 00:00:00-05:00,9986.401568528163,10104.916015625,9986.401568528163,10104.916015625,10,0.0,0.0
2014-12-17 00:00:00-05:00,9986.401568528163,10167.292040412807,9986.401568528163,10104.916015625,10,0.0,0.0
2014-12-18 00:00:00-05:00,10136.103979941527,10167.2919921875,10104.915967695553,10167.2919921875,10,0.0,0.0
2014-12-19 00:00:00-05:00,10198.481093507375,10292.0451402368,10042.541015625,10042.541015625,10,0.0,0.0
2014-12-22 00:00:00-05:00,10167.2919921875,10167.2919921875,10167.2919921875,10167.2919921875,10,0.0,0.0
2014-12-23 00:00:00-05:00,10073.7281501818,10073.7281501818,9861.649662809552,9917.7880859375,10,0.0,0.0
2014-12-24 00:00:00-05:00,9917.7880859375,9917.7880859375,9917.7880859375,9917.7880859375,0,0.0,0.0
2014-12-26 00:00:00-05:00,9948.976049804687,9980.1640625,9948.976049804687,9980.1640625,10,0.0,0.0
2014-12-29 00:00:00-05:00,9980.16411163522,9980.16411163522,9917.7880859375,9917.7880859375,10,0.0,0.0
2014-12-30 00:00:00-05:00,9917.7880859375,9917.7880859375,9917.7880859375,9917.7880859375,10,0.0,0.0
2014-12-31 00:00:00-05:00,9967.689506011886,9967.689506011886,9905.3134765625,9905.3134765625,0,0.0,0.0
2015-01-02 00:00:00-05:00,9905.3134765625,9905.3134765625,9905.3134765625,9905.3134765625,10,0.0,0.0
2015-01-05 00:00:00-05:00,9905.313747088509,10042.541015625,9905.313747088509,10042.541015625,10,0.0,0.0
2015-01-06 00:00:00-05:00,9905.3134765625,9905.3134765625,9905.3134765625,9905.3134765625,10,0.0,0.0
2015-01-07 00:00:00-05:00,9905.3134765625,9905.3134765625,9905.3134765625,9905.3134765625,0,0.0,0.0
2015-01-08 00:00:00-05:00,9980.1640625,9980.1640625,9980.1640625,9980.1640625,10,0.0,0.0
2015-01-09 00:00:00-05:00,9980.1640625,9980.1640625,9980.1640625,9980.1640625,0,0.0,0.0
2015-01-12 00:00:00-05:00,9917.7880859375,9917.7880859375,9917.7880859375,9917.7880859375,10,0.0,0.0
2015-01-13 00:00:00-05:00,9917.7880859375,9917.7880859375,9917.7880859375,9917.7880859375,10,0.0,0.0
2015-01-14 00:00:00-05:00,9980.1640625,9980.1640625,9980.1640625,9980.1640625,10,0.0,0.0
2015-01-15 00:00:00-05:00,9917.788037109374,9980.1640625,9917.788037109374,9980.1640625,10,0.0,0.0
2015-01-16 00:00:00-05:00,9980.1640625,9980.1640625,9980.1640625,9980.1640625,0,0.0,0.0
2015-01-20 00:00:00-05:00,9917.7880859375,9917.7880859375,9855.41206023978,9917.7880859375,10,0.0,0.0
2015-01-21 00:00:00-05:00,9980.1640625,9980.1640625,9917.788037109374,9980.1640625,10,0.0,0.0
2015-01-22 00:00:00-05:00,9917.789118126977,9917.789118126977,9855.4130859375,9855.4130859375,10,0.0,0.0
2015-01-23 00:00:00-05:00,9917.789118126977,9917.789118126977,9855.4130859375,9855.4130859375,10,0.0,0.0
2015-01-26 00:00:00-05:00,9886.600024414063,9980.1640625,9886.600024414063,9980.1640625,10,0.0,0.0
2015-01-27 00:00:00-05:00,9855.41169129393,9855.41169129393,9761.84765625,9761.84765625,10,0.0,0.0
2015-01-28 00:00:00-05:00,9793.035200070111,9793.035200070111,9730.6591796875,9730.6591796875,10,0.0,0.0
2015-01-29 00:00:00-05:00,9730.661021558544,9855.4130859375,9618.384163617484,9855.4130859375,10,0.0,0.0
2015-01-30 00:00:00-05:00,9668.284989369067,9855.4130859375,9637.096973274327,9855.4130859375,10,0.0,0.0
2015-02-02 00:00:00-05:00,9637.09597029776,9948.976098786361,9637.09597029776,9917.7880859375,10,0.0,0.0
2015-02-03 00:00:00-05:00,9917.7880859375,9917.7880859375,9917.7880859375,9917.7880859375,10,0.0,0.0
2015-02-04 00:00:00-05:00,9880.365525477706,9880.365525477706,9793.0390625,9793.0390625,10,0.0,0.0
2015-02-05 00:00:00-05:00,9793.0390625,9793.0390625,9793.0390625,9793.0390625,0,0.0,0.0
2015-02-06 00:00:00-05:00,9793.036623553604,9905.3134765625,9793.036623553604,9905.3134765625,10,0.0,0.0
2015-02-09 00:00:00-05:00,9905.312880797956,9917.7880859375,9905.312880797956,9917.7880859375,10,0.0,0.0
2015-02-10 00:00:00-05:00,9917.790495199843,9948.978515625,9917.790495199843,9948.978515625,50,0.0,0.0
2015-02-11 00:00:00-05:00,9948.978515625,9948.978515625,9948.978515625,9948.978515625,0,0.0,0.0
2015-02-12 00:00:00-05:00,9948.978515625,9948.978515625,9948.978515625,9948.978515625,0,0.0,0.0
2015-02-13 00:00:00-05:00,9948.977205921363,9948.977205921363,9885.8525390625,9885.8525390625,10,0.0,0.0
2015-02-17 00:00:00-05:00,9886.6025390625,9886.6025390625,9886.6025390625,9886.6025390625,10,0.0,0.0
2015-02-18 00:00:00-05:00,9948.91644793357,9948.91644793357,9886.6025390625,9886.6025390625,10,0.0,0.0
2015-02-19 00:00:00-05:00,9892.837675658413,9948.976098786361,9892.837675658413,9917.7880859375,10,0.0,0.0
2015-02-20 00:00:00-05:00,9917.788653273808,9917.788653273808,9824.224609375,9824.224609375,10,0.0,0.0
2015-02-23 00:00:00-05:00,9948.978515625,9948.978515625,9948.978515625,9948.978515625,10,0.0,0.0
2015-02-24 00:00:00-05:00,9855.412624007937,9855.412624007937,9824.224609375,9824.224609375,10,0.0,0.0
2015-02-25 00:00:00-05:00,9902.8212890625,9902.8212890625,9902.8212890625,9902.8212890625,0,125.0,0.0
2015-02-26 00:00:00-05:00,9902.82235952524,9902.82235952524,9808.509765625,9808.509765625,10,0.0,0.0
2015-02-27 00:00:00-05:00,10028.56640625,10028.56640625,10028.56640625,10028.56640625,10,0.0,0.0
2015-03-02 00:00:00-05:00,9808.507762738853,9871.3828125,9808.507762738853,9871.3828125,10,0.0,0.0
2015-03-03 00:00:00-05:00,9871.3828125,9871.3828125,9871.3828125,9871.3828125,10,0.0,0.0
2015-03-04 00:00:00-05:00,9871.38260517442,9871.38260517442,9871.130859375,9871.130859375,10,0.0,0.0
2015-03-05 00:00:00-05:00,9808.507038985148,9808.507038985148,9525.5693359375,9525.5693359375,10,0.0,0.0
2015-03-06 00:00:00-05:00,9839.9453125,9839.9453125,9839.9453125,9839.9453125,10,0.0,0.0
2015-03-09 00:00:00-04:00,9839.9453125,9839.9453125,9839.9453125,9839.9453125,10,0.0,0.0
2015-03-10 00:00:00-04:00,9839.9453125,9839.9453125,9839.9453125,9839.9453125,10,0.0,0.0
2015-03-11 00:00:00-04:00,9858.806474215247,9858.806474215247,9814.7939453125,9814.7939453125,10,0.0,0.0
2015-03-12 00:00:00-04:00,9808.509765625,9808.509765625,9808.509765625,9808.509765625,10,0.0,0.0
2015-03-13 00:00:00-04:00,9871.3828125,9871.3828125,9871.3828125,9871.3828125,10,0.0,0.0
2015-03-16 00:00:00-04:00,9802.2177734375,9808.505276820077,9802.2177734375,9802.2177734375,10,0.0,0.0
2015-03-17 00:00:00-04:00,9795.93277755591,9871.382837460063,9795.93277755591,9839.9453125,10,0.0,0.0
2015-03-18 00:00:00-04:00,9902.820438508064,9902.820438508064,9745.6328125,9745.6328125,10,0.0,0.0
2015-03-19 00:00:00-04:00,9745.6328125,9745.6328125,9745.6328125,9745.6328125,10,0.0,0.0
2015-03-20 00:00:00-04:00,9745.6328125,9745.6328125,9745.6328125,9745.6328125,0,0.0,0.0
2015-03-23 00:00:00-04:00,9745.6328125,9745.6328125,9745.6328125,9745.6328125,0,0.0,0.0
2015-03-24 00:00:00-04:00,9745.6328125,9745.6328125,9745.6328125,9745.6328125,0,0.0,0.0
2015-03-25 00:00:00-04:00,9777.068709072033,9841.515625,9777.068709072033,9841.515625,10,0.0,0.0
2015-03-26 00:00:00-04:00,9965.6943359375,9965.6943359375,9965.6943359375,9965.6943359375,10,0.0,0.0
2015-03-27 00:00:00-04:00,9965.6943359375,9965.6943359375,9965.6943359375,9965.6943359375,0,0.0,0.0
2015-03-30 00:00:00-04:00,9965.6943359375,9965.6943359375,9965.6943359375,9965.6943359375,0,0.0,0.0
2015-03-31 00:00:00-04:00,9846.233738839286,9902.8212890625,9777.071177455358,9902.8212890625,10,0.0,0.0
2015-04-01 00:00:00-04:00,9808.507862903225,9902.820438508064,9745.6328125,9745.6328125,10,0.0,0.0
2015-04-02 00:00:00-04:00,9745.6328125,9745.6328125,9745.6328125,9745.6328125,0,0.0,0.0
2015-04-06 00:00:00-04:00,9745.6328125,9745.6328125,9745.6328125,9745.6328125,0,0.0,0.0
2015-04-07 00:00:00-04:00,9745.6328125,9745.6328125,9745.6328125,9745.6328125,0,0.0,0.0
2015-04-08 00:00:00-04:00,9745.6328125,9745.6328125,9745.6328125,9745.6328125,0,0.0,0.0
2015-04-09 00:00:00-04:00,9745.6328125,9745.6328125,9745.6328125,9745.6328125,0,0.0,0.0
2015-04-10 00:00:00-04:00,9777.068359375,9777.068359375,9777.068359375,9777.068359375,10,0.0,0.0
2015-04-13 00:00:00-04:00,9751.92024261182,9965.695412340256,9751.92024261182,9839.9453125,10,0.0,0.0
2015-04-14 00:00:00-04:00,9959.406831624607,9965.6943359375,9959.406831624607,9965.6943359375,10,0.0,0.0
2015-04-15 00:00:00-04:00,9965.6943359375,9965.6943359375,9965.6943359375,9965.6943359375,10,0.0,0.0
2015-04-16 00:00:00-04:00,9902.82235952524,9902.82235952524,9777.07223432492,9808.509765625,10,0.0,0.0
2015-04-17 00:00:00-04:00,9758.208403852354,9758.208403852354,9751.9208984375,9751.9208984375,10,0.0,0.0
2015-04-20 00:00:00-04:00,9808.445817722712,9808.50844717118,9751.9208984375,9751.9208984375,10,0.0,0.0
2015-04-21 00:00:00-04:00,9746.26148811901,9839.9453125,9746.26148811901,9839.9453125,10,0.0,0.0
2015-04-22 00:00:00-04:00,9871.38482822516,9871.38482822516,9808.509765625,9808.509765625,10,0.0,0.0
2015-04-23 00:00:00-04:00,9871.3828125,9871.3828125,9871.3828125,9871.3828125,10,0.0,0.0
2015-04-24 00:00:00-04:00,9871.38482822516,9902.82235952524,9746.263453650841,9808.509765625,10,0.0,0.0
2015-04-27 00:00:00-04:00,9746.2587890625,9746.2587890625,9746.2587890625,9746.2587890625,10,0.0,0.0
2015-04-28 00:00:00-04:00,9746.2587890625,9746.2587890625,9746.2587890625,9746.2587890625,0,0.0,0.0
2015-04-29 00:00:00-04:00,9746.2587890625,9746.2587890625,9746.2587890625,9746.2587890625,0,0.0,0.0
2015-04-30 00:00:00-04:00,9746.2587890625,9746.2587890625,9746.2587890625,9746.2587890625,0,0.0,0.0
2015-05-01 00:00:00-04:00,9965.6943359375,9965.6943359375,9965.63170650001,9965.6943359375,10,0.0,0.0
2015-05-04 00:00:00-04:00,9965.6943359375,9965.6943359375,9965.6943359375,9965.6943359375,0,0.0,0.0
2015-05-05 00:00:00-04:00,9965.6943359375,9965.6943359375,9965.6943359375,9965.6943359375,0,0.0,0.0
2015-05-06 00:00:00-04:00,9965.6943359375,9965.6943359375,9965.6943359375,9965.6943359375,0,0.0,0.0
2015-05-07 00:00:00-04:00,9827.37096341574,9827.37096341574,9751.9208984375,9751.9208984375,10,0.0,0.0
2015-05-08 00:00:00-04:00,9865.094098931973,9865.094098931973,9752.2333984375,9752.2333984375,10,0.0,0.0
2015-05-11 00:00:00-04:00,9752.2333984375,9752.2333984375,9752.2333984375,9752.2333984375,0,0.0,0.0
2015-05-12 00:00:00-04:00,9865.0927734375,9865.0927734375,9865.0927734375,9865.0927734375,10,0.0,0.0
2015-05-13 00:00:00-04:00,9777.068359375,9808.505878215434,9777.068359375,9777.068359375,10,0.0,0.0
2015-05-14 00:00:00-04:00,9864.779723721684,9864.779723721684,9752.2333984375,9752.2333984375,10,0.0,0.0
2015-05-15 00:00:00-04:00,9752.2333984375,9752.2333984375,9752.2333984375,9752.2333984375,0,0.0,0.0
2015-05-18 00:00:00-04:00,9752.2333984375,9752.2333984375,9752.2333984375,9752.2333984375,0,0.0,0.0
2015-05-19 00:00:00-04:00,9821.080885751608,9821.080885751608,9777.068359375,9777.068359375,10,0.0,0.0
2015-05-20 00:00:00-04:00,9777.068359375,9777.068359375,9777.068359375,9777.068359375,0,0.0,0.0
2015-05-21 00:00:00-04:00,9777.068359375,9777.068359375,9777.068359375,9777.068359375,0,0.0,0.0
2015-05-22 00:00:00-04:00,9777.068359375,9777.068359375,9777.068359375,9777.068359375,0,0.0,0.0
2015-05-26 00:00:00-04:00,9824.226550019966,9839.9453125,9824.226550019966,9839.9453125,10,0.0,0.0
2015-05-27 00:00:00-04:00,9839.9453125,9839.9453125,9839.9453125,9839.9453125,0,0.0,0.0
2015-05-28 00:00:00-04:00,9919.171875,9919.171875,9919.171875,9919.171875,0,125.0,0.0
2015-05-29 00:00:00-04:00,9830.752917962158,9944.205403202172,9765.787109375,9765.787109375,10,0.0,0.0
2015-06-01 00:00:00-04:00,9766.994822765986,9887.482421875,9766.994822765986,9887.482421875,10,0.0,0.0
2015-06-02 00:00:00-04:00,9824.099609375,9824.099609375,9824.099609375,9824.099609375,10,0.0,0.0
2015-06-03 00:00:00-04:00,9824.099609375,9824.099609375,9824.099609375,9824.099609375,10,0.0,0.0
2015-06-04 00:00:00-04:00,9824.097449005225,9855.7880859375,9824.097449005225,9855.7880859375,10,0.0,0.0
2015-06-05 00:00:00-04:00,9855.791124131945,9982.5537109375,9855.791124131945,9982.5537109375,10,0.0,0.0
2015-06-08 00:00:00-04:00,9982.5537109375,9982.5537109375,9982.5537109375,9982.5537109375,0,0.0,0.0
2015-06-09 00:00:00-04:00,9919.171875,9919.171875,9919.171875,9919.171875,10,0.0,0.0
2015-06-10 00:00:00-04:00,9950.862519968052,9950.862519968052,9919.171875,9919.171875,10,0.0,0.0
2015-06-11 00:00:00-04:00,9919.172417534723,9982.5537109375,9919.172417534723,9982.5537109375,10,0.0,0.0
2015-06-12 00:00:00-04:00,9982.550574194027,10014.2412109375,9982.550574194027,10014.2412109375,10,0.0,0.0
2015-06-15 00:00:00-04:00,10014.2412109375,10014.2412109375,10014.2412109375,10014.2412109375,10,0.0,0.0
2015-06-16 00:00:00-04:00,10014.2412109375,10014.2412109375,10014.2412109375,10014.2412109375,10,0.0,0.0
2015-06-17 00:00:00-04:00,10014.2412109375,10014.2412109375,10014.2412109375,10014.2412109375,10,0.0,0.0
2015-06-18 00:00:00-04:00,10014.2412109375,10014.2412109375,10014.2412109375,10014.2412109375,0,0.0,0.0
2015-06-19 00:00:00-04:00,10014.2412109375,10014.2412109375,10014.2412109375,10014.2412109375,0,0.0,0.0
2015-06-22 00:00:00-04:00,10014.2412109375,10014.2412109375,10014.2412109375,10014.2412109375,0,0.0,0.0
2015-06-23 00:00:00-04:00,10014.2412109375,10014.2412109375,10014.2412109375,10014.2412109375,0,0.0,0.0
2015-06-24 00:00:00-04:00,10014.244681112421,10077.6259765625,10014.244681112421,10077.6259765625,10,0.0,0.0
2015-06-25 00:00:00-04:00,10077.6259765625,10077.6259765625,10077.6259765625,10077.6259765625,10,0.0,0.0
2015-06-26 00:00:00-04:00,10014.2412109375,10014.2412109375,10014.2412109375,10014.2412109375,10,0.0,0.0
2015-06-29 00:00:00-04:00,10014.2412109375,10014.2412109375,10014.2412109375,10014.2412109375,0,0.0,0.0
2015-06-30 00:00:00-04:00,10014.244681112421,10077.6259765625,10014.244681112421,10077.6259765625,10,0.0,0.0
2015-07-01 00:00:00-04:00,10077.6259765625,10077.6259765625,10077.6259765625,10077.6259765625,0,0.0,0.0
2015-07-02 00:00:00-04:00,10077.6259765625,10077.6259765625,10077.6259765625,10077.6259765625,10,0.0,0.0
2015-07-06 00:00:00-04:00,10014.241781069364,10014.241781069364,9868.46484375,9868.46484375,10,0.0,0.0
2015-07-07 00:00:00-04:00,9868.46484375,9868.46484375,9868.46484375,9868.46484375,0,0.0,0.0
2015-07-08 00:00:00-04:00,9919.171875,9919.171875,9919.171875,9919.171875,10,0.0,0.0
2015-07-09 00:00:00-04:00,9855.79025327621,9855.79025327621,9824.099609375,9824.099609375,10,0.0,0.0
2015-07-10 00:00:00-04:00,9824.099609375,9824.099609375,9824.099609375,9824.099609375,10,0.0,0.0
2015-07-13 00:00:00-04:00,9830.437024609626,9843.11328125,9824.09889628944,9843.11328125,10,0.0,0.0
2015-07-14 00:00:00-04:00,9855.79177308694,9887.482421875,9855.79177308694,9887.482421875,10,0.0,0.0
2015-07-15 00:00:00-04:00,9919.17307066306,9982.554368239184,9887.482421875,9887.482421875,10,0.0,0.0
2015-07-16 00:00:00-04:00,9887.482421875,9887.482421875,9887.482421875,9887.482421875,0,0.0,0.0
2015-07-17 00:00:00-04:00,9887.482421875,9887.482421875,9887.482421875,9887.482421875,0,0.0,0.0
2015-07-20 00:00:00-04:00,9824.096853960496,9824.096853960496,9767.0537109375,9767.0537109375,10,0.0,0.0
2015-07-21 00:00:00-04:00,9767.0537109375,9767.0537109375,9767.0537109375,9767.0537109375,0,0.0,0.0
2015-07-22 00:00:00-04:00,9767.0537109375,9767.0537109375,9767.0537109375,9767.0537109375,0,0.0,0.0
2015-07-23 00:00:00-04:00,9713.179866642145,9760.7158203125,9713.179866642145,9760.7158203125,10,0.0,0.0
2015-07-24 00:00:00-04:00,9760.7158203125,9760.7158203125,9760.7158203125,9760.7158203125,0,0.0,0.0
2015-07-27 00:00:00-04:00,9760.718417008196,9760.718417008196,9665.646484375,9665.646484375,10,0.0,0.0
2015-07-28 00:00:00-04:00,9665.646961435079,9665.646961435079,9652.970703125,9652.970703125,10,0.0,0.0
2015-07-29 00:00:00-04:00,9640.293676212339,9640.293676212339,9361.416015625,9361.416015625,10,0.0,0.0
2015-07-30 00:00:00-04:00,9380.430640243902,9412.12128429878,9355.078125,9355.078125,10,0.0,0.0
2015-07-31 00:00:00-04:00,9380.430027173912,9475.501953125,9380.430027173912,9475.501953125,10,0.0,0.0
2015-08-03 00:00:00-04:00,9380.430640243902,9380.430640243902,9355.078125,9355.078125,10,0.0,0.0
2015-08-04 00:00:00-04:00,9412.12109375,9412.12109375,9412.12109375,9412.12109375,10,0.0,0.0
2015-08-05 00:00:00-04:00,9412.12109375,9412.12109375,9355.077935606061,9412.12109375,10,0.0,0.0
2015-08-06 00:00:00-04:00,9412.12109375,9412.12109375,9412.12109375,9412.12109375,10,0.0,0.0
2015-08-07 00:00:00-04:00,9412.12109375,9412.12109375,9380.4304503367,9412.12109375,10,0.0,0.0
2015-08-10 00:00:00-04:00,9412.12109375,9412.12109375,9412.12109375,9412.12109375,0,0.0,0.0
2015-08-11 00:00:00-04:00,9526.207664955366,9526.207664955366,9526.14453125,9526.14453125,10,0.0,0.0
2015-08-12 00:00:00-04:00,9443.811260087425,9443.811260087425,9424.796875,9424.796875,10,0.0,0.0
2015-08-13 00:00:00-04:00,9424.796875,9424.796875,9424.796875,9424.796875,0,0.0,0.0
2015-08-14 00:00:00-04:00,9519.866275610513,9570.5712890625,9519.866275610513,9570.5712890625,10,0.0,0.0
2015-08-17 00:00:00-04:00,9570.5712890625,9570.5712890625,9570.5712890625,9570.5712890625,0,0.0,0.0
2015-08-18 00:00:00-04:00,9602.2646484375,9602.2646484375,9602.2646484375,9602.2646484375,10,0.0,0.0
2015-08-19 00:00:00-04:00,9519.866275610513,9570.5712890625,9519.866275610513,9570.5712890625,10,0.0,0.0
2015-08-20 00:00:00-04:00,9570.5712890625,9570.5712890625,9570.5712890625,9570.5712890625,0,0.0,0.0
2015-08-21 00:00:00-04:00,9519.868613176805,9519.868613176805,9481.83984375,9481.83984375,10,0.0,0.0
2015-08-24 00:00:00-04:00,9481.83984375,9481.83984375,9481.83984375,9481.83984375,0,0.0,0.0
2015-08-25 00:00:00-04:00,9475.500443367075,9646.6298828125,9475.500443367075,9646.6298828125,10,0.0,0.0
2015-08-26 00:00:00-04:00,9646.6298828125,9646.6298828125,9646.6298828125,9646.6298828125,0,0.0,0.0
2015-08-27 00:00:00-04:00,9646.6298828125,9646.6298828125,9646.6298828125,9646.6298828125,0,0.0,0.0
2015-08-28 00:00:00-04:00,9553.90290203004,9553.966558527543,9426.154296875,9426.154296875,10,125.0,0.0
2015-08-31 00:00:00-04:00,9426.154296875,9426.154296875,9426.154296875,9426.154296875,0,0.0,0.0
2015-09-01 00:00:00-04:00,9458.107421875,9458.107421875,9458.107421875,9458.107421875,10,0.0,0.0
2015-09-02 00:00:00-04:00,9426.154296875,9490.060427701272,9266.388969809323,9426.154296875,60,0.0,0.0
2015-09-03 00:00:00-04:00,9426.154296875,9426.154296875,9426.154296875,9426.154296875,0,0.0,0.0
2015-09-04 00:00:00-04:00,9426.154296875,9426.154296875,9426.154296875,9426.154296875,0,0.0,0.0
2015-09-08 00:00:00-04:00,9490.060605861996,9522.013671875,9490.060605861996,9522.013671875,10,0.0,0.0
2015-09-09 00:00:00-04:00,9426.15458984375,9585.919921875,9426.15458984375,9585.919921875,10,0.0,0.0
2015-09-10 00:00:00-04:00,9426.154296875,9426.154296875,9426.154296875,9426.154296875,10,0.0,0.0
2015-09-11 00:00:00-04:00,9426.154296875,9426.154296875,9426.154296875,9426.154296875,10,0.0,0.0
2015-09-14 00:00:00-04:00,9579.52727838437,9585.917890311246,9547.57421875,9547.57421875,10,0.0,0.0
2015-09-15 00:00:00-04:00,9426.154213055603,9522.01340844261,9381.419921875,9381.419921875,10,0.0,0.0
2015-09-16 00:00:00-04:00,9381.419921875,9381.419921875,9381.419921875,9381.419921875,0,0.0,0.0
2015-09-17 00:00:00-04:00,9381.419921875,9381.419921875,9381.419921875,9381.419921875,0,0.0,0.0
2015-09-18 00:00:00-04:00,9458.107362288136,9458.107362288136,9317.51387447034,9426.154296875,10,0.0,0.0
2015-09-21 00:00:00-04:00,9426.154296875,9426.154296875,9426.154296875,9426.154296875,0,0.0,0.0
2015-09-22 00:00:00-04:00,9317.513574892242,9317.513574892242,9266.388671875,9266.388671875,10,0.0,0.0
2015-09-23 00:00:00-04:00,9240.827021178136,9266.389474902004,9170.5302734375,9170.5302734375,10,0.0,0.0
2015-09-24 00:00:00-04:00,9458.107421875,9458.107421875,9458.107421875,9458.107421875,10,0.0,0.0
2015-09-25 00:00:00-04:00,9458.107937282986,9458.107937282986,9202.4833984375,9202.4833984375,10,0.0,0.0
2015-09-28 00:00:00-04:00,9202.4833984375,9202.4833984375,9202.4833984375,9202.4833984375,10,0.0,0.0
2015-09-29 00:00:00-04:00,9202.4860363274,9202.4860363274,9138.579883297349,9138.8994140625,10,0.0,0.0
2015-09-30 00:00:00-04:00,9138.8994140625,9138.8994140625,9138.8994140625,9138.8994140625,0,0.0,0.0
2015-10-01 00:00:00-04:00,9144.9697265625,9144.9697265625,9144.9697265625,9144.9697265625,10,0.0,0.0
2015-10-02 00:00:00-04:00,9234.43833325144,9234.43833325144,9144.9697265625,9144.9697265625,10,0.0,0.0
2015-10-05 00:00:00-04:00,9144.9697265625,9144.9697265625,9144.9697265625,9144.9697265625,0,0.0,0.0
2015-10-06 00:00:00-04:00,9144.967321239408,9426.154296875,9144.967321239408,9426.154296875,10,0.0,0.0
2015-10-07 00:00:00-04:00,9426.154296875,9426.154296875,9426.154296875,9426.154296875,0,0.0,0.0
2015-10-08 00:00:00-04:00,9266.388671875,9266.452328370457,9266.388671875,9266.388671875,10,0.0,0.0
2015-10-09 00:00:00-04:00,9349.466639278018,9349.466639278018,9266.388671875,9266.388671875,10,0.0,0.0
2015-10-12 00:00:00-04:00,9362.249805632344,9362.249805632344,9247.21875,9247.21875,10,0.0,0.0
2015-10-13 00:00:00-04:00,9247.217977415743,9362.2490234375,9234.43675007999,9362.2490234375,10,0.0,0.0
2015-10-14 00:00:00-04:00,9362.2490234375,9362.2490234375,9362.2490234375,9362.2490234375,0,0.0,0.0
2015-10-15 00:00:00-04:00,9362.2490234375,9362.2490234375,9362.2490234375,9362.2490234375,0,0.0,0.0
2015-10-16 00:00:00-04:00,9266.38763110943,9266.38763110943,9234.4345703125,9234.4345703125,10,0.0,0.0
2015-10-19 00:00:00-04:00,9244.021484375,9244.021484375,9244.021484375,9244.021484375,10,0.0,0.0
2015-10-20 00:00:00-04:00,9244.021484375,9244.021484375,9244.021484375,9244.021484375,10,0.0,0.0
2015-10-21 00:00:00-04:00,9244.021484375,9244.021484375,9244.021484375,9244.021484375,10,0.0,0.0
2015-10-22 00:00:00-04:00,9244.021484375,9244.021484375,9244.021484375,9244.021484375,10,0.0,0.0
2015-10-23 00:00:00-04:00,9244.022614445097,9362.248966582833,9244.022614445097,9330.2958984375,10,0.0,0.0
2015-10-26 00:00:00-04:00,9330.296907040329,9349.46875,9330.296907040329,9349.46875,10,0.0,0.0
2015-10-27 00:00:00-04:00,9349.46875,9349.46875,9349.46875,9349.46875,0,0.0,0.0
2015-10-28 00:00:00-04:00,9244.021526804958,9266.388671875,9244.021526804958,9266.388671875,10,0.0,0.0
2015-10-29 00:00:00-04:00,9343.07811430527,9343.07811430527,9336.6875,9336.6875,20,0.0,0.0
2015-10-30 00:00:00-04:00,9272.780375775897,9343.077125695632,9272.780375775897,9330.2958984375,10,0.0,0.0
2015-11-02 00:00:00-05:00,9343.077125695632,9362.248966582833,9330.2958984375,9330.2958984375,30,0.0,0.0
2015-11-03 00:00:00-05:00,9349.46779610175,9362.2490234375,9349.46779610175,9362.2490234375,10,0.0,0.0
2015-11-04 00:00:00-05:00,9362.2490234375,9362.2490234375,9362.2490234375,9362.2490234375,0,0.0,0.0
2015-11-05 00:00:00-05:00,9362.24816604873,9426.154296875,9362.24816604873,9426.154296875,10,0.0,0.0
2015-11-06 00:00:00-05:00,9426.154497161946,9534.794921875,9426.154497161946,9534.794921875,10,0.0,0.0
2015-11-09 00:00:00-05:00,9534.794921875,9534.794921875,9534.794921875,9534.794921875,0,0.0,0.0
2015-11-10 00:00:00-05:00,9362.2490234375,9362.2490234375,9362.2490234375,9362.2490234375,10,0.0,0.0
2015-11-11 00:00:00-05:00,9362.2490234375,9362.2490234375,9362.2490234375,9362.2490234375,0,0.0,0.0
2015-11-12 00:00:00-05:00,9534.794719279662,9534.794719279662,9362.24816604873,9426.154296875,80,0.0,0.0
2015-11-13 00:00:00-05:00,9426.154296875,9426.154296875,9426.154296875,9426.154296875,0,0.0,0.0
2015-11-16 00:00:00-05:00,9534.793982545987,9553.9658203125,9534.793982545987,9553.9658203125,10,0.0,0.0
2015-11-17 00:00:00-05:00,9553.9658203125,9553.9658203125,9553.9658203125,9553.9658203125,0,0.0,0.0
2015-11-18 00:00:00-05:00,9553.967433473763,9553.967433473763,9362.2490234375,9362.2490234375,10,0.0,0.0
2015-11-19 00:00:00-05:00,9394.2021484375,9394.2021484375,9394.2021484375,9394.2021484375,10,0.0,0.0
2015-11-20 00:00:00-05:00,9394.2021484375,9394.2021484375,9394.2021484375,9394.2021484375,0,0.0,0.0
2015-11-23 00:00:00-05:00,9394.202159723403,9400.5927734375,9394.202159723403,9400.5927734375,10,0.0,0.0
2015-11-24 00:00:00-05:00,9426.154296875,9426.154296875,9426.154296875,9426.154296875,10,0.0,0.0
2015-11-25 00:00:00-05:00,9426.154296875,9426.154296875,9426.154296875,9426.154296875,0,0.0,0.0
2015-11-27 00:00:00-05:00,9526.055475050403,9990.1123046875,9526.055475050403,9990.1123046875,10,125.0,0.0
2015-11-30 00:00:00-05:00,9990.10978024022,9990.10978024022,9474.4912109375,9474.4912109375,10,0.0,0.0
2015-12-01 00:00:00-05:00,9474.4912109375,9474.4912109375,9474.4912109375,9474.4912109375,0,0.0,0.0
2015-12-02 00:00:00-05:00,9474.4912109375,9474.4912109375,9474.4912109375,9474.4912109375,0,0.0,0.0
2015-12-03 00:00:00-05:00,9667.8505859375,9667.8505859375,9475.138097591145,9667.8505859375,10,0.0,0.0
2015-12-04 00:00:00-05:00,9667.8505859375,9667.8505859375,9667.8505859375,9667.8505859375,10,0.0,0.0
2015-12-07 00:00:00-05:00,9506.71737151892,9506.71737151892,9474.4912109375,9474.4912109375,10,0.0,0.0
2015-12-08 00:00:00-05:00,9474.4912109375,9474.4912109375,9474.4912109375,9474.4912109375,10,0.0,0.0
2015-12-09 00:00:00-05:00,9474.4912109375,9474.4912109375,9474.4912109375,9474.4912109375,0,0.0,0.0
2015-12-10 00:00:00-05:00,9571.1728515625,9571.1728515625,9474.494337910353,9571.1728515625,50,0.0,0.0
2015-12-11 00:00:00-05:00,9603.333984375,9603.333984375,9603.333984375,9603.333984375,10,0.0,0.0
2015-12-14 00:00:00-05:00,9461.600746704931,9603.39585326318,9461.600746704931,9474.4912109375,10,0.0,0.0
2015-12-15 00:00:00-05:00,9506.71737151892,9506.71737151892,9474.4912109375,9474.4912109375,10,0.0,0.0
2015-12-16 00:00:00-05:00,9474.4912109375,9474.4912109375,9474.4912109375,9474.4912109375,0,0.0,0.0
2015-12-17 00:00:00-05:00,9448.71683138251,9448.71683138251,9055.557399790196,9120.009765625,30,0.0,0.0
2015-12-18 00:00:00-05:00,9120.006407403744,9165.123046875,9036.347393239097,9165.123046875,10,0.0,0.0
2015-12-21 00:00:00-05:00,9062.0009765625,9062.0009765625,9062.0009765625,9062.0009765625,10,0.0,0.0
2015-12-22 00:00:00-05:00,9152.23336442786,9345.590407338308,9068.4453125,9068.4453125,10,0.0,0.0
2015-12-23 00:00:00-05:00,9068.446110822772,9216.6865234375,9062.000875491696,9216.6865234375,30,0.0,0.0
2015-12-24 00:00:00-05:00,9216.6865234375,9216.6865234375,9216.6865234375,9216.6865234375,0,0.0,0.0
2015-12-28 00:00:00-05:00,9248.912202117293,9248.912202117293,9094.2265625,9094.2265625,10,0.0,0.0
2015-12-29 00:00:00-05:00,9094.2265625,9094.2265625,9094.2265625,9094.2265625,0,0.0,0.0
2015-12-30 00:00:00-05:00,9120.005892089495,9120.005892089495,9042.6630859375,9042.6630859375,10,0.0,0.0
2015-12-31 00:00:00-05:00,9042.6630859375,9042.6630859375,9042.6630859375,9042.6630859375,10,0.0,0.0
2016-01-04 00:00:00-05:00,9042.6630859375,9087.779722859497,9042.6630859375,9042.6630859375,10,0.0,0.0
2016-01-05 00:00:00-05:00,9042.66491472601,9042.7939453125,9042.66491472601,9042.7939453125,10,0.0,0.0
2016-01-06 00:00:00-05:00,9042.79363607853,9087.78125,9042.664605496453,9087.78125,40,0.0,0.0
2016-01-07 00:00:00-05:00,9036.218790748651,9036.218790748651,8958.8759765625,8958.8759765625,10,0.0,0.0
2016-01-08 00:00:00-05:00,8958.876786747685,8958.876786747685,8514.15556495949,8701.0673828125,10,0.0,0.0
2016-01-11 00:00:00-05:00,8701.0673828125,8701.0673828125,8701.0673828125,8701.0673828125,10,0.0,0.0
2016-01-12 00:00:00-05:00,8701.0673828125,8701.0673828125,8701.0673828125,8701.0673828125,0,0.0,0.0
2016-01-13 00:00:00-05:00,8701.0673828125,8701.0673828125,8701.0673828125,8701.0673828125,0,0.0,0.0
2016-01-14 00:00:00-05:00,8707.51060230972,8707.51060230972,8636.87109375,8636.87109375,0,0.0,0.0
2016-01-15 00:00:00-05:00,8636.87244974287,8829.9072265625,8546.381103934236,8829.9072265625,10,0.0,0.0
2016-01-19 00:00:00-05:00,8823.52734375,8823.52734375,8823.52734375,8823.52734375,10,0.0,0.0
2016-01-20 00:00:00-05:00,8572.161386575764,8572.161386575764,8533.42578125,8533.42578125,10,0.0,0.0
2016-01-21 00:00:00-05:00,8507.7080078125,8517.440058387843,8449.700907759232,8507.7080078125,10,0.0,0.0
2016-01-22 00:00:00-05:00,8507.708447430234,8533.3603515625,8469.166075953375,8533.3603515625,10,0.0,0.0
2016-01-25 00:00:00-05:00,8456.146563214015,8462.591796875,8456.146563214015,8462.591796875,10,0.0,0.0
2016-01-26 00:00:00-05:00,8465.492658035757,8539.935111269846,8423.9208984375,8423.9208984375,10,0.0,0.0
2016-01-27 00:00:00-05:00,8424.049929001902,8424.049929001902,8423.9208984375,8423.9208984375,10,0.0,0.0
2016-01-28 00:00:00-05:00,8423.9208984375,8423.9208984375,8423.9208984375,8423.9208984375,0,0.0,0.0
2016-01-29 00:00:00-05:00,8443.25604717548,8539.934551532451,8378.8037109375,8378.8037109375,10,0.0,0.0
2016-02-01 00:00:00-05:00,8378.8037109375,8378.8037109375,8378.8037109375,8378.8037109375,10,0.0,0.0
2016-02-02 00:00:00-05:00,8398.138830519636,8411.029296875,8398.138830519636,8411.029296875,10,0.0,0.0
2016-02-03 00:00:00-05:00,8411.029691972804,8443.255859375,8411.029691972804,8443.255859375,10,0.0,0.0
2016-02-04 00:00:00-05:00,8443.256126597329,8443.256126597329,8378.803789753074,8385.2490234375,10,0.0,0.0
2016-02-05 00:00:00-05:00,8443.258550470102,8443.258550470102,8385.25143065771,8423.2783203125,10,0.0,0.0
2016-02-08 00:00:00-05:00,8385.248944561297,8385.248944561297,8320.796608323317,8378.8037109375,50,0.0,0.0
2016-02-09 00:00:00-05:00,8346.96342732192,8443.25546276341,8346.96342732192,8411.029296875,10,0.0,0.0
2016-02-10 00:00:00-05:00,8443.255859375,8443.255859375,8443.255859375,8443.255859375,10,0.0,0.0
2016-02-11 00:00:00-05:00,8411.029691972804,8475.482026777194,8411.029691972804,8443.255859375,70,0.0,0.0
2016-02-12 00:00:00-05:00,8443.255859375,8443.255859375,8443.255859375,8443.255859375,0,0.0,0.0
2016-02-16 00:00:00-05:00,8411.029958175202,8411.029958175202,8385.2490234375,8385.2490234375,10,0.0,0.0
2016-02-17 00:00:00-05:00,8385.2490234375,8385.2490234375,8385.2490234375,8385.2490234375,0,0.0,0.0
2016-02-18 00:00:00-05:00,8385.24875805105,8443.255859375,8385.24875805105,8443.255859375,10,0.0,0.0
2016-02-19 00:00:00-05:00,8385.248364164272,8411.029296875,8385.248364164272,8411.029296875,10,0.0,0.0
2016-02-22 00:00:00-05:00,8385.24850722714,8443.19140625,8385.24850722714,8443.19140625,10,0.0,0.0
2016-02-23 00:00:00-05:00,8443.19140625,8443.19140625,8443.19140625,8443.19140625,0,0.0,0.0
2016-02-24 00:00:00-05:00,8385.2490234375,8385.2490234375,8385.2490234375,8385.2490234375,10,0.0,0.0
2016-02-25 00:00:00-05:00,8423.920158933683,8475.482026777194,8423.920158933683,8443.255859375,10,0.0,0.0
2016-02-26 00:00:00-05:00,8472.541061046511,8472.541061046511,8394.453125,8394.453125,10,125.0,0.0
2016-02-29 00:00:00-05:00,8394.453125,8394.453125,8394.453125,8394.453125,0,0.0,0.0
2016-03-01 00:00:00-05:00,8394.45167880456,8394.45167880456,8348.900390625,8348.900390625,10,0.0,0.0
2016-03-02 00:00:00-05:00,8381.438468992248,8472.541061046511,8368.423812984496,8394.453125,10,0.0,0.0
2016-03-03 00:00:00-05:00,8361.916015625,8361.916015625,8361.916015625,8361.916015625,10,0.0,0.0
2016-03-04 00:00:00-05:00,8394.453125,8394.453125,8394.453125,8394.453125,10,0.0,0.0
2016-03-07 00:00:00-05:00,8426.989292011187,8426.989292011187,8361.916015625,8361.916015625,10,0.0,0.0
2016-03-08 00:00:00-05:00,8361.91430977917,8361.91430977917,8352.1533203125,8352.1533203125,10,0.0,0.0
2016-03-09 00:00:00-05:00,8355.406983468056,8355.406983468056,8352.1533203125,8352.1533203125,10,0.0,0.0
2016-03-10 00:00:00-05:00,8361.915044390587,8361.915044390587,8348.900390625,8348.900390625,10,0.0,0.0
2016-03-11 00:00:00-05:00,8352.155024167072,8361.916015625,8352.155024167072,8361.916015625,10,0.0,0.0
2016-03-14 00:00:00-04:00,8524.597223238681,8524.597223238681,8335.884765625,8335.884765625,10,0.0,0.0
2016-03-15 00:00:00-04:00,8335.884765625,8335.884765625,8335.884765625,8335.884765625,0,0.0,0.0
2016-03-16 00:00:00-04:00,8335.884765625,8335.884765625,8335.884765625,8335.884765625,0,0.0,0.0
2016-03-17 00:00:00-04:00,8335.884765625,8335.884765625,8335.884765625,8335.884765625,0,0.0,0.0
2016-03-18 00:00:00-04:00,8335.884765625,8335.884765625,8335.884765625,8335.884765625,0,0.0,0.0
2016-03-21 00:00:00-04:00,8335.885256195068,8335.885256195068,8329.3779296875,8329.3779296875,10,0.0,0.0
2016-03-22 00:00:00-04:00,8329.3779296875,8329.3779296875,8329.3779296875,8329.3779296875,0,0.0,0.0
2016-03-23 00:00:00-04:00,8329.3779296875,8329.3779296875,8329.3779296875,8329.3779296875,0,0.0,0.0
2016-03-24 00:00:00-04:00,8361.916015625,8361.916015625,8361.916015625,8361.916015625,10,0.0,0.0
2016-03-28 00:00:00-04:00,8355.408203125,8355.408203125,8179.71036707798,8355.408203125,10,0.0,0.0
2016-03-29 00:00:00-04:00,8296.842822226903,8296.842822226903,8186.218251263878,8205.740234375,10,0.0,0.0
2016-03-30 00:00:00-04:00,8205.73779451885,8205.73779451885,8192.72314298115,8199.23046875,10,0.0,0.0
2016-03-31 00:00:00-04:00,8192.723448853427,8328.7265625,8192.723448853427,8328.7265625,10,0.0,0.0
2016-04-01 00:00:00-04:00,8329.379377431907,8361.916015625,8329.379377431907,8361.916015625,10,0.0,0.0
2016-04-04 00:00:00-04:00,8361.916015625,8361.916015625,8361.916015625,8361.916015625,0,0.0,0.0
2016-04-05 00:00:00-04:00,8609.190440244933,8609.190440244933,8361.97692465808,8426.9853515625,10,0.0,0.0
2016-04-06 00:00:00-04:00,8466.031898615814,8466.031898615814,8361.9794921875,8361.9794921875,10,0.0,0.0
2016-04-07 00:00:00-04:00,8426.989190975522,8557.1357421875,8368.423242930132,8557.1357421875,10,0.0,0.0
2016-04-08 00:00:00-04:00,8395.103857800388,8395.103857800388,8361.98130406816,8394.453125,10,0.0,0.0
2016-04-11 00:00:00-04:00,8426.987206958858,9598.305892095997,8426.987206958858,8778.3828125,10,0.0,0.0
2016-04-12 00:00:00-04:00,8778.385734236213,9598.309086729736,8778.385734236213,8791.400390625,10,0.0,0.0
2016-04-13 00:00:00-04:00,8791.399041896913,8791.399041896913,8537.61328125,8537.61328125,10,0.0,0.0
2016-04-14 00:00:00-04:00,8537.612331730768,8537.612331730768,8459.5244140625,8459.5244140625,10,0.0,0.0
2016-04-15 00:00:00-04:00,8557.134311147836,8557.134311147836,8459.5244140625,8459.5244140625,10,0.0,0.0
2016-04-18 00:00:00-04:00,8459.524572021952,8459.524572021952,8361.9794921875,8361.9794921875,10,0.0,0.0
2016-04-19 00:00:00-04:00,8394.451306083321,8394.451306083321,8361.9794921875,8361.9794921875,10,0.0,0.0
2016-04-20 00:00:00-04:00,8459.4619140625,8459.4619140625,8459.4619140625,8459.4619140625,10,0.0,0.0
2016-04-21 00:00:00-04:00,8459.4619140625,8459.4619140625,8459.4619140625,8459.4619140625,0,0.0,0.0
2016-04-22 00:00:00-04:00,8459.4619140625,8459.4619140625,8459.4619140625,8459.4619140625,0,0.0,0.0
2016-04-25 00:00:00-04:00,8459.524572021952,8459.524572021952,8361.9794921875,8361.9794921875,10,0.0,0.0
2016-04-26 00:00:00-04:00,8361.9808347089,8361.9808347089,8361.916015625,8361.916015625,10,0.0,0.0
2016-04-27 00:00:00-04:00,8361.916015625,8361.916015625,8361.916015625,8361.916015625,0,0.0,0.0
2016-04-28 00:00:00-04:00,8459.525402681327,8459.525402681327,8430.567796495225,8433.49609375,10,0.0,0.0
2016-04-29 00:00:00-04:00,8433.49609375,8433.49609375,8433.49609375,8433.49609375,0,0.0,0.0
2016-05-02 00:00:00-04:00,8363.86671491887,8459.5244140625,8363.86671491887,8459.5244140625,10,0.0,0.0
2016-05-03 00:00:00-04:00,8459.5244140625,8459.5244140625,8394.451149338942,8459.5244140625,10,0.0,0.0
2016-05-04 00:00:00-04:00,8459.5244140625,8459.5244140625,8459.5244140625,8459.5244140625,0,0.0,0.0
2016-05-05 00:00:00-04:00,8459.5244140625,8459.5244140625,8459.5244140625,8459.5244140625,0,0.0,0.0
2016-05-06 00:00:00-04:00,8589.670943509615,8589.670943509615,8459.5244140625,8459.5244140625,10,0.0,0.0
2016-05-09 00:00:00-04:00,8589.671875,8589.671875,8589.671875,8589.671875,10,0.0,0.0
2016-05-10 00:00:00-04:00,8466.032658617425,8589.671875,8466.032658617425,8589.671875,10,0.0,0.0
2016-05-11 00:00:00-04:00,8589.671875,8589.671875,8589.671875,8589.671875,0,0.0,0.0
2016-05-12 00:00:00-04:00,8589.671875,8589.671875,8589.671875,8589.671875,0,0.0,0.0
2016-05-13 00:00:00-04:00,8589.671875,8589.671875,8589.671875,8589.671875,0,0.0,0.0
2016-05-16 00:00:00-04:00,8589.671875,8589.671875,8589.671875,8589.671875,0,0.0,0.0
2016-05-17 00:00:00-04:00,8524.595703125,8524.595703125,8524.595703125,8524.595703125,10,0.0,0.0
2016-05-18 00:00:00-04:00,8524.595703125,8524.595703125,8524.595703125,8524.595703125,0,0.0,0.0
2016-05-19 00:00:00-04:00,8524.595703125,8524.595703125,8524.595703125,8524.595703125,0,0.0,0.0
2016-05-20 00:00:00-04:00,8524.595703125,8524.595703125,8524.595703125,8524.595703125,10,0.0,0.0
2016-05-23 00:00:00-04:00,8524.598603219698,8589.671875,8524.598603219698,8589.671875,10,0.0,0.0
2016-05-24 00:00:00-04:00,8589.671875,8589.671875,8589.671875,8589.671875,0,0.0,0.0
2016-05-25 00:00:00-04:00,8589.671875,8589.671875,8589.671875,8589.671875,0,0.0,0.0
2016-05-26 00:00:00-04:00,8751.703304305687,8751.703304305687,8654.744140625,8654.744140625,10,0.0,0.0
2016-05-27 00:00:00-04:00,8736.857421875,8736.857421875,8736.857421875,8736.857421875,0,125.0,0.0
2016-05-31 00:00:00-04:00,8736.857421875,8736.857421875,8736.857421875,8736.857421875,0,0.0,0.0
2016-06-01 00:00:00-04:00,8868.241086647728,9360.921147017045,8671.169062500001,9032.4677734375,10,0.0,0.0
2016-06-02 00:00:00-04:00,8999.6204254049,10411.969616253115,8999.6204254049,9886.4443359375,10,0.0,0.0
2016-06-03 00:00:00-04:00,9886.4443359375,9886.4443359375,9525.145705720515,9886.4443359375,10,0.0,0.0
2016-06-06 00:00:00-04:00,9525.145303842763,9781.3388671875,9406.902120760577,9781.3388671875,10,0.0,0.0
2016-06-07 00:00:00-04:00,9781.33987890625,9853.599609375,9781.33987890625,9853.599609375,10,0.0,0.0
2016-06-08 00:00:00-04:00,9919.290409705034,9952.1357421875,9919.290409705034,9952.1357421875,10,0.0,0.0
2016-06-09 00:00:00-04:00,9984.981112132353,11167.4130859375,9919.290446920955,11167.4130859375,80,0.0,0.0
2016-06-10 00:00:00-04:00,11167.4130859375,11167.4130859375,11167.4130859375,11167.4130859375,0,0.0,0.0
2016-06-13 00:00:00-04:00,11167.4130859375,11167.4130859375,11167.4130859375,11167.4130859375,0,0.0,0.0
2016-06-14 00:00:00-04:00,10773.26953125,10773.26953125,10773.26953125,10773.26953125,10,0.0,0.0
2016-06-15 00:00:00-04:00,10707.579833984375,10773.2705078125,10510.5078125,10510.5078125,10,0.0,0.0
2016-06-16 00:00:00-04:00,10510.5078125,10510.5078125,10510.5078125,10510.5078125,0,0.0,0.0
2016-06-17 00:00:00-04:00,10411.969959077382,10510.505952380952,10346.279296875,10346.279296875,10,0.0,0.0
2016-06-20 00:00:00-04:00,10346.280896399938,10346.280896399938,9709.73828125,9709.73828125,10,0.0,0.0
2016-06-21 00:00:00-04:00,9709.73828125,9709.73828125,9709.73828125,9709.73828125,0,0.0,0.0
2016-06-22 00:00:00-04:00,10083.517801715068,10083.517801715068,9755.064453125,9755.064453125,10,0.0,0.0
2016-06-23 00:00:00-04:00,9755.063426159273,10182.052734375,9755.063426159273,10182.052734375,10,0.0,0.0
2016-06-24 00:00:00-04:00,9853.599609375,9853.599609375,9853.599609375,9853.599609375,10,0.0,0.0
2016-06-27 00:00:00-04:00,9853.599609375,9853.599609375,9853.599609375,9853.599609375,0,0.0,0.0
2016-06-28 00:00:00-04:00,9853.599609375,9853.599609375,9853.599609375,9853.599609375,10,0.0,0.0
2016-06-29 00:00:00-04:00,9853.599609375,9853.599609375,9853.599609375,9853.599609375,0,0.0,0.0
2016-06-30 00:00:00-04:00,9853.600007584952,10149.2080078125,9853.600007584952,10149.2080078125,10,0.0,0.0
2016-07-01 00:00:00-04:00,10149.2080078125,10149.2080078125,10149.2080078125,10149.2080078125,0,0.0,0.0
2016-07-05 00:00:00-04:00,9853.599284914495,10083.5166015625,9853.599284914495,10083.5166015625,10,0.0,0.0
2016-07-06 00:00:00-04:00,10083.51683529713,10083.51683529713,9853.599513319672,10017.826171875,10,0.0,0.0
2016-07-07 00:00:00-04:00,9853.600457702021,10116.363136574075,9755.064453125,9755.064453125,10,0.0,0.0
2016-07-08 00:00:00-04:00,9853.599609375,9853.599609375,9853.599609375,9853.599609375,10,0.0,0.0
2016-07-11 00:00:00-04:00,9919.2919921875,9919.2919921875,9853.60131674255,9919.2919921875,20,0.0,0.0
2016-07-12 00:00:00-04:00,10149.20759765625,10182.052929687501,9853.599609375,9853.599609375,10,0.0,0.0
2016-07-13 00:00:00-04:00,10182.052199575282,10182.052199575282,9860.16796875,9860.16796875,10,0.0,0.0
2016-07-14 00:00:00-04:00,9886.4443359375,9886.4443359375,9886.4443359375,9886.4443359375,10,0.0,0.0
2016-07-15 00:00:00-04:00,10017.826171875,10017.826171875,10017.826171875,10017.826171875,10,0.0,0.0
2016-07-18 00:00:00-04:00,10017.826171875,10017.826171875,10017.826171875,10017.826171875,10,0.0,0.0
2016-07-19 00:00:00-04:00,10017.826171875,10017.826171875,10017.826171875,10017.826171875,10,0.0,0.0
2016-07-20 00:00:00-04:00,10017.826171875,10017.826171875,10017.826171875,10017.826171875,10,0.0,0.0
2016-07-21 00:00:00-04:00,10017.826171875,10017.826171875,10017.826171875,10017.826171875,0,0.0,0.0
2016-07-22 00:00:00-04:00,10017.826171875,10017.826171875,10017.826171875,10017.826171875,0,0.0,0.0
2016-07-25 00:00:00-04:00,10017.826171875,10017.826171875,10017.826171875,10017.826171875,0,0.0,0.0
2016-07-26 00:00:00-04:00,10175.483668094757,10182.052734375,10175.483668094757,10182.052734375,10,0.0,0.0
2016-07-27 00:00:00-04:00,10182.052734375,10182.052734375,10182.052734375,10182.052734375,0,0.0,0.0
2016-07-28 00:00:00-04:00,10182.052734375,10182.052734375,10182.052734375,10182.052734375,0,0.0,0.0
2016-07-29 00:00:00-04:00,10510.5078125,10510.5078125,10510.5078125,10510.5078125,10,0.0,0.0
2016-08-01 00:00:00-04:00,10510.5078125,10510.5078125,10510.5078125,10510.5078125,0,0.0,0.0
2016-08-02 00:00:00-04:00,10641.88691758618,10641.88691758618,10195.1904296875,10195.1904296875,10,0.0,0.0
2016-08-03 00:00:00-04:00,10195.1904296875,10195.1904296875,10195.1904296875,10195.1904296875,0,0.0,0.0
2016-08-04 00:00:00-04:00,10195.1904296875,10195.1904296875,10195.1904296875,10195.1904296875,0,0.0,0.0
2016-08-05 00:00:00-04:00,10510.50643382353,11167.4130859375,10510.50643382353,11167.4130859375,10,0.0,0.0
2016-08-08 00:00:00-04:00,11167.4130859375,11167.4130859375,11167.4130859375,11167.4130859375,0,0.0,0.0
2016-08-09 00:00:00-04:00,11167.4130859375,11167.4130859375,11167.4130859375,11167.4130859375,0,0.0,0.0
2016-08-10 00:00:00-04:00,10510.5078125,10510.5078125,10431.67900390625,10510.5078125,10,0.0,0.0
2016-08-11 00:00:00-04:00,10510.5078125,10510.5078125,10510.5078125,10510.5078125,0,0.0,0.0
2016-08-12 00:00:00-04:00,10576.19614518025,10576.19614518025,10451.383892535267,10477.66015625,10,0.0,0.0
2016-08-15 00:00:00-04:00,10477.66015625,10477.66015625,10477.66015625,10477.66015625,0,0.0,0.0
2016-08-16 00:00:00-04:00,10490.866044421196,10510.5078125,10464.589774889946,10510.5078125,10,0.0,0.0
2016-08-17 00:00:00-04:00,10510.5078125,10510.5078125,10510.5078125,10510.5078125,0,0.0,0.0
2016-08-18 00:00:00-04:00,10510.5078125,10510.5078125,10510.5078125,10510.5078125,10,0.0,0.0
2016-08-19 00:00:00-04:00,10510.5078125,10510.5078125,10510.5078125,10510.5078125,0,0.0,0.0
2016-08-22 00:00:00-04:00,10510.5078125,10510.5078125,10510.5078125,10510.5078125,0,0.0,0.0
2016-08-23 00:00:00-04:00,10838.958782327585,10838.958782327585,10477.66015625,10477.66015625,10,0.0,0.0
2016-08-24 00:00:00-04:00,10576.196018975295,10576.196018975295,10569.626953125,10569.626953125,10,0.0,0.0
2016-08-25 00:00:00-04:00,10576.198486328125,10576.198486328125,10510.5078125,10510.5078125,10,0.0,0.0
2016-08-26 00:00:00-04:00,10576.1962890625,10576.1962890625,10510.505628881987,10576.1962890625,10,0.0,0.0
2016-08-29 00:00:00-04:00,10582.767553710937,11090.884915771485,10510.5078125,10510.5078125,10,0.0,0.0
2016-08-30 00:00:00-04:00,10643.5517578125,10643.5517578125,10643.5517578125,10643.5517578125,10,200.0,0.0
2016-08-31 00:00:00-04:00,10643.5517578125,10643.5517578125,10643.5517578125,10643.5517578125,10,0.0,0.0
2016-09-01 00:00:00-04:00,10643.5517578125,10643.5517578125,10643.5517578125,10643.5517578125,10,0.0,0.0
2016-09-02 00:00:00-04:00,10643.5517578125,10643.5517578125,10643.5517578125,10643.5517578125,0,0.0,0.0
2016-09-06 00:00:00-04:00,10643.5517578125,10643.5517578125,10643.5517578125,10643.5517578125,0,0.0,0.0
2016-09-07 00:00:00-04:00,10643.5517578125,10643.5517578125,10643.5517578125,10643.5517578125,10,0.0,0.0
2016-09-08 00:00:00-04:00,10743.335055541991,10743.335055541991,10643.5517578125,10643.5517578125,10,0.0,0.0
2016-09-09 00:00:00-04:00,10643.5517578125,10643.5517578125,10643.5517578125,10643.5517578125,0,0.0,0.0
2016-09-12 00:00:00-04:00,10643.5517578125,10643.5517578125,10643.5517578125,10643.5517578125,10,0.0,0.0
2016-09-13 00:00:00-04:00,10643.5517578125,10643.5517578125,10643.5517578125,10643.5517578125,0,0.0,0.0
2016-09-14 00:00:00-04:00,10643.5517578125,10643.5517578125,10643.5517578125,10643.5517578125,0,0.0,0.0
2016-09-15 00:00:00-04:00,11142.465191686939,11308.70437998115,11109.2041015625,11109.2041015625,10,0.0,0.0
2016-09-16 00:00:00-04:00,11109.2041015625,11109.2041015625,11109.2041015625,11109.2041015625,10,0.0,0.0
2016-09-19 00:00:00-04:00,11109.2041015625,11109.2041015625,11109.2041015625,11109.2041015625,0,0.0,0.0
2016-09-20 00:00:00-04:00,11109.2041015625,11109.2041015625,11109.2041015625,11109.2041015625,10,0.0,0.0
2016-09-21 00:00:00-04:00,11109.2041015625,11142.465191686939,11109.2041015625,11109.2041015625,10,0.0,0.0
2016-09-22 00:00:00-04:00,11142.470227806969,11275.5146484375,11142.470227806969,11275.5146484375,10,0.0,0.0
2016-09-23 00:00:00-04:00,11275.511365464154,11308.7724609375,11275.511365464154,11308.7724609375,10,0.0,0.0
2016-09-26 00:00:00-04:00,11308.7724609375,11308.7724609375,11308.7724609375,11308.7724609375,0,0.0,0.0
2016-09-27 00:00:00-04:00,11308.7724609375,11308.7724609375,11308.7724609375,11308.7724609375,0,0.0,0.0
2016-09-28 00:00:00-04:00,11308.7724609375,11308.7724609375,11308.7724609375,11308.7724609375,0,0.0,0.0
2016-09-29 00:00:00-04:00,11308.7724609375,11308.7724609375,11308.7724609375,11308.7724609375,0,0.0,0.0
2016-09-30 00:00:00-04:00,11308.7724609375,11308.7724609375,11308.7724609375,11308.7724609375,0,0.0,0.0
2016-10-03 00:00:00-04:00,11308.7724609375,11308.7724609375,11308.7724609375,11308.7724609375,10,0.0,0.0
2016-10-04 00:00:00-04:00,10710.072265625,10776.594453610249,10710.072265625,10710.072265625,10,0.0,0.0
2016-10-05 00:00:00-04:00,10743.3349609375,10743.3349609375,10743.3349609375,10743.3349609375,10,0.0,0.0
2016-10-06 00:00:00-04:00,10743.3349609375,10743.3349609375,10743.3349609375,10743.3349609375,0,0.0,0.0
2016-10-07 00:00:00-04:00,10809.854144699002,10843.115234375,10650.200914254217,10843.115234375,10,0.0,0.0
2016-10-10 00:00:00-04:00,10843.115234375,10843.115234375,10843.115234375,10843.115234375,10,0.0,0.0
2016-10-11 00:00:00-04:00,10843.115234375,10843.115234375,10843.115234375,10843.115234375,0,0.0,0.0
2016-10-12 00:00:00-04:00,10843.115234375,10843.115234375,10843.115234375,10843.115234375,0,0.0,0.0
2016-10-13 00:00:00-04:00,10843.115234375,10843.115234375,10843.115234375,10843.115234375,0,0.0,0.0
2016-10-14 00:00:00-04:00,10942.8994140625,10942.8994140625,10942.8994140625,10942.8994140625,10,0.0,0.0
2016-10-17 00:00:00-04:00,10843.115234375,10843.115234375,10843.115234375,10843.115234375,10,0.0,0.0
2016-10-18 00:00:00-04:00,10843.115234375,10843.115234375,10843.115234375,10843.115234375,0,0.0,0.0
2016-10-19 00:00:00-04:00,10843.115234375,10843.115234375,10843.115234375,10843.115234375,10,0.0,0.0
2016-10-20 00:00:00-04:00,10843.120281388274,11275.5146484375,10789.902513136061,11275.5146484375,10,0.0,0.0
2016-10-21 00:00:00-04:00,11275.5146484375,11275.5146484375,11275.5146484375,11275.5146484375,0,0.0,0.0
2016-10-24 00:00:00-04:00,10976.1611328125,10976.1611328125,10976.1611328125,10976.1611328125,10,0.0,0.0
2016-10-25 00:00:00-04:00,10976.1611328125,10976.1611328125,10843.116755445077,10976.1611328125,10,0.0,0.0
2016-10-26 00:00:00-04:00,10976.161822150734,10976.161822150734,10843.117436427696,10856.421875,10,0.0,0.0
2016-10-27 00:00:00-04:00,10849.76917846978,10883.0302734375,10843.116959476238,10883.0302734375,10,0.0,0.0
2016-10-28 00:00:00-04:00,10883.0302734375,10883.0302734375,10883.0302734375,10883.0302734375,0,0.0,0.0
2016-10-31 00:00:00-04:00,10883.028541986196,10883.028541986196,10843.115234375,10843.115234375,10,0.0,0.0
2016-11-01 00:00:00-04:00,10843.117022778615,11042.68359375,10843.117022778615,11042.68359375,10,0.0,0.0
2016-11-02 00:00:00-04:00,11042.68177243098,11042.68177243098,10843.115234375,10843.115234375,10,0.0,0.0
2016-11-03 00:00:00-04:00,10843.115234375,10843.115234375,10843.115234375,10843.115234375,0,0.0,0.0
2016-11-04 00:00:00-04:00,10843.115234375,10843.115234375,10843.115234375,10843.115234375,0,0.0,0.0
2016-11-07 00:00:00-05:00,10843.115234375,10843.115234375,10843.115234375,10843.115234375,0,0.0,0.0
2016-11-08 00:00:00-05:00,10843.115234375,10843.115234375,10843.115234375,10843.115234375,0,0.0,0.0
2016-11-09 00:00:00-05:00,10843.115234375,10843.115234375,10843.115234375,10843.115234375,0,0.0,0.0
2016-11-10 00:00:00-05:00,10843.115234375,10843.115234375,10843.115234375,10843.115234375,0,0.0,0.0
2016-11-11 00:00:00-05:00,10843.115234375,10843.115234375,10843.115234375,10843.115234375,0,0.0,0.0
2016-11-14 00:00:00-05:00,10976.1611328125,10976.1611328125,10976.1611328125,10976.1611328125,10,0.0,0.0
2016-11-15 00:00:00-05:00,10976.164702018805,11275.5146484375,10976.164702018805,11275.5146484375,10,0.0,0.0
2016-11-16 00:00:00-05:00,11308.772643795224,11308.772643795224,11275.445285444352,11308.107421875,20,0.0,0.0
2016-11-17 00:00:00-05:00,11308.7724609375,11308.7724609375,11308.7724609375,11308.7724609375,10,0.0,0.0
2016-11-18 00:00:00-05:00,11308.7724609375,11308.7724609375,11308.7724609375,11308.7724609375,10,0.0,0.0
2016-11-21 00:00:00-05:00,11308.7724609375,11308.7724609375,11308.7724609375,11308.7724609375,0,0.0,0.0
2016-11-22 00:00:00-05:00,11308.7724609375,11308.7724609375,11308.7724609375,11308.7724609375,0,0.0,0.0
2016-11-23 00:00:00-05:00,11308.7724609375,11308.7724609375,11308.7724609375,11308.7724609375,0,0.0,0.0
2016-11-25 00:00:00-05:00,11308.7724609375,11308.7724609375,11308.7724609375,11308.7724609375,0,0.0,0.0
2016-11-28 00:00:00-05:00,11308.7724609375,11308.7724609375,11308.7724609375,11308.7724609375,0,0.0,0.0
2016-11-29 00:00:00-05:00,11443.4013671875,11443.4013671875,11443.4013671875,11443.4013671875,0,200.0,0.0
2016-11-30 00:00:00-05:00,11443.4013671875,11443.4013671875,11443.4013671875,11443.4013671875,0,0.0,0.0
2016-12-01 00:00:00-05:00,11681.802734375,11681.802734375,11681.802734375,11681.802734375,10,200.0,0.0
2016-12-02 00:00:00-05:00,11695.425827942785,11695.425827942785,11681.802734375,11681.802734375,10,0.0,0.0
2016-12-05 00:00:00-05:00,11684.86885945804,11695.4267578125,11684.86885945804,11695.4267578125,10,0.0,0.0
2016-12-06 00:00:00-05:00,11695.4267578125,11702.238305137958,11695.4267578125,11695.4267578125,10,0.0,0.0
2016-12-07 00:00:00-05:00,11702.238305137958,11702.238305137958,11695.4267578125,11695.4267578125,10,0.0,0.0
2016-12-08 00:00:00-05:00,11695.4267578125,11695.4267578125,11695.4267578125,11695.4267578125,0,0.0,0.0
2016-12-09 00:00:00-05:00,11749.920019474504,11749.920019474504,11722.673828125,11722.673828125,10,0.0,0.0
2016-12-12 00:00:00-05:00,11709.049852463417,11722.672947114335,11695.4267578125,11695.4267578125,40,0.0,0.0
2016-12-13 00:00:00-05:00,11715.8642578125,11783.979747683503,11715.8642578125,11715.8642578125,10,0.0,0.0
2016-12-14 00:00:00-05:00,11783.979619565218,11783.979619565218,11722.675679347825,11749.921875,10,0.0,0.0
2016-12-15 00:00:00-05:00,11749.921875,11749.921875,11722.675679347825,11749.921875,10,0.0,0.0
2016-12-16 00:00:00-05:00,11749.921875,11749.921875,11749.921875,11749.921875,0,0.0,0.0
2016-12-19 00:00:00-05:00,11749.921875,11749.921875,11749.921875,11749.921875,0,0.0,0.0
2016-12-20 00:00:00-05:00,11749.854025587,11749.921875,11749.854025587,11749.921875,10,0.0,0.0
2016-12-21 00:00:00-05:00,11749.920019474504,11749.920019474504,11722.673828125,11722.673828125,10,0.0,0.0
2016-12-22 00:00:00-05:00,11722.671828524013,11736.294921875,11722.671828524013,11736.294921875,20,0.0,0.0
2016-12-23 00:00:00-05:00,11736.294921875,11736.294921875,11736.294921875,11736.294921875,10,0.0,0.0
2016-12-27 00:00:00-05:00,11749.921875,11749.921875,11749.921875,11749.921875,10,0.0,0.0
2016-12-28 00:00:00-05:00,11852.09375,11852.09375,11852.09375,11852.09375,10,0.0,0.0
2016-12-29 00:00:00-05:00,11722.673828125,11722.673828125,11722.673828125,11722.673828125,10,0.0,0.0
2016-12-30 00:00:00-05:00,11852.093504464285,11920.208984375,11852.093504464285,11920.208984375,10,0.0,0.0
2017-01-03 00:00:00-05:00,11920.209453517806,12260.786866475457,11920.209453517806,12260.4462890625,10,0.0,0.0
2017-01-04 00:00:00-05:00,12431.07646071743,12431.07646071743,12029.195084727113,12090.4990234375,10,0.0,0.0
2017-01-05 00:00:00-05:00,12090.4990234375,12090.4990234375,12090.4990234375,12090.4990234375,10,0.0,0.0
2017-01-06 00:00:00-05:00,12090.4990234375,12090.4990234375,12090.4990234375,12090.4990234375,0,0.0,0.0
2017-01-09 00:00:00-05:00,12029.192525967685,12029.192525967685,11920.207769220526,11988.3232421875,20,0.0,0.0
2017-01-10 00:00:00-05:00,12124.554188121449,12124.554188121449,11988.3232421875,11988.3232421875,10,0.0,0.0
2017-01-11 00:00:00-05:00,11988.324464285713,11988.324464285713,11920.208984375,11920.208984375,10,0.0,0.0
2017-01-12 00:00:00-05:00,11920.208984375,11920.208984375,11920.208984375,11920.208984375,0,0.0,0.0
2017-01-13 00:00:00-05:00,12022.3840450276,12056.44179019765,11954.2685546875,11954.2685546875,10,0.0,0.0
2017-01-17 00:00:00-05:00,11988.3232421875,12056.438715154474,11988.3232421875,11988.3232421875,10,0.0,0.0
2017-01-18 00:00:00-05:00,12056.44140625,12056.44140625,12056.44140625,12056.44140625,10,0.0,0.0
2017-01-19 00:00:00-05:00,11954.267528101878,11967.890625,11954.267528101878,11967.890625,10,0.0,0.0
2017-01-20 00:00:00-05:00,11967.890625,11967.890625,11967.890625,11967.890625,0,0.0,0.0
2017-01-23 00:00:00-05:00,12022.3828125,12056.44055417847,11988.32507082153,12022.3828125,10,0.0,0.0
2017-01-24 00:00:00-05:00,11988.325145431329,12022.382887321759,11988.325145431329,12001.9482421875,10,0.0,0.0
2017-01-25 00:00:00-05:00,12090.4990234375,12090.4990234375,12090.4990234375,12090.4990234375,10,0.0,0.0
2017-01-26 00:00:00-05:00,12185.860218748228,12192.671767221536,12022.7236328125,12022.7236328125,10,0.0,0.0
2017-01-27 00:00:00-05:00,12192.6689453125,12192.6689453125,12192.6689453125,12192.6689453125,10,0.0,0.0
2017-01-30 00:00:00-05:00,12192.6689453125,12192.6689453125,12192.6689453125,12192.6689453125,0,0.0,0.0
2017-01-31 00:00:00-05:00,12192.6689453125,12192.6689453125,12192.6689453125,12192.6689453125,0,0.0,0.0
2017-02-01 00:00:00-05:00,12192.6689453125,12192.6689453125,12192.6689453125,12192.6689453125,0,0.0,0.0
2017-02-02 00:00:00-05:00,12022.3115234375,12022.3115234375,11988.321640890988,12022.3115234375,10,0.0,0.0
2017-02-03 00:00:00-05:00,12022.3115234375,12022.3115234375,12022.3115234375,12022.3115234375,0,0.0,0.0
2017-02-06 00:00:00-05:00,11988.32507082153,12022.3828125,11954.26732914306,12022.3828125,10,0.0,0.0
2017-02-07 00:00:00-05:00,12022.3828125,12022.3828125,12022.3828125,12022.3828125,0,0.0,0.0
2017-02-08 00:00:00-05:00,12022.3828125,12022.3828125,12022.3828125,12022.3828125,0,0.0,0.0
2017-02-09 00:00:00-05:00,12022.3828125,12022.3828125,12022.3828125,12022.3828125,0,0.0,0.0
2017-02-10 00:00:00-05:00,12001.9482421875,12001.9482421875,12001.9482421875,12001.9482421875,10,0.0,0.0
2017-02-13 00:00:00-05:00,12001.945632201467,12192.6689453125,12001.945632201467,12192.6689453125,10,0.0,0.0
2017-02-14 00:00:00-05:00,12192.6689453125,12192.6689453125,12192.6689453125,12192.6689453125,0,0.0,0.0
2017-02-15 00:00:00-05:00,12192.671596773907,12192.671596773907,12001.9482421875,12001.9482421875,10,0.0,0.0
2017-02-16 00:00:00-05:00,12001.9482421875,12001.9482421875,12001.9482421875,12001.9482421875,0,0.0,0.0
2017-02-17 00:00:00-05:00,12001.9482421875,12001.9482421875,12001.9482421875,12001.9482421875,0,0.0,0.0
2017-02-21 00:00:00-05:00,12001.946336780895,12001.946336780895,11988.3232421875,11988.3232421875,10,0.0,0.0
2017-02-22 00:00:00-05:00,11988.3232421875,11988.3232421875,11988.3232421875,11988.3232421875,0,0.0,0.0
2017-02-23 00:00:00-05:00,12008.76171875,12008.76171875,12008.76171875,12008.76171875,10,0.0,0.0
2017-02-24 00:00:00-05:00,12056.44140625,12056.44140625,12056.44140625,12056.44140625,10,0.0,0.0
2017-02-27 00:00:00-05:00,12125.334492054484,12139.11328125,12056.440546076901,12139.11328125,10,200.0,0.0
2017-02-28 00:00:00-05:00,12139.11328125,12139.11328125,12139.11328125,12139.11328125,0,0.0,0.0
2017-03-01 00:00:00-05:00,12160.12669631396,12332.017102292846,12159.7822265625,12159.7822265625,10,0.0,0.0
2017-03-02 00:00:00-05:00,12159.7822265625,12159.7822265625,12159.7822265625,12159.7822265625,0,0.0,0.0
2017-03-03 00:00:00-05:00,12263.1220703125,12263.1220703125,12263.1220703125,12263.1220703125,10,0.0,0.0
2017-03-06 00:00:00-05:00,12056.44140625,12056.44140625,12056.44140625,12056.44140625,10,0.0,0.0
2017-03-07 00:00:00-05:00,12125.335357142858,12125.335357142858,12056.44140625,12056.44140625,10,0.0,0.0
2017-03-08 00:00:00-05:00,12125.335357142858,12125.335357142858,12056.44140625,12056.44140625,10,0.0,0.0
2017-03-09 00:00:00-05:00,12056.44140625,12056.44140625,12056.44140625,12056.44140625,0,0.0,0.0
2017-03-10 00:00:00-05:00,12056.441115239972,12056.441115239972,12021.994140625,12021.994140625,10,0.0,0.0
2017-03-13 00:00:00-04:00,12021.991890041309,12607.590348868534,11987.544921875,11987.544921875,10,0.0,0.0
2017-03-14 00:00:00-04:00,12607.593013392858,12607.593013392858,11987.547455357144,12056.44140625,10,0.0,0.0
2017-03-15 00:00:00-04:00,12400.9111328125,12607.592985026042,12056.441379123264,12400.9111328125,10,0.0,0.0
2017-03-16 00:00:00-04:00,12400.911421152197,12607.593278171402,12063.331054687498,12063.3310546875,10,0.0,0.0
2017-03-17 00:00:00-04:00,12063.331054687498,12063.331054687498,12063.331054687498,12063.3310546875,0,0.0,0.0
2017-03-20 00:00:00-04:00,12063.331054687498,12063.331054687498,12063.331054687498,12063.3310546875,0,0.0,0.0
2017-03-21 00:00:00-04:00,12090.8876953125,12090.8876953125,12090.8876953125,12090.8876953125,10,0.0,0.0
2017-03-22 00:00:00-04:00,12090.8876953125,12090.8876953125,11987.546774839744,12090.8876953125,10,0.0,0.0
2017-03-23 00:00:00-04:00,12090.8876953125,12090.8876953125,12090.8876953125,12090.8876953125,0,0.0,0.0
2017-03-24 00:00:00-04:00,11987.544921875,11987.544921875,11815.310081043463,11987.544921875,10,0.0,0.0
2017-03-27 00:00:00-04:00,11918.653504464286,12056.44140625,11780.865602678572,12056.44140625,10,0.0,0.0
2017-03-28 00:00:00-04:00,12056.44140625,12056.44140625,12056.44140625,12056.44140625,0,0.0,0.0
2017-03-29 00:00:00-04:00,12125.335329861111,12400.9111328125,12125.335329861111,12400.9111328125,10,0.0,0.0
2017-03-30 00:00:00-04:00,12400.9111328125,12400.9111328125,12400.9111328125,12400.9111328125,0,0.0,0.0
2017-03-31 00:00:00-04:00,12400.9111328125,12400.9111328125,12400.9111328125,12400.9111328125,0,0.0,0.0
2017-04-03 00:00:00-04:00,12125.3330078125,12125.3330078125,12125.3330078125,12125.3330078125,10,0.0,0.0
2017-04-04 00:00:00-04:00,12125.3330078125,12125.3330078125,12125.3330078125,12125.3330078125,0,0.0,0.0
2017-04-05 00:00:00-04:00,12090.9563201425,12090.9563201425,12090.8876953125,12090.8876953125,10,0.0,0.0
2017-04-06 00:00:00-04:00,12090.8876953125,12090.8876953125,12090.8876953125,12090.8876953125,10,0.0,0.0
2017-04-07 00:00:00-04:00,12090.8876953125,12090.8876953125,12090.8876953125,12090.8876953125,0,0.0,0.0
2017-04-10 00:00:00-04:00,12090.8876953125,12090.8876953125,12090.8876953125,12090.8876953125,0,0.0,0.0
2017-04-11 00:00:00-04:00,12263.1220703125,12263.1220703125,12263.1220703125,12263.1220703125,10,0.0,0.0
2017-04-12 00:00:00-04:00,12263.1220703125,12263.1220703125,12263.1220703125,12263.1220703125,0,0.0,0.0
2017-04-13 00:00:00-04:00,12263.1220703125,12263.1220703125,12263.1220703125,12263.1220703125,0,0.0,0.0
2017-04-17 00:00:00-04:00,12400.9111328125,12400.9111328125,12400.9111328125,12400.9111328125,10,0.0,0.0
2017-04-18 00:00:00-04:00,12400.9111328125,12400.9111328125,12400.9111328125,12400.9111328125,0,0.0,0.0
2017-04-19 00:00:00-04:00,12400.9111328125,12400.9111328125,12400.9111328125,12400.9111328125,0,0.0,0.0
2017-04-20 00:00:00-04:00,12228.676540302862,12228.676540302862,12063.331054687498,12063.3310546875,10,0.0,0.0
2017-04-21 00:00:00-04:00,12063.331054687498,12063.331054687498,12063.331054687498,12063.3310546875,0,0.0,0.0
2017-04-24 00:00:00-04:00,12125.33561179326,12125.33561179326,12063.331054687498,12063.3310546875,10,0.0,0.0
2017-04-25 00:00:00-04:00,12228.673828125,12228.673828125,12228.673828125,12228.673828125,10,0.0,0.0
2017-04-26 00:00:00-04:00,12125.3330078125,12125.3330078125,12125.3330078125,12125.3330078125,10,0.0,0.0
2017-04-27 00:00:00-04:00,12125.3330078125,12125.3330078125,12125.3330078125,12125.3330078125,0,0.0,0.0
2017-04-28 00:00:00-04:00,12125.329958100558,12332.01171875,12125.329958100558,12332.01171875,10,0.0,0.0
2017-05-01 00:00:00-04:00,12228.67643586882,12538.69921875,12125.335508241758,12538.69921875,10,0.0,0.0
2017-05-02 00:00:00-04:00,12538.699795081966,12607.59375,12538.699795081966,12607.59375,10,0.0,0.0
2017-05-03 00:00:00-04:00,12607.59375,12607.59375,12607.59375,12607.59375,0,0.0,0.0
2017-05-04 00:00:00-04:00,12607.59375,12607.59375,12607.59375,12607.59375,0,0.0,0.0
2017-05-05 00:00:00-04:00,12469.8046875,12469.8046875,12469.8046875,12469.8046875,10,0.0,0.0
2017-05-08 00:00:00-04:00,12469.8046875,12469.8046875,12469.8046875,12469.8046875,0,0.0,0.0
2017-05-09 00:00:00-04:00,12407.800527886284,12407.800527886284,12400.9111328125,12400.9111328125,10,0.0,0.0
2017-05-10 00:00:00-04:00,12159.779976584694,12159.779976584694,12125.3330078125,12125.3330078125,10,0.0,0.0
2017-05-11 00:00:00-04:00,12366.4638671875,12366.4638671875,12366.4638671875,12366.4638671875,10,0.0,0.0
2017-05-12 00:00:00-04:00,12139.11328125,12139.11328125,12139.11328125,12139.11328125,10,0.0,0.0
2017-05-15 00:00:00-04:00,12139.11328125,12139.11328125,12139.11328125,12139.11328125,0,0.0,0.0
2017-05-16 00:00:00-04:00,12139.11328125,12139.11328125,12139.11328125,12139.11328125,0,0.0,0.0
2017-05-17 00:00:00-04:00,12263.1220703125,12263.1220703125,12228.675098204882,12263.1220703125,10,0.0,0.0
2017-05-18 00:00:00-04:00,12263.1220703125,12263.1220703125,12263.1220703125,12263.1220703125,0,0.0,0.0
2017-05-19 00:00:00-04:00,12263.1220703125,12263.1220703125,12263.1220703125,12263.1220703125,0,0.0,0.0
2017-05-22 00:00:00-04:00,12263.1220703125,12263.1220703125,12263.1220703125,12263.1220703125,0,0.0,0.0
2017-05-23 00:00:00-04:00,12263.1220703125,12263.1220703125,12263.1220703125,12263.1220703125,0,0.0,0.0
2017-05-24 00:00:00-04:00,12332.014733714788,12332.014733714788,12228.673828125,12228.673828125,10,0.0,0.0
2017-05-25 00:00:00-04:00,12332.014733714788,12332.014733714788,12125.332922535212,12228.673828125,10,0.0,0.0
2017-05-26 00:00:00-04:00,12228.673828125,12228.673828125,12228.673828125,12228.673828125,0,0.0,0.0
2017-05-30 00:00:00-04:00,12402.873046875,12402.873046875,12402.873046875,12402.873046875,10,200.0,0.0
2017-05-31 00:00:00-04:00,12402.871174175047,12437.710699945203,12124.15496801381,12437.3623046875,10,0.0,0.0
2017-06-01 00:00:00-04:00,12124.156280654428,12430.744140625,12124.156280654428,12430.744140625,10,0.0,0.0
2017-06-02 00:00:00-04:00,12430.744140625,12430.744140625,12430.744140625,12430.744140625,0,0.0,0.0
2017-06-05 00:00:00-04:00,12430.744140625,12430.744140625,12430.744140625,12430.744140625,0,0.0,0.0
2017-06-06 00:00:00-04:00,12263.513671875,12263.513671875,12263.513671875,12263.513671875,10,0.0,0.0
2017-06-07 00:00:00-04:00,12263.513671875,12263.513671875,12263.513671875,12263.513671875,0,0.0,0.0
2017-06-08 00:00:00-04:00,12263.513671875,12263.513671875,12263.513671875,12263.513671875,0,0.0,0.0
2017-06-09 00:00:00-04:00,12228.6748046875,12228.6748046875,12228.6748046875,12228.6748046875,10,0.0,0.0
2017-06-12 00:00:00-04:00,12228.6748046875,12228.6748046875,12228.6748046875,12228.6748046875,0,0.0,0.0
2017-06-13 00:00:00-04:00,12228.6748046875,12228.6748046875,12228.6748046875,12228.6748046875,0,0.0,0.0
2017-06-14 00:00:00-04:00,12228.6748046875,12228.6748046875,12228.6748046875,12228.6748046875,0,0.0,0.0
2017-06-15 00:00:00-04:00,12228.6748046875,12228.6748046875,12228.6748046875,12228.6748046875,0,0.0,0.0
2017-06-16 00:00:00-04:00,12228.6748046875,12228.6748046875,12228.6748046875,12228.6748046875,10,0.0,0.0
2017-06-19 00:00:00-04:00,12228.673853380928,12228.673853380928,12124.1552734375,12124.1552734375,10,0.0,0.0
2017-06-20 00:00:00-04:00,12193.8359375,12193.8359375,12193.8359375,12193.8359375,10,0.0,0.0
2017-06-21 00:00:00-04:00,12193.8359375,12193.8359375,12193.8359375,12193.8359375,0,0.0,0.0
2017-06-22 00:00:00-04:00,12228.674957571073,12297.6572265625,12228.674957571073,12297.6572265625,10,0.0,0.0
2017-06-23 00:00:00-04:00,12298.3544921875,12298.3544921875,12298.3544921875,12298.3544921875,10,0.0,0.0
2017-06-26 00:00:00-04:00,12242.611242364555,12298.3544921875,12242.611242364555,12298.3544921875,10,0.0,0.0
2017-06-27 00:00:00-04:00,12242.609927926937,12368.0322265625,12242.609927926937,12368.0322265625,10,0.0,0.0
2017-06-28 00:00:00-04:00,12423.775470400527,12423.775470400527,12368.0322265625,12368.0322265625,10,0.0,0.0
2017-06-29 00:00:00-04:00,12368.03359375,12368.03359375,12158.99640625,12193.8359375,10,0.0,0.0
2017-06-30 00:00:00-04:00,12193.8359375,12193.8359375,12193.8359375,12193.8359375,10,0.0,0.0
2017-07-03 00:00:00-04:00,12193.8359375,12193.8359375,12193.8359375,12193.8359375,0,0.0,0.0
2017-07-05 00:00:00-04:00,12193.835339738649,12430.744140625,12193.835339738649,12430.744140625,10,0.0,0.0
2017-07-06 00:00:00-04:00,12138.0908203125,12138.0908203125,12138.0908203125,12138.0908203125,10,0.0,0.0
2017-07-07 00:00:00-04:00,12158.995062169894,12368.0322265625,11845.439315580987,12368.0322265625,20,0.0,0.0
2017-07-10 00:00:00-04:00,11915.120339368386,12402.873803553057,11852.4091796875,11852.4091796875,20,0.0,0.0
2017-07-11 00:00:00-04:00,11949.957897777289,12368.0322265625,11949.957897777289,12368.0322265625,10,0.0,0.0
2017-07-12 00:00:00-04:00,11915.1196875,12368.03359375,11915.1196875,12193.8359375,10,0.0,0.0
2017-07-13 00:00:00-04:00,12193.834029796511,12193.834029796511,11984.796875,11984.796875,10,0.0,0.0
2017-07-14 00:00:00-04:00,11984.796875,11984.796875,11984.796875,11984.796875,0,0.0,0.0
2017-07-17 00:00:00-04:00,12019.636400799418,12019.636400799418,11984.796875,11984.796875,10,0.0,0.0
2017-07-18 00:00:00-04:00,11984.796875,11984.796875,11984.796875,11984.796875,10,0.0,0.0
2017-07-19 00:00:00-04:00,11984.798711933428,12298.3544921875,11984.798711933428,12298.3544921875,10,0.0,0.0
2017-07-20 00:00:00-04:00,12298.3544921875,12298.3544921875,12298.3544921875,12298.3544921875,0,0.0,0.0
2017-07-21 00:00:00-04:00,12298.3544921875,12298.3544921875,12298.3544921875,12298.3544921875,10,0.0,0.0
2017-07-24 00:00:00-04:00,12019.6416015625,12019.6416015625,12019.6416015625,12019.6416015625,10,0.0,0.0
2017-07-25 00:00:00-04:00,12089.320683310689,12089.320683310689,12019.6416015625,12019.6416015625,10,0.0,0.0
2017-07-26 00:00:00-04:00,12019.6416015625,12019.6416015625,12019.6416015625,12019.6416015625,0,0.0,0.0
2017-07-27 00:00:00-04:00,12193.7646484375,12193.7646484375,12193.7646484375,12193.7646484375,10,0.0,0.0
2017-07-28 00:00:00-04:00,12193.7646484375,12193.7646484375,12193.7646484375,12193.7646484375,0,0.0,0.0
2017-07-31 00:00:00-04:00,12186.8701171875,12186.8701171875,12186.8701171875,12186.8701171875,10,0.0,0.0
2017-08-01 00:00:00-04:00,12186.8701171875,12186.8701171875,12186.8701171875,12186.8701171875,0,0.0,0.0
2017-08-02 00:00:00-04:00,12158.999765058878,12158.999765058878,11929.058795289855,12019.6416015625,10,0.0,0.0
2017-08-03 00:00:00-04:00,12019.6416015625,12019.6416015625,12019.6416015625,12019.6416015625,0,0.0,0.0
2017-08-04 00:00:00-04:00,12019.6416015625,12019.6416015625,12019.6416015625,12019.6416015625,0,0.0,0.0
2017-08-07 00:00:00-04:00,12019.6416015625,12019.6416015625,12019.6416015625,12019.6416015625,0,0.0,0.0
2017-08-08 00:00:00-04:00,12089.318359375,12089.318359375,12089.318359375,12089.318359375,10,0.0,0.0
2017-08-09 00:00:00-04:00,12089.318359375,12089.318359375,12089.318359375,12089.318359375,0,0.0,0.0
2017-08-10 00:00:00-04:00,12089.318359375,12089.318359375,12089.318359375,12089.318359375,0,0.0,0.0
2017-08-11 00:00:00-04:00,12033.572265625,12033.572265625,12033.572265625,12033.572265625,10,0.0,0.0
2017-08-14 00:00:00-04:00,12033.572265625,12033.572265625,12033.572265625,12033.572265625,0,0.0,0.0
2017-08-15 00:00:00-04:00,12033.572265625,12033.572265625,12033.572265625,12033.572265625,0,0.0,0.0
2017-08-16 00:00:00-04:00,12033.572265625,12033.572265625,12033.572265625,12033.572265625,0,0.0,0.0
2017-08-17 00:00:00-04:00,12033.572211119184,12103.251262718022,11984.796875,11984.796875,10,0.0,0.0
2017-08-18 00:00:00-04:00,11984.796875,11984.796875,11984.796875,11984.796875,0,0.0,0.0
2017-08-21 00:00:00-04:00,12061.445408757163,12158.99609375,12061.445408757163,12158.99609375,10,0.0,0.0
2017-08-22 00:00:00-04:00,12158.99609375,12158.99609375,12158.99609375,12158.99609375,0,0.0,0.0
2017-08-23 00:00:00-04:00,12061.444496515123,12061.444496515123,11949.958007812498,11949.9580078125,10,0.0,0.0
2017-08-24 00:00:00-04:00,12186.86803125,12193.8359375,12186.86803125,12193.8359375,10,0.0,0.0
2017-08-25 00:00:00-04:00,12019.6416015625,12019.6416015625,12019.6416015625,12019.6416015625,10,0.0,0.0
2017-08-28 00:00:00-04:00,12026.60546875,12026.60546875,12026.60546875,12026.60546875,10,0.0,0.0
2017-08-29 00:00:00-04:00,12026.60546875,12026.60546875,12026.60546875,12026.60546875,0,0.0,0.0
2017-08-30 00:00:00-04:00,12033.657015908924,12033.657015908924,12026.607421875,12026.607421875,10,200.0,0.0
2017-08-31 00:00:00-04:00,12026.607421875,12026.607421875,12026.607421875,12026.607421875,0,0.0,0.0
2017-09-01 00:00:00-04:00,12054.804767219388,12090.052734375002,12054.804767219388,12090.052734375,10,0.0,0.0
2017-09-05 00:00:00-04:00,12019.5576171875,12040.70639891862,12019.5576171875,12019.5576171875,10,0.0,0.0
2017-09-06 00:00:00-04:00,12019.5576171875,12019.5576171875,12019.5576171875,12019.5576171875,0,0.0,0.0
2017-09-07 00:00:00-04:00,12090.05423828125,12336.790039062498,12090.05423828125,12336.7900390625,10,0.0,0.0
2017-09-08 00:00:00-04:00,11949.0615234375,11949.0615234375,11949.0615234375,11949.0615234375,10,0.0,0.0
2017-09-11 00:00:00-04:00,12336.790039062498,12336.790039062498,12336.790039062498,12336.7900390625,0,0.0,0.0
2017-09-12 00:00:00-04:00,12266.293245298672,12407.285121681414,11949.0615234375,11949.0615234375,10,0.0,0.0
2017-09-13 00:00:00-04:00,11949.0615234375,11949.0615234375,11949.0615234375,11949.0615234375,0,0.0,0.0
2017-09-14 00:00:00-04:00,12336.789183490044,12336.789183490044,11949.0615234375,11949.0615234375,10,0.0,0.0
2017-09-15 00:00:00-04:00,11949.0615234375,11949.0615234375,11949.0615234375,11949.0615234375,0,0.0,0.0
2017-09-18 00:00:00-04:00,11949.0615234375,11949.0615234375,11949.0615234375,11949.0615234375,0,0.0,0.0
2017-09-19 00:00:00-04:00,11984.3083370229,12336.7177734375,11279.349023080376,12336.7177734375,20,0.0,0.0
2017-09-20 00:00:00-04:00,12336.7177734375,12336.7177734375,12336.7177734375,12336.7177734375,0,0.0,0.0
2017-09-21 00:00:00-04:00,11984.30941429364,12054.80535202478,11638.879319411059,11913.8134765625,50,0.0,0.0
2017-09-22 00:00:00-04:00,11984.30941429364,11984.30941429364,11913.8134765625,11913.8134765625,10,0.0,0.0
2017-09-25 00:00:00-04:00,11913.8134765625,11913.8134765625,11913.8134765625,11913.8134765625,0,0.0,0.0
2017-09-26 00:00:00-04:00,11984.305788436026,12054.801704838592,11956.107421875,11956.107421875,10,0.0,0.0
2017-09-27 00:00:00-04:00,11899.713151041668,11899.713151041668,11843.31640625,11843.31640625,10,0.0,0.0
2017-09-28 00:00:00-04:00,11843.31640625,11843.31640625,11843.31640625,11843.31640625,0,0.0,0.0
2017-09-29 00:00:00-04:00,11843.31726199181,12051.2802734375,11843.31726199181,12051.2802734375,10,0.0,0.0
2017-10-02 00:00:00-04:00,12051.2802734375,12051.2802734375,12051.2802734375,12051.2802734375,0,0.0,0.0
2017-10-03 00:00:00-04:00,12051.2802734375,12051.2802734375,12051.2802734375,12051.2802734375,0,0.0,0.0
2017-10-04 00:00:00-04:00,12051.2802734375,12051.2802734375,12051.2802734375,12051.2802734375,0,0.0,0.0
2017-10-05 00:00:00-04:00,11843.31690340909,11984.308771306818,11596.581134588067,11631.8291015625,40,0.0,0.0
2017-10-06 00:00:00-04:00,11631.8291015625,11631.8291015625,11631.8291015625,11631.8291015625,0,0.0,0.0
2017-10-09 00:00:00-04:00,12019.55528711288,12019.55528711288,11772.81954808124,11779.869140625,10,0.0,0.0
2017-10-10 00:00:00-04:00,11744.62109375,11744.62109375,11744.62109375,11744.62109375,10,0.0,0.0
2017-10-11 00:00:00-04:00,11737.574008061336,11737.574008061336,11730.5244140625,11730.5244140625,10,0.0,0.0
2017-10-12 00:00:00-04:00,11744.62109375,11744.62109375,11744.62109375,11744.62109375,10,0.0,0.0
2017-10-13 00:00:00-04:00,11744.620966270584,11772.819335937502,11744.620966270584,11772.8193359375,40,0.0,0.0
2017-10-16 00:00:00-04:00,11772.819335937502,11772.819335937502,11744.620966270584,11772.8193359375,10,0.0,0.0
2017-10-17 00:00:00-04:00,11772.819335937502,11772.819335937502,11772.819335937502,11772.8193359375,0,0.0,0.0
2017-10-18 00:00:00-04:00,11744.62109375,11744.62109375,11744.62109375,11744.62109375,10,0.0,0.0
2017-10-19 00:00:00-04:00,11744.624117187499,12336.790039062498,11744.624117187499,12336.7900390625,10,0.0,0.0
2017-10-20 00:00:00-04:00,11984.309895833334,12223.99609375,11913.813955269608,12223.99609375,10,0.0,0.0
2017-10-23 00:00:00-04:00,11984.308069429006,11984.308069429006,11772.960721078682,11773.1025390625,10,0.0,0.0
2017-10-24 00:00:00-04:00,12223.994230817585,12223.994230817585,11773.1025390625,11773.1025390625,10,0.0,0.0
2017-10-25 00:00:00-04:00,11984.3076171875,11984.3076171875,11984.3076171875,11984.3076171875,10,0.0,0.0
2017-10-26 00:00:00-04:00,11984.3076171875,11984.3076171875,11984.3076171875,11984.3076171875,0,0.0,0.0
2017-10-27 00:00:00-04:00,11984.3076171875,11984.3076171875,11984.3076171875,11984.3076171875,0,0.0,0.0
2017-10-30 00:00:00-04:00,11984.3076171875,11984.3076171875,11984.3076171875,11984.3076171875,0,0.0,0.0
2017-10-31 00:00:00-04:00,11984.308268229166,12160.407654590606,11843.31640625,11843.31640625,10,0.0,0.0
2017-11-01 00:00:00-04:00,11984.307108439372,11984.307108439372,11772.819335937502,11772.8193359375,10,0.0,0.0
2017-11-02 00:00:00-04:00,11772.819335937502,11772.819335937502,11772.819335937502,11772.8193359375,0,0.0,0.0
2017-11-03 00:00:00-04:00,11913.8134765625,11913.8134765625,11913.8134765625,11913.8134765625,10,0.0,0.0
2017-11-06 00:00:00-05:00,11984.168060692371,11984.23828125,11843.31663708048,11984.23828125,10,0.0,0.0
2017-11-07 00:00:00-05:00,11843.315762867647,12118.249878791361,11843.315762867647,11984.3076171875,10,0.0,0.0
2017-11-08 00:00:00-05:00,11949.057830234744,11956.107421875,11949.057830234744,11956.107421875,10,0.0,0.0
2017-11-09 00:00:00-05:00,11956.107421875,11956.107421875,11956.107421875,11956.107421875,0,0.0,0.0
2017-11-10 00:00:00-05:00,11970.208431755515,12054.803544347427,11970.208431755515,11984.3076171875,10,0.0,0.0
2017-11-13 00:00:00-05:00,11913.884601148658,12336.790039062498,11913.884601148658,12336.7900390625,10,0.0,0.0
2017-11-14 00:00:00-05:00,12336.790039062498,12336.790039062498,12336.790039062498,12336.7900390625,0,0.0,0.0
2017-11-15 00:00:00-05:00,12336.790039062498,12336.790039062498,12336.790039062498,12336.7900390625,10,0.0,0.0
2017-11-16 00:00:00-05:00,11913.88191058002,11984.3076171875,11913.88191058002,11984.3076171875,10,0.0,0.0
2017-11-17 00:00:00-05:00,11984.3076171875,11984.3076171875,11984.3076171875,11984.3076171875,0,0.0,0.0
2017-11-20 00:00:00-05:00,11984.310102215417,12231.0458984375,11984.310102215417,12231.0458984375,10,0.0,0.0
2017-11-21 00:00:00-05:00,12160.550181361607,12336.790039062498,12160.550181361607,12336.7900390625,10,0.0,0.0
2017-11-22 00:00:00-05:00,12372.035239479757,12407.283203125,12372.035239479757,12407.283203125,10,0.0,0.0
2017-11-24 00:00:00-05:00,12407.283203125,12407.283203125,12407.283203125,12407.283203125,0,0.0,0.0
2017-11-27 00:00:00-05:00,12442.53108306624,12442.53108306624,12372.03515625,12372.03515625,10,0.0,0.0
2017-11-28 00:00:00-05:00,12400.23638783482,12400.23638783482,12336.790039062498,12336.7900390625,10,0.0,0.0
2017-11-29 00:00:00-05:00,12400.23393938729,12548.275390625,12400.23393938729,12548.275390625,10,0.0,0.0
2017-11-30 00:00:00-05:00,12690.8701171875,12690.8701171875,12690.8701171875,12690.8701171875,0,200.0,0.0
2017-12-01 00:00:00-05:00,12619.571016279679,12762.1650390625,12619.571016279679,12762.1650390625,10,0.0,0.0
2017-12-04 00:00:00-05:00,12762.1650390625,12762.1650390625,12762.1650390625,12762.1650390625,0,0.0,0.0
2017-12-05 00:00:00-05:00,12619.572802734376,12833.4638671875,12619.572802734376,12833.4638671875,10,0.0,0.0
2017-12-06 00:00:00-05:00,12726.5185546875,12726.5185546875,12726.5185546875,12726.5185546875,10,0.0,0.0
2017-12-07 00:00:00-05:00,12726.5185546875,12726.5185546875,12726.5185546875,12726.5185546875,0,0.0,0.0
2017-12-08 00:00:00-05:00,12870.7294921875,12870.7294921875,12870.7294921875,12870.7294921875,0,200.0,0.0
2017-12-11 00:00:00-05:00,13014.939453125,13014.939453125,13014.939453125,13014.939453125,10,0.0,0.0
2017-12-12 00:00:00-05:00,12654.411278609155,12798.62109375,12654.411278609155,12798.62109375,10,0.0,0.0
2017-12-13 00:00:00-05:00,12654.411278609155,12798.62109375,12654.411278609155,12798.62109375,10,0.0,0.0
2017-12-14 00:00:00-05:00,12978.883500532671,12978.883500532671,12690.4638671875,12690.4638671875,10,0.0,0.0
2017-12-15 00:00:00-05:00,12978.88671875,12978.88671875,12870.729329427082,12978.88671875,10,0.0,0.0
2017-12-18 00:00:00-05:00,12978.88671875,12978.88671875,12978.88671875,12978.88671875,0,0.0,0.0
2017-12-19 00:00:00-05:00,13014.939824005292,13195.2021484375,13014.939824005292,13195.2021484375,10,0.0,0.0
2017-12-20 00:00:00-05:00,13108.675859158586,13108.675859158586,13014.939453125,13014.939453125,10,0.0,0.0
2017-12-21 00:00:00-05:00,13015.297589078336,13339.4091796875,13015.297589078336,13339.4091796875,10,0.0,0.0
2017-12-22 00:00:00-05:00,17359.259765625,17359.259765625,14420.984228971962,17359.259765625,10,0.0,0.0
2017-12-26 00:00:00-05:00,14420.9853515625,14420.9853515625,14420.9853515625,14420.9853515625,10,0.0,0.0
2017-12-27 00:00:00-05:00,15322.297605822834,15322.297605822834,14421.70703125,14421.70703125,10,0.0,0.0
2017-12-28 00:00:00-05:00,14493.087782280736,14493.087782280736,14428.193359375,14428.193359375,10,0.0,0.0
2017-12-29 00:00:00-05:00,14428.19547281704,14889.6669921875,14428.19547281704,14889.6669921875,10,0.0,0.0
2018-01-02 00:00:00-05:00,14889.666367187501,15322.295898437502,14889.666367187501,15322.2958984375,10,0.0,0.0
2018-01-03 00:00:00-05:00,15322.295898437502,15322.295898437502,15322.295898437502,15322.2958984375,0,0.0,0.0
2018-01-04 00:00:00-05:00,15142.030939157825,15502.483662078817,13375.677540970051,13591.775390625,10,0.0,0.0
2018-01-05 00:00:00-05:00,13699.933035714286,15142.031250000002,13699.933035714286,15142.03125,10,0.0,0.0
2018-01-08 00:00:00-05:00,15142.031250000002,15142.031250000002,15142.031250000002,15142.03125,0,0.0,0.0
2018-01-09 00:00:00-05:00,15142.031250000002,15142.031250000002,15142.031250000002,15142.03125,10,0.0,0.0
2018-01-10 00:00:00-05:00,14420.982142857143,15142.031250000002,14420.982142857143,15142.03125,10,0.0,0.0
2018-01-11 00:00:00-05:00,15141.959560524143,15790.9755859375,15055.50549015411,15790.9755859375,10,0.0,0.0
2018-01-12 00:00:00-05:00,15790.978198902028,16223.607738597973,15790.978198902028,16007.29296875,10,0.0,0.0
2018-01-16 00:00:00-05:00,16403.873046875,16403.873046875,16403.873046875,16403.873046875,10,0.0,0.0
2018-01-17 00:00:00-05:00,16757.18345744681,16944.65625,16403.869348404256,16944.65625,10,0.0,0.0
2018-01-18 00:00:00-05:00,16620.185275135867,16944.657438858696,16584.1328125,16584.1328125,10,0.0,0.0
2018-01-19 00:00:00-05:00,17305.110413575985,17305.110413575985,17124.919921875,17124.919921875,10,0.0,0.0
2018-01-22 00:00:00-05:00,16223.606169091036,16944.655332161747,16079.396336476892,16187.5537109375,10,0.0,0.0
2018-01-23 00:00:00-05:00,16216.396555851063,16944.65625,16216.396555851063,16944.65625,10,0.0,0.0
2018-01-24 00:00:00-05:00,16584.132472446985,16584.132472446985,16151.5029296875,16151.5029296875,10,0.0,0.0
2018-01-25 00:00:00-05:00,16151.5029296875,16151.5029296875,16151.5029296875,16151.5029296875,0,0.0,0.0
2018-01-26 00:00:00-05:00,16584.1328125,16584.1328125,16151.503260869566,16584.1328125,10,0.0,0.0
2018-01-29 00:00:00-05:00,16584.1328125,16584.1328125,16584.1328125,16584.1328125,10,0.0,0.0
2018-01-30 00:00:00-05:00,16584.133154296876,16728.343007812502,14420.9853515625,14420.9853515625,10,0.0,0.0
2018-01-31 00:00:00-05:00,14420.9853515625,14420.9853515625,14420.9853515625,14420.9853515625,0,0.0,0.0
2018-02-01 00:00:00-05:00,15863.081857638888,16295.711362847223,15863.081857638888,16223.6064453125,10,0.0,0.0
2018-02-02 00:00:00-05:00,15935.1904296875,15935.1904296875,15935.1904296875,15935.1904296875,10,0.0,0.0
2018-02-05 00:00:00-05:00,16584.056640625,16584.056640625,16584.056640625,16584.056640625,10,0.0,0.0
2018-02-06 00:00:00-05:00,16584.056640625,16584.056640625,16584.056640625,16584.056640625,0,0.0,0.0
2018-02-07 00:00:00-05:00,16584.056640625,16584.056640625,16584.056640625,16584.056640625,0,0.0,0.0
2018-02-08 00:00:00-05:00,16584.056640625,16584.056640625,16584.056640625,16584.056640625,0,0.0,0.0
2018-02-09 00:00:00-05:00,15935.184838120427,16403.86674512397,13735.985120642268,16403.794921875,10,0.0,0.0
2018-02-12 00:00:00-05:00,15899.136350097657,15899.136350097657,13447.64066359892,14420.9853515625,10,0.0,0.0
2018-02-13 00:00:00-05:00,14817.559827129495,14817.559827129495,14601.245085127604,14781.435546875,10,0.0,0.0
2018-02-14 00:00:00-05:00,14781.435546875,14781.435546875,14781.435546875,14781.435546875,0,0.0,0.0
2018-02-15 00:00:00-05:00,14781.435546875,14781.435546875,14781.435546875,14781.435546875,0,0.0,0.0
2018-02-16 00:00:00-05:00,15142.03227124183,16548.078125,15142.03227124183,16548.078125,10,0.0,0.0
2018-02-20 00:00:00-05:00,16548.078125,16548.078125,16548.078125,16548.078125,0,0.0,0.0
2018-02-21 00:00:00-05:00,16548.082919814562,16865.344640281593,16403.873046875,16403.873046875,10,0.0,0.0
2018-02-22 00:00:00-05:00,16403.86748905137,16403.86748905137,15178.083984375002,15178.083984375,10,0.0,0.0
2018-02-23 00:00:00-05:00,15178.083984375002,15178.083984375002,15178.083984375002,15178.083984375,0,0.0,0.0
2018-02-26 00:00:00-05:00,15178.083984375002,15178.083984375002,15178.083984375002,15178.083984375,0,0.0,0.0
2018-02-27 00:00:00-05:00,15178.083984375002,15178.083984375002,15178.083984375002,15178.083984375,0,0.0,0.0
2018-02-28 00:00:00-05:00,16528.056640625,16528.056640625,16528.056640625,16528.056640625,10,250.0,0.0
2018-03-01 00:00:00-05:00,16528.056640625,16528.056640625,16528.056640625,16528.056640625,0,0.0,0.0
2018-03-02 00:00:00-05:00,16528.056640625,16528.056640625,16528.056640625,16528.056640625,0,0.0,0.0
2018-03-05 00:00:00-05:00,16528.056640625,16528.056640625,16528.056640625,16528.056640625,0,0.0,0.0
2018-03-06 00:00:00-05:00,15871.312668149834,16528.056640625,15871.312668149834,16528.056640625,10,0.0,0.0
2018-03-07 00:00:00-05:00,16528.056640625,16528.056640625,16528.056640625,16528.056640625,0,0.0,0.0
2018-03-08 00:00:00-05:00,16418.603936527845,16418.603936527845,16126.717644322904,16418.53125,10,0.0,0.0
2018-03-09 00:00:00-05:00,16418.6015625,16418.6015625,16418.6015625,16418.6015625,10,0.0,0.0
2018-03-12 00:00:00-04:00,16418.6015625,16418.6015625,16418.6015625,16418.6015625,10,0.0,0.0
2018-03-13 00:00:00-04:00,16418.6015625,16418.6015625,16418.6015625,16418.6015625,0,0.0,0.0
2018-03-14 00:00:00-04:00,16418.6015625,16418.6015625,16418.6015625,16418.6015625,0,0.0,0.0
2018-03-15 00:00:00-04:00,16601.03046875,16601.03046875,16418.6015625,16418.6015625,10,0.0,0.0
2018-03-16 00:00:00-04:00,16564.54710582386,16564.54710582386,16053.746093749998,16053.74609375,10,0.0,0.0
2018-03-19 00:00:00-04:00,16053.746093749998,16053.746093749998,16053.746093749998,16053.74609375,0,0.0,0.0
2018-03-20 00:00:00-04:00,16418.600216427363,16418.600216427363,16199.685546874998,16199.685546875,10,0.0,0.0
2018-03-21 00:00:00-04:00,16199.685546874998,16199.685546874998,16199.685546874998,16199.685546875,0,0.0,0.0
2018-03-22 00:00:00-04:00,16199.685546874998,16199.685546874998,16199.685546874998,16199.685546875,0,0.0,0.0
2018-03-23 00:00:00-04:00,16236.170258620688,16236.170258620688,15506.45474137931,15871.3125,10,0.0,0.0
2018-03-26 00:00:00-04:00,15871.3125,15871.3125,15871.3125,15871.3125,0,0.0,0.0
2018-03-27 00:00:00-04:00,15871.3125,15871.3125,15871.3125,15871.3125,0,0.0,0.0
2018-03-28 00:00:00-04:00,15688.8828125,15688.8828125,15688.8828125,15688.8828125,10,0.0,0.0
2018-03-29 00:00:00-04:00,15688.8828125,15688.8828125,15688.8828125,15688.8828125,0,0.0,0.0
2018-04-02 00:00:00-04:00,15688.88513764881,15688.88513764881,15324.02734375,15324.02734375,10,0.0,0.0
2018-04-03 00:00:00-04:00,15324.02734375,15324.02734375,15324.02734375,15324.02734375,0,0.0,0.0
2018-04-04 00:00:00-04:00,15324.02734375,15324.02734375,15324.02734375,15324.02734375,0,0.0,0.0
2018-04-05 00:00:00-04:00,15324.02734375,15324.02734375,15324.02734375,15324.02734375,10,0.0,0.0
2018-04-06 00:00:00-04:00,15178.088768115944,15324.031929347828,15105.1171875,15105.1171875,10,0.0,0.0
2018-04-09 00:00:00-04:00,14959.16999457196,14959.16999457196,14630.797970300868,14703.76953125,20,0.0,0.0
2018-04-10 00:00:00-04:00,14638.096966463416,15688.887576219513,14638.096966463416,14959.171875,10,0.0,0.0
2018-04-11 00:00:00-04:00,15068.629988704819,15141.6015625,14959.172628012047,15141.6015625,10,0.0,0.0
2018-04-12 00:00:00-04:00,15141.6015625,15688.81567943527,15141.6015625,15141.6015625,10,0.0,0.0
2018-04-13 00:00:00-04:00,15506.458650914636,15688.814889694588,14959.171875,14959.171875,10,0.0,0.0
2018-04-16 00:00:00-04:00,15141.6015625,15141.6015625,15141.6015625,15141.6015625,10,0.0,0.0
2018-04-17 00:00:00-04:00,15506.45394258721,15688.8828125,15506.45394258721,15688.8828125,10,0.0,0.0
2018-04-18 00:00:00-04:00,15688.8828125,15688.8828125,15688.8828125,15688.8828125,0,0.0,0.0
2018-04-19 00:00:00-04:00,15688.8828125,15688.8828125,15688.8828125,15688.8828125,0,0.0,0.0
2018-04-20 00:00:00-04:00,15141.6015625,15141.6015625,15141.6015625,15141.6015625,10,0.0,0.0
2018-04-23 00:00:00-04:00,15141.60080030488,15141.60080030488,14959.171875,14959.171875,10,0.0,0.0
2018-04-24 00:00:00-04:00,15688.890367445056,16601.03515625,15688.890367445056,16601.03515625,10,0.0,0.0
2018-04-25 00:00:00-04:00,16236.177946671196,16783.46484375,15506.462083899458,16783.46484375,10,0.0,0.0
2018-04-26 00:00:00-04:00,16418.6015625,16418.6015625,16418.6015625,16418.6015625,10,0.0,0.0
2018-04-27 00:00:00-04:00,16418.6015625,16418.6015625,16418.6015625,16418.6015625,0,0.0,0.0
2018-04-30 00:00:00-04:00,16418.6015625,16418.6015625,16418.6015625,16418.6015625,0,0.0,0.0
2018-05-01 00:00:00-04:00,16418.6015625,16418.6015625,16418.6015625,16418.6015625,0,0.0,0.0
2018-05-02 00:00:00-04:00,16418.6015625,16418.6015625,16418.6015625,16418.6015625,10,0.0,0.0
2018-05-03 00:00:00-04:00,16418.6015625,16418.6015625,16418.6015625,16418.6015625,0,0.0,0.0
2018-05-04 00:00:00-04:00,16491.576857465203,16776.166015625,16491.576857465203,16776.166015625,10,0.0,0.0
2018-05-07 00:00:00-04:00,16345.633699434537,16776.166015625,16345.633699434537,16776.166015625,10,0.0,0.0
2018-05-08 00:00:00-04:00,16776.166015625,16776.166015625,16776.166015625,16776.166015625,0,0.0,0.0
2018-05-09 00:00:00-04:00,16776.166015625,16776.166015625,16776.166015625,16776.166015625,0,0.0,0.0
2018-05-10 00:00:00-04:00,16776.166015625,16776.166015625,16776.166015625,16776.166015625,10,0.0,0.0
2018-05-11 00:00:00-04:00,16783.460521941488,17148.318359375,16783.460521941488,17148.318359375,10,0.0,0.0
2018-05-14 00:00:00-04:00,16783.46484375,16783.46484375,16783.46484375,16783.46484375,10,0.0,0.0
2018-05-15 00:00:00-04:00,16345.63002947788,16783.38671875,16053.816465468954,16783.38671875,10,0.0,0.0
2018-05-16 00:00:00-04:00,16783.46484375,16783.46484375,16776.167685122284,16783.46484375,10,0.0,0.0
2018-05-17 00:00:00-04:00,16564.55008491848,16783.46484375,15141.604152513588,16783.46484375,10,0.0,0.0
2018-05-18 00:00:00-04:00,16564.55008491848,16783.46484375,16564.55008491848,16783.46484375,10,0.0,0.0
2018-05-21 00:00:00-04:00,16783.46484375,16783.46484375,16783.46484375,16783.46484375,0,0.0,0.0
2018-05-22 00:00:00-04:00,16746.97473819814,17148.318359375,16746.97473819814,17148.318359375,10,0.0,0.0
2018-05-23 00:00:00-04:00,16053.816465468954,16783.38671875,15688.8859657935,16783.38671875,10,0.0,0.0
2018-05-24 00:00:00-04:00,15688.886212901056,15966.10546875,15688.886212901056,15966.10546875,10,0.0,0.0
2018-05-25 00:00:00-04:00,15966.10546875,15966.10546875,15966.10546875,15966.10546875,0,0.0,0.0
2018-05-29 00:00:00-04:00,15966.10546875,15966.10546875,15966.10546875,15966.10546875,0,0.0,0.0
2018-05-30 00:00:00-04:00,15966.10546875,15966.10546875,15966.10546875,15966.10546875,0,0.0,0.0
2018-05-31 00:00:00-04:00,16150.642578125,16150.642578125,16150.642578125,16150.642578125,0,250.0,0.0
2018-06-01 00:00:00-04:00,16054.7548828125,16054.7548828125,15870.217470366379,16054.7548828125,10,0.0,0.0
2018-06-04 00:00:00-04:00,16054.7548828125,16054.7548828125,16054.7548828125,16054.7548828125,0,0.0,0.0
2018-06-05 00:00:00-04:00,16017.8505859375,16017.8505859375,16017.8505859375,16017.8505859375,10,0.0,0.0
2018-06-06 00:00:00-04:00,16017.847400323275,16054.7548828125,16017.847400323275,16054.7548828125,10,0.0,0.0
2018-06-07 00:00:00-04:00,15870.216796874998,16239.29160610465,15870.216796874998,15870.216796875,50,0.0,0.0
2018-06-08 00:00:00-04:00,15980.942645037614,16054.757622612846,15944.03515625,15944.03515625,30,0.0,0.0
2018-06-11 00:00:00-04:00,16608.37109375,16608.37109375,16608.37109375,16608.37109375,10,0.0,0.0
2018-06-12 00:00:00-04:00,15914.506449353448,16054.7548828125,15914.506449353448,16054.7548828125,10,0.0,0.0
2018-06-13 00:00:00-04:00,15944.032435344827,16054.7548828125,15944.032435344827,16054.7548828125,10,0.0,0.0
2018-06-14 00:00:00-04:00,16091.665111400462,16091.665111400462,15944.03515625,15944.03515625,10,0.0,0.0
2018-06-15 00:00:00-04:00,15951.416654007522,16091.665111400462,15944.03515625,15944.03515625,10,0.0,0.0
2018-06-18 00:00:00-04:00,15914.505773982557,15914.505773982557,15870.216796874998,15870.216796875,10,0.0,0.0
2018-06-19 00:00:00-04:00,15944.033604452055,16165.478515625,15944.033604452055,16165.478515625,10,0.0,0.0
2018-06-20 00:00:00-04:00,15870.220626620103,16017.8505859375,15870.220626620103,16017.8505859375,10,0.0,0.0
2018-06-21 00:00:00-04:00,16017.8505859375,16017.8505859375,16017.8505859375,16017.8505859375,0,0.0,0.0
2018-06-22 00:00:00-04:00,15980.943359374998,15980.943359374998,15980.943359374998,15980.943359375,10,0.0,0.0
2018-06-25 00:00:00-04:00,16239.2998046875,16239.2998046875,16239.2998046875,16239.2998046875,10,0.0,0.0
2018-06-26 00:00:00-04:00,16239.2998046875,16239.2998046875,16239.2998046875,16239.2998046875,0,0.0,0.0
2018-06-27 00:00:00-04:00,16239.2998046875,16239.2998046875,16239.2998046875,16239.2998046875,0,0.0,0.0
2018-06-28 00:00:00-04:00,16239.2998046875,16239.2998046875,16239.2998046875,16239.2998046875,0,0.0,0.0
2018-06-29 00:00:00-04:00,15870.219375568699,16239.29424476797,15870.219375568699,16224.53125,10,0.0,0.0
2018-07-02 00:00:00-04:00,16054.75651995075,16054.75651995075,15877.600585937502,15877.6005859375,10,0.0,0.0
2018-07-03 00:00:00-04:00,15877.600585937502,15877.600585937502,15877.600585937502,15877.6005859375,0,0.0,0.0
2018-07-05 00:00:00-04:00,15877.600585937502,15877.600585937502,15877.600585937502,15877.6005859375,0,0.0,0.0
2018-07-06 00:00:00-04:00,16165.480206257118,16202.3876953125,16165.480206257118,16202.3876953125,0,0.0,0.0
2018-07-09 00:00:00-04:00,16202.3876953125,16202.3876953125,16202.3876953125,16202.3876953125,10,0.0,0.0
2018-07-10 00:00:00-04:00,16202.3876953125,16202.3876953125,16202.3876953125,16202.3876953125,10,0.0,0.0
2018-07-11 00:00:00-04:00,16202.386787101606,16241.1396484375,16202.386787101606,16241.1396484375,10,0.0,0.0
2018-07-12 00:00:00-04:00,16726.47154605263,16829.8125,16719.090049342107,16829.8125,10,0.0,0.0
2018-07-13 00:00:00-04:00,16829.81214065162,17331.75390625,16829.81214065162,17331.75390625,10,0.0,0.0
2018-07-16 00:00:00-04:00,16977.443242521367,17331.755101495724,16829.81330128205,17272.703125,10,0.0,0.0
2018-07-17 00:00:00-04:00,17272.703125,17309.61061030983,17272.703125,17272.703125,10,0.0,0.0
2018-07-18 00:00:00-04:00,17272.703125,17272.703125,17272.703125,17272.703125,10,0.0,0.0
2018-07-19 00:00:00-04:00,17309.607971556885,17309.607971556885,17257.9375,17257.9375,10,0.0,0.0
2018-07-20 00:00:00-04:00,17272.703125,17272.703125,17272.703125,17272.703125,10,0.0,0.0
2018-07-23 00:00:00-04:00,17346.521484375,17346.521484375,17346.521484375,17346.521484375,10,0.0,0.0
2018-07-24 00:00:00-04:00,17346.521484375,17346.521484375,17346.521484375,17346.521484375,10,0.0,0.0
2018-07-25 00:00:00-04:00,17346.521484375,17346.521484375,17346.521484375,17346.521484375,10,0.0,0.0
2018-07-26 00:00:00-04:00,17346.521484375,17346.521484375,17346.521484375,17346.521484375,10,0.0,0.0
2018-07-27 00:00:00-04:00,17346.521484375,17346.521484375,17346.521484375,17346.521484375,10,0.0,0.0
2018-07-30 00:00:00-04:00,17346.52609142781,17383.43359375,17346.52609142781,17383.43359375,10,0.0,0.0
2018-07-31 00:00:00-04:00,17715.59342783505,17900.130859375,17715.59342783505,17900.130859375,10,0.0,0.0
2018-08-01 00:00:00-04:00,18084.666776851096,19191.891273393,17715.665471297187,18143.71875,10,0.0,0.0
2018-08-02 00:00:00-04:00,18822.81803701456,19191.892900485436,18822.81803701456,19007.35546875,10,0.0,0.0
2018-08-03 00:00:00-04:00,19191.892900485436,19191.892900485436,19007.35546875,19007.35546875,10,0.0,0.0
2018-08-06 00:00:00-04:00,19044.262557461923,19930.04221129736,19044.262557461923,19870.990234375,10,0.0,0.0
2018-08-07 00:00:00-04:00,19870.992998705427,19870.992998705427,18896.635243939785,19561.265625,10,0.0,0.0
2018-08-08 00:00:00-04:00,19930.04458142202,20254.830493119265,19192.19033036958,20114.58203125,10,0.0,0.0
2018-08-09 00:00:00-04:00,20114.580403645832,20225.302864583333,19930.04296875,19930.04296875,10,0.0,0.0
2018-08-10 00:00:00-04:00,19413.33638789431,20365.549465475437,19413.33638789431,20358.16796875,10,0.0,0.0
2018-08-13 00:00:00-04:00,218.86138944259463,243.58940477590633,217.01601516398927,222.17567443847656,2000,0.0,0.1
2018-08-14 00:00:00-04:00,222.9064169807826,222.9064169807826,217.02336396135667,221.40797424316406,500,0.0,0.0
2018-08-15 00:00:00-04:00,220.70677039736793,220.70677039736793,216.97912325244397,217.01602172851562,400,0.0,0.0
2018-08-16 00:00:00-04:00,221.44491684496703,221.44491684496703,214.06341961680147,220.3376922607422,400,0.0,0.0
2018-08-17 00:00:00-04:00,220.3376977664908,221.44492237838273,214.80157470703125,214.80157470703125,500,0.0,0.0
2018-08-20 00:00:00-04:00,214.80156289983597,214.80156289983597,206.68930489778208,214.79417419433594,500,0.0,0.0
2018-08-21 00:00:00-04:00,204.0615504702459,216.27053369313657,204.0615504702459,215.90145874023438,200,0.0,0.0
2018-08-22 00:00:00-04:00,215.53970742392374,215.53970742392374,210.37265964321324,211.11080932617188,300,0.0,0.0
2018-08-23 00:00:00-04:00,210.37268886362529,214.05604908470846,206.68193993619326,207.4200897216797,600,0.0,0.0
2018-08-24 00:00:00-04:00,213.32530557707463,213.32530557707463,199.300458497613,213.3179168701172,600,0.0,0.0
2018-08-27 00:00:00-04:00,210.3652905956576,210.3652905956576,202.99118178231376,206.6819305419922,200,0.0,0.0
2018-08-28 00:00:00-04:00,210.3578979354794,210.3578979354794,191.92630004882812,191.92630004882812,300,0.0,0.0
2018-08-29 00:00:00-04:00,202.9912155274362,210.3505706787109,193.4026558642896,210.35057067871094,300,0.0,0.0
2018-08-30 00:00:00-04:00,216.4944814046224,216.4944814046224,201.56382751464844,201.56382751464844,500,3.2,0.0
2018-08-31 00:00:00-04:00,201.56382751464844,206.744766237059,194.84503326416018,201.56382751464844,700,0.0,0.0
2018-09-04 00:00:00-04:00,201.56384499289774,205.2965087890625,198.57771395596592,205.2965087890625,200,0.0,0.0
2018-09-05 00:00:00-04:00,205.29649098714194,206.7746339239025,201.56382751464844,201.56382751464844,100,0.0,0.0
2018-09-06 00:00:00-04:00,212.38857000177558,212.38857000177558,198.57771395596592,205.2965087890625,200,0.0,0.0
2018-09-07 00:00:00-04:00,206.78958619946113,206.78958619946113,204.54998779296875,204.54998779296875,100,0.0,0.0
2018-09-10 00:00:00-04:00,201.56386487624226,203.0569305419922,201.56386487624226,203.0569305419922,100,0.0,0.0
2018-09-11 00:00:00-04:00,202.31041131751815,205.29654284988004,197.08468113588484,199.32427978515625,300,0.0,0.0
2018-09-12 00:00:00-04:00,201.56387156360555,201.56387156360555,197.83120727539062,197.83120727539062,100,0.0,0.0
2018-09-13 00:00:00-04:00,200.0707707488214,200.0707707488214,189.61931257537552,197.82369995117188,100,0.0,0.0
2018-09-14 00:00:00-04:00,197.08466759743345,197.08466759743345,196.338134765625,196.338134765625,100,0.0,0.0
2018-09-17 00:00:00-04:00,196.33809517218722,201.56382394102872,196.33809517218722,200.81729125976562,100,0.0,0.0
2018-09-18 00:00:00-04:00,200.81729482014975,201.56382751464844,200.81729482014975,201.56382751464844,200,0.0,0.0
2018-09-19 00:00:00-04:00,201.56385036799443,201.56385036799443,196.34559353215997,200.80984497070312,200,0.0,0.0
2018-09-20 00:00:00-04:00,200.8098090399491,201.5638143023268,197.85354614257812,197.85354614257812,100,0.0,0.0
2018-09-21 00:00:00-04:00,201.56386910322016,201.56386910322016,196.33813916350704,201.556396484375,100,0.0,0.0
2018-09-24 00:00:00-04:00,200.0707550048828,200.80981505577412,199.32422233695416,200.0707550048828,100,0.0,0.0
2018-09-25 00:00:00-04:00,197.83116404215497,202.3028875918438,196.33809865315757,201.56382751464844,200,0.0,0.0
2018-09-26 00:00:00-04:00,201.56382751464844,201.56382751464844,201.56382751464844,201.56382751464844,0,0.0,0.0
2018-09-27 00:00:00-04:00,201.54891967773438,201.54891967773438,197.83117838788567,201.54891967773438,100,0.0,0.0
2018-09-28 00:00:00-04:00,194.84504166209845,197.82369995117188,192.61291609969973,197.82369995117188,100,0.0,0.0
2018-10-01 00:00:00-04:00,192.60546817310816,197.4579315185547,192.60546817310816,197.4579315185547,100,0.0,0.0
2018-10-02 00:00:00-04:00,195.5916290283203,195.5916290283203,195.5916290283203,195.5916290283203,100,0.0,0.0
2018-10-03 00:00:00-04:00,197.83117441030652,197.83117441030652,194.0985107421875,194.0985107421875,300,0.0,0.0
2018-10-04 00:00:00-04:00,193.35197800856372,194.0985107421875,190.3658470740685,194.0985107421875,400,0.0,0.0
2018-10-05 00:00:00-04:00,197.83120727539062,200.07080584831957,194.0985429871757,197.83120727539062,200,0.0,0.0
2018-10-08 00:00:00-04:00,194.0985107421875,194.0985107421875,194.0985107421875,194.0985107421875,100,0.0,0.0
2018-10-09 00:00:00-04:00,197.83117441030652,197.83117441030652,194.0985107421875,194.0985107421875,100,0.0,0.0
2018-10-10 00:00:00-04:00,197.83117441030652,197.83117441030652,194.0985107421875,194.0985107421875,500,0.0,0.0
2018-10-11 00:00:00-04:00,195.96487513128318,197.83120727539062,195.96487513128318,197.83120727539062,100,0.0,0.0
2018-10-12 00:00:00-04:00,197.83120727539062,197.83120727539062,197.83120727539062,197.83120727539062,100,0.0,0.0
2018-10-15 00:00:00-04:00,194.09849455862334,197.08462524414062,194.09849455862334,197.08462524414062,100,0.0,0.0
2018-10-16 00:00:00-04:00,197.8311959419215,199.51089477539062,197.8311959419215,199.51089477539062,100,0.0,0.0
2018-10-17 00:00:00-04:00,194.0985107421875,194.0985107421875,188.87278160682092,194.0985107421875,600,0.0,0.0
2018-10-18 00:00:00-04:00,194.0985174005682,205.2965087890625,194.0985174005682,205.2965087890625,100,0.0,0.0
2018-10-19 00:00:00-04:00,203.80345153808594,203.80345153808594,203.80345153808594,203.80345153808594,100,0.0,0.0
2018-10-22 00:00:00-04:00,203.80345153808594,203.80345153808594,203.80345153808594,203.80345153808594,100,0.0,0.0
2018-10-23 00:00:00-04:00,203.80345153808594,203.80345153808594,203.80345153808594,203.80345153808594,100,0.0,0.0
2018-10-24 00:00:00-04:00,203.80345153808594,203.80345153808594,203.80345153808594,203.80345153808594,0,0.0,0.0
2018-10-25 00:00:00-04:00,199.32426816203534,206.7895965576172,199.32426816203534,206.7895965576172,300,0.0,0.0
2018-10-26 00:00:00-04:00,206.7895765032087,209.0291748046875,205.29651096888952,209.0291748046875,400,0.0,0.0
2018-10-29 00:00:00-04:00,209.0291748046875,209.0291748046875,205.29651096888952,209.0291748046875,200,0.0,0.0
2018-10-30 00:00:00-04:00,209.0291748046875,209.0291748046875,209.0291748046875,209.0291748046875,100,0.0,0.0
2018-10-31 00:00:00-04:00,209.0291748046875,209.0291748046875,209.0291748046875,209.0291748046875,100,0.0,0.0
2018-11-01 00:00:00-04:00,209.0291748046875,209.0291748046875,209.0291748046875,209.0291748046875,100,0.0,0.0
2018-11-02 00:00:00-04:00,209.0291748046875,209.0291748046875,209.0291748046875,209.0291748046875,100,0.0,0.0
2018-11-05 00:00:00-05:00,209.0291748046875,209.0291748046875,206.7895765032087,209.0291748046875,100,0.0,0.0
2018-11-06 00:00:00-05:00,206.7895965576172,206.7895965576172,206.7895965576172,206.7895965576172,100,0.0,0.0
2018-11-07 00:00:00-05:00,206.78957781584364,206.78957781584364,205.29651227204695,206.0430450439453,100,0.0,0.0
2018-11-08 00:00:00-05:00,206.0430450439453,206.0430450439453,206.0430450439453,206.0430450439453,100,0.0,0.0
2018-11-09 00:00:00-05:00,206.04302166177214,207.5360870361328,204.54995628741148,207.5360870361328,100,0.0,0.0
2018-11-12 00:00:00-05:00,204.5499782017299,209.0291748046875,204.5499782017299,209.0291748046875,100,0.0,0.0
2018-11-13 00:00:00-05:00,208.95451697149716,209.0291748046875,208.95451697149716,209.0291748046875,100,0.0,0.0
2018-11-14 00:00:00-05:00,206.04306882177562,211.268798828125,204.55000310567578,211.268798828125,100,0.0,0.0
2018-11-15 00:00:00-05:00,211.2687954192466,211.2687954192466,209.4024633042356,210.5222625732422,100,0.0,0.0
2018-11-16 00:00:00-05:00,210.52224383914174,211.26877661871316,209.7757110595703,209.7757110595703,500,0.0,0.0
2018-11-19 00:00:00-05:00,211.2687954192466,211.2687954192466,210.5222625732422,210.5222625732422,100,0.0,0.0
2018-11-20 00:00:00-05:00,211.268798828125,211.268798828125,211.268798828125,211.268798828125,100,0.0,0.0
2018-11-21 00:00:00-05:00,211.268798828125,212.7618645442248,210.5222659700751,211.268798828125,200,0.0,0.0
2018-11-23 00:00:00-05:00,211.8286713747911,212.0153045654297,211.8286713747911,212.0153045654297,100,0.0,0.0
2018-11-26 00:00:00-05:00,208.28266739592536,212.00785906723448,208.28266739592536,211.268798828125,300,0.0,0.0
2018-11-27 00:00:00-05:00,215.001435615647,215.001435615647,212.0153045654297,212.0153045654297,300,0.0,0.0
2018-11-28 00:00:00-05:00,212.0153093982846,212.0153093982846,205.29651438214177,209.7757110595703,300,0.0,0.0
2018-11-29 00:00:00-05:00,212.192133804376,212.192133804376,210.68186950683594,210.68186950683594,100,3.2,0.0
2018-11-30 00:00:00-05:00,210.68184414950287,210.68184414950287,205.3959197443182,207.66131591796875,1900,0.0,0.0
2018-12-03 00:00:00-05:00,206.5286178311435,208.03888194691052,206.5286178311435,207.66131591796875,100,0.0,0.0
2018-12-04 00:00:00-05:00,206.15103932752967,211.8145294189453,205.3959073153409,211.8145294189453,200,0.0,0.0
2018-12-06 00:00:00-05:00,209.92674255371094,209.92674255371094,207.66134605133274,209.92674255371094,100,0.0,0.0
2018-12-07 00:00:00-05:00,209.92674734933036,211.43701171875,209.92674734933036,211.43701171875,400,0.0,0.0
2018-12-10 00:00:00-05:00,213.70240827287947,213.70240827287947,205.39595424107145,211.43701171875,100,0.0,0.0
2018-12-11 00:00:00-05:00,211.43700165560597,211.43700165560597,210.68186950683594,210.68186950683594,100,0.0,0.0
2018-12-12 00:00:00-05:00,210.68186950683594,210.68186950683594,210.68186950683594,210.68186950683594,100,0.0,0.0
2018-12-13 00:00:00-05:00,210.68187953404018,214.38202263015722,210.68187953404018,211.43701171875,100,0.0,0.0
2018-12-14 00:00:00-05:00,211.4369604401429,211.4369604401429,201.46920880147337,203.13050842285156,1800,0.0,0.0
2018-12-17 00:00:00-05:00,205.01836993877706,205.01836993877706,196.3343505859375,196.3343505859375,400,0.0,0.0
2018-12-18 00:00:00-05:00,196.3343505859375,197.84461482121395,196.3343505859375,196.3343505859375,400,0.0,0.0
2018-12-19 00:00:00-05:00,192.5586899977464,197.0970413990892,187.4615482036884,196.3343505859375,400,0.0,0.0
2018-12-20 00:00:00-05:00,196.3343505859375,196.3343505859375,196.25883276521301,196.3343505859375,100,0.0,0.0
2018-12-21 00:00:00-05:00,196.3343431804978,196.3343431804978,173.68038050582498,192.93624877929688,900,0.0,0.0
2018-12-24 00:00:00-05:00,191.8035581121185,194.06895446777344,181.23170845239542,194.06895446777344,100,0.0,0.0
2018-12-26 00:00:00-05:00,188.78304958343506,193.3138427734375,163.1085548400879,193.3138427734375,500,0.0,0.0
2018-12-27 00:00:00-05:00,191.04842092824538,196.33434561795968,190.29328882971475,194.82408142089844,100,0.0,0.0
2018-12-28 00:00:00-05:00,192.5586851253066,194.82408142089844,190.29328882971475,194.82408142089844,100,0.0,0.0
2018-12-31 00:00:00-05:00,190.7161613169518,190.7161613169518,190.2932891845703,190.2932891845703,100,0.0,0.0
2019-01-02 00:00:00-05:00,185.08291486384232,198.5997772216797,185.08291486384232,198.5997772216797,100,0.0,0.0
2019-01-03 00:00:00-05:00,198.5997772216797,198.5997772216797,198.5997772216797,198.5997772216797,0,0.0,0.0
2019-01-04 00:00:00-05:00,198.5997772216797,198.5997772216797,198.5997772216797,198.5997772216797,100,0.0,0.0
2019-01-07 00:00:00-05:00,198.21463012695312,198.21463012695312,198.21463012695312,198.21463012695312,100,0.0,0.0
2019-01-08 00:00:00-05:00,198.21460164462528,199.3548583984375,198.21460164462528,199.3548583984375,100,0.0,0.0
2019-01-09 00:00:00-05:00,200.11001586914062,200.11001586914062,200.11001586914062,200.11001586914062,100,0.0,0.0
2019-01-10 00:00:00-05:00,191.803576569059,202.37542724609378,191.803576569059,202.37542724609375,100,0.0,0.0
2019-01-11 00:00:00-05:00,202.37542724609378,202.37542724609378,202.37542724609378,202.37542724609375,0,0.0,0.0
2019-01-14 00:00:00-05:00,192.5586700439453,199.3548583984375,185.00734965006512,199.3548583984375,100,0.0,0.0
2019-01-15 00:00:00-05:00,202.37542724609378,202.37542724609378,202.37542724609378,202.37542724609375,100,0.0,0.0
2019-01-16 00:00:00-05:00,196.34190928145097,196.34190928145097,196.3343505859375,196.3343505859375,100,0.0,0.0
2019-01-17 00:00:00-05:00,193.12504361710458,200.11001586914062,193.12504361710458,200.11001586914062,100,0.0,0.0
2019-01-18 00:00:00-05:00,203.8856964111328,204.2632625155979,203.8856964111328,203.8856964111328,700,0.0,0.0
2019-01-22 00:00:00-05:00,197.84463500976562,197.84463500976562,197.84463500976562,197.84463500976562,100,0.0,0.0
2019-01-23 00:00:00-05:00,200.1100111741286,200.1100111741286,196.3343505859375,196.3343505859375,100,0.0,0.0
2019-01-24 00:00:00-05:00,196.3343743218316,203.8856964111328,194.82410990397136,203.8856964111328,100,0.0,0.0
2019-01-25 00:00:00-05:00,203.8856964111328,203.8856964111328,200.1100353664822,203.8856964111328,100,0.0,0.0
2019-01-28 00:00:00-05:00,200.52532490008835,200.52532490008835,196.74966430664062,196.74966430664062,0,0.0,0.0
2019-01-29 00:00:00-05:00,203.88567597223823,204.64080810546875,203.88567597223823,204.64080810546875,100,0.0,0.0
2019-01-30 00:00:00-05:00,200.48756408691406,200.48756408691406,200.48756408691406,200.48756408691406,100,0.0,0.0
2019-01-31 00:00:00-05:00,200.56309975931455,203.81015872342053,196.33435519236437,200.11001586914062,100,0.0,0.0
2019-02-01 00:00:00-05:00,200.48757723294773,200.48757723294773,196.3343505859375,196.3343505859375,100,0.0,0.0
2019-02-04 00:00:00-05:00,200.1100353664822,203.8856964111328,197.08950653076172,203.8856964111328,100,0.0,0.0
2019-02-05 00:00:00-05:00,197.08945860294753,204.45199584960938,197.08945860294753,204.45199584960938,600,0.0,0.0
2019-02-06 00:00:00-05:00,204.63323974609375,204.63323974609375,204.63323974609375,204.63323974609375,100,0.0,0.0
2019-02-07 00:00:00-05:00,204.62571716308594,204.62571716308594,204.62571716308594,204.62571716308594,100,0.0,0.0
2019-02-08 00:00:00-05:00,204.6332494097992,204.64080810546875,204.6332494097992,204.64080810546875,100,0.0,0.0
2019-02-11 00:00:00-05:00,204.640834664465,205.58474995350772,204.48979900029542,205.20718383789062,200,0.0,0.0
2019-02-12 00:00:00-05:00,205.89431986469953,206.18880939856172,205.89431986469953,206.15106201171875,100,0.0,0.0
2019-02-13 00:00:00-05:00,205.39590454101562,205.39590454101562,205.39590454101562,205.39590454101562,100,0.0,0.0
2019-02-14 00:00:00-05:00,205.39590454101562,205.39590454101562,205.39590454101562,205.39590454101562,100,0.0,0.0
2019-02-15 00:00:00-05:00,205.39590454101562,205.39590454101562,205.39590454101562,205.39590454101562,300,0.0,0.0
2019-02-19 00:00:00-05:00,203.88567443621997,203.88567443621997,202.86624145507812,202.86624145507812,200,0.0,0.0
2019-02-20 00:00:00-05:00,203.53833242685928,203.53833242685928,200.8651580810547,200.8651580810547,100,0.0,0.0
2019-02-21 00:00:00-05:00,203.8856639709664,204.64079605974774,200.1100035270596,201.69578552246094,200,0.0,0.0
2019-02-22 00:00:00-05:00,205.39590454101562,205.39590454101562,205.39590454101562,205.39590454101562,100,0.0,0.0
2019-02-25 00:00:00-05:00,204.64078489254828,205.39591694012225,203.8856528449743,205.35816955566406,100,0.0,0.0
2019-02-26 00:00:00-05:00,205.01836386879722,206.15106201171875,205.01836386879722,206.15106201171875,300,0.0,0.0
2019-02-27 00:00:00-05:00,206.90619455956403,206.90619455956403,206.8986358642578,206.8986358642578,100,0.0,0.0
2019-02-28 00:00:00-05:00,210.21131347080447,210.21131347080447,203.67823791503906,203.67823791503906,100,4.8,0.0
2019-03-01 00:00:00-05:00,207.5212235360775,207.5212235360775,199.83525229400058,203.67823791503906,100,0.0,0.0
2019-03-04 00:00:00-05:00,209.0507354736328,209.0507354736328,209.0507354736328,209.0507354736328,100,0.0,0.0
2019-03-05 00:00:00-05:00,207.52120619553787,207.52120619553787,199.83523559570312,199.83523559570312,100,0.0,0.0
2019-03-06 00:00:00-05:00,199.83523559570312,199.83523559570312,199.83523559570312,199.83523559570312,0,0.0,0.0
2019-03-07 00:00:00-05:00,200.60382819141716,203.28622436523438,199.4509326270987,203.28622436523438,100,0.0,0.0
2019-03-08 00:00:00-05:00,199.83523114853818,203.28622436523438,196.145962997147,203.28622436523438,200,0.0,0.0
2019-03-11 00:00:00-04:00,199.83523559570312,203.28622888919827,199.83523559570312,199.83523559570312,100,0.0,0.0
2019-03-12 00:00:00-04:00,203.28622436523438,203.28622436523438,203.28622436523438,203.28622436523438,0,0.0,0.0
2019-03-13 00:00:00-04:00,203.28622436523438,203.28622436523438,203.28622436523438,203.28622436523438,100,0.0,0.0
2019-03-14 00:00:00-04:00,203.2862323385974,203.2862323385974,200.6038360595703,200.6038360595703,100,0.0,0.0
2019-03-15 00:00:00-04:00,203.28622436523438,203.28622436523438,199.83523114853818,203.28622436523438,100,0.0,0.0
2019-03-18 00:00:00-04:00,203.27857971191406,203.27857971191406,203.27857971191406,203.27857971191406,100,0.0,0.0
2019-03-19 00:00:00-04:00,203.27855188973507,203.28622191018144,195.9922435671784,198.29803466796875,300,0.0,0.0
2019-03-20 00:00:00-04:00,203.15557907515915,203.15557907515915,196.76853942871094,196.76853942871094,100,0.0,0.0
2019-03-21 00:00:00-04:00,202.71749877929688,202.71749877929688,202.71749877929688,202.71749877929688,100,0.0,0.0
2019-03-22 00:00:00-04:00,199.8275553243377,199.8275553243377,198.49020385742188,198.49020385742188,100,0.0,0.0
2019-03-25 00:00:00-04:00,198.4824981689453,198.4824981689453,198.4824981689453,198.4824981689453,100,0.0,0.0
2019-03-26 00:00:00-04:00,198.48246580516127,202.9095916748047,198.48246580516127,202.9095916748047,200,0.0,0.0
2019-03-27 00:00:00-04:00,202.9095916748047,202.9095916748047,202.9095916748047,202.9095916748047,100,0.0,0.0
2019-03-28 00:00:00-04:00,198.75919567536775,200.59613037109375,196.76083871601426,200.59613037109375,100,0.0,0.0
2019-03-29 00:00:00-04:00,200.59613037109375,200.59613037109375,200.59613037109375,200.59613037109375,100,0.0,0.0
2019-04-01 00:00:00-04:00,199.83523898654516,200.6038360595703,196.76085069444446,200.6038360595703,500,0.0,0.0
2019-04-02 00:00:00-04:00,200.59616861170997,200.59616861170997,195.99227905273438,195.99227905273438,300,0.0,0.0
2019-04-03 00:00:00-04:00,195.22363415527343,196.37652963256835,192.1492462158203,192.1492462158203,1000,0.0,0.0
2019-04-04 00:00:00-04:00,192.14925136774295,195.21595764160156,190.612057356801,195.21595764160156,200,0.0,0.0
2019-04-05 00:00:00-04:00,192.14925136774295,195.21595764160156,192.14925136774295,195.21595764160156,400,0.0,0.0
2019-04-08 00:00:00-04:00,194.43968925089573,194.43968925089573,184.46330227024757,189.83580017089844,400,0.0,0.0
2019-04-09 00:00:00-04:00,189.84348657274114,190.03563585064876,189.84348657274114,190.0279541015625,100,0.0,0.0
2019-04-10 00:00:00-04:00,186.00050101458848,192.14159615854646,186.00050101458848,190.0279541015625,300,0.0,0.0
2019-04-11 00:00:00-04:00,190.5966594159964,190.5966594159964,188.30624389648438,188.30624389648438,200,0.0,0.0
2019-04-12 00:00:00-04:00,188.30624389648438,189.84343772421076,188.30624389648438,188.30624389648438,500,0.0,0.0
2019-04-15 00:00:00-04:00,186.00051610425757,189.84350197418024,186.00051610425757,187.15341186523438,200,0.0,0.0
2019-04-16 00:00:00-04:00,186.00049503514023,187.53768920898438,186.00049503514023,187.53768920898438,400,0.0,0.0
2019-04-17 00:00:00-04:00,188.30624389648438,188.30624389648438,187.53764698262117,188.30624389648438,100,0.0,0.0
2019-04-18 00:00:00-04:00,188.3062612915039,192.1492462158203,187.5376643066406,192.1492462158203,200,0.0,0.0
2019-04-22 00:00:00-04:00,192.1492462158203,192.1492462158203,192.1492462158203,192.1492462158203,100,0.0,0.0
2019-04-23 00:00:00-04:00,192.1492462158203,192.1492462158203,186.76906732177733,192.1492462158203,300,0.0,0.0
2019-04-24 00:00:00-04:00,192.1492462158203,192.1492462158203,192.1492462158203,192.1492462158203,100,0.0,0.0
2019-04-25 00:00:00-04:00,186.00047033691405,192.1492462158203,186.00047033691405,192.1492462158203,100,0.0,0.0
2019-04-26 00:00:00-04:00,192.14926996538716,192.14926996538716,186.0004933264948,190.61207580566406,100,0.0,0.0
2019-04-29 00:00:00-04:00,186.0004933264948,190.61207580566406,186.0004933264948,190.61207580566406,100,0.0,0.0
2019-04-30 00:00:00-04:00,189.07484081034758,190.61203463807396,188.30624389648438,188.30624389648438,300,0.0,0.0
2019-05-01 00:00:00-04:00,190.61207580566406,190.61207580566406,190.61207580566406,190.61207580566406,300,0.0,0.0
2019-05-02 00:00:00-04:00,190.61208772852353,190.61208772852353,189.84349060058594,189.84349060058594,200,0.0,0.0
2019-05-03 00:00:00-04:00,190.61207580566406,190.61207580566406,189.84347872580253,190.61207580566406,100,0.0,0.0
2019-05-06 00:00:00-04:00,190.61207580566406,190.61207580566406,188.30628456607943,190.61207580566406,300,0.0,0.0
2019-05-07 00:00:00-04:00,190.22779846191406,190.22779846191406,190.22779846191406,190.22779846191406,100,0.0,0.0
2019-05-08 00:00:00-04:00,189.07490271366004,190.22779846191406,189.07490271366004,190.22779846191406,200,0.0,0.0
2019-05-09 00:00:00-04:00,189.45920129641138,190.22779846191406,189.45920129641138,190.22779846191406,100,0.0,0.0
2019-05-10 00:00:00-04:00,190.6044158935547,190.6044158935547,190.6044158935547,190.6044158935547,100,0.0,0.0
2019-05-13 00:00:00-04:00,189.76661432667208,190.61207580566406,189.76661432667208,190.61207580566406,300,0.0,0.0
2019-05-14 00:00:00-04:00,190.61207580566406,190.61207580566406,189.65132945583713,190.61207580566406,200,0.0,0.0
2019-05-15 00:00:00-04:00,189.45920129641138,190.22779846191406,189.45920129641138,190.22779846191406,100,0.0,0.0
2019-05-16 00:00:00-04:00,190.22779846191406,190.22779846191406,190.22779846191406,190.22779846191406,0,0.0,0.0
2019-05-17 00:00:00-04:00,190.61207580566406,190.61207580566406,190.61207580566406,190.61207580566406,100,0.0,0.0
2019-05-20 00:00:00-04:00,190.22779846191406,190.22779846191406,190.22779846191406,190.22779846191406,100,0.0,0.0
2019-05-21 00:00:00-04:00,190.2277772657333,190.61207580566406,190.2277772657333,190.61207580566406,100,0.0,0.0
2019-05-22 00:00:00-04:00,190.61207580566406,190.61207580566406,190.61207580566406,190.61207580566406,200,0.0,0.0
2019-05-23 00:00:00-04:00,190.61207580566406,190.61207580566406,190.61207580566406,190.61207580566406,300,0.0,0.0
2019-05-24 00:00:00-04:00,190.61207580566406,190.61207580566406,190.61207580566406,190.61207580566406,100,0.0,0.0
2019-05-28 00:00:00-04:00,190.6120970446654,190.6120970446654,190.22779846191406,190.22779846191406,100,0.0,0.0
2019-05-29 00:00:00-04:00,190.2277772657333,190.61207580566406,190.2277772657333,190.61207580566406,100,0.0,0.0
2019-05-30 00:00:00-04:00,192.7922763726937,193.10372924804688,192.71440721327258,193.10372924804688,100,3.2,0.0
2019-05-31 00:00:00-04:00,192.71440721327258,193.10372924804688,192.71440721327258,193.10372924804688,100,0.0,0.0
2019-06-03 00:00:00-04:00,191.9357664594766,193.10373258397647,191.9357664594766,192.32508850097656,200,0.0,0.0
2019-06-04 00:00:00-04:00,193.10373258397647,193.10373258397647,192.32508850097656,192.32508850097656,300,0.0,0.0
2019-06-05 00:00:00-04:00,193.10372924804688,193.10372924804688,192.3250851784983,193.10372924804688,100,0.0,0.0
2019-06-06 00:00:00-04:00,193.1037409464518,193.1037409464518,186.8745880126953,186.8745880126953,1000,0.0,0.0
2019-06-07 00:00:00-04:00,190.7677865437374,193.0959364608171,190.7677865437374,192.9090576171875,100,0.0,0.0
2019-06-10 00:00:00-04:00,193.10372924804688,193.10372924804688,193.10372924804688,193.10372924804688,100,0.0,0.0
2019-06-11 00:00:00-04:00,193.1037599479162,193.1037599479162,192.714437851247,193.09597778320312,100,0.0,0.0
2019-06-12 00:00:00-04:00,193.09597778320312,193.09597778320312,193.09597778320312,193.09597778320312,100,0.0,0.0
2019-06-13 00:00:00-04:00,193.1037599479162,193.1037599479162,192.70665568653394,193.09597778320312,100,0.0,0.0
2019-06-14 00:00:00-04:00,193.1036958829868,193.1036958829868,190.77554624008192,191.93572998046875,100,0.0,0.0
2019-06-17 00:00:00-04:00,193.09591083862267,193.10369300063775,188.43182946029975,190.76776123046875,500,0.0,0.0
2019-06-18 00:00:00-04:00,192.32508226089638,193.1037263186328,188.96133422851562,188.96133422851562,100,0.0,0.0
2019-06-19 00:00:00-04:00,189.2105221357502,190.76781038378107,188.43187801173477,189.98916625976562,800,0.0,0.0
2019-06-20 00:00:00-04:00,189.98916447957356,189.98916447957356,186.8745880126953,186.8745880126953,400,0.0,0.0
2019-06-21 00:00:00-04:00,186.8745799199772,192.32508850097656,186.8745799199772,192.32508850097656,200,0.0,0.0
2019-06-24 00:00:00-04:00,192.71442069381965,192.71442069381965,186.71886331513412,189.98916625976562,100,0.0,0.0
2019-06-25 00:00:00-04:00,186.71886156558466,187.65323212941487,176.59648804823033,186.8745880126953,300,0.0,0.0
2019-06-26 00:00:00-04:00,186.8746267271436,188.43191528320312,186.8746267271436,188.43191528320312,100,0.0,0.0
2019-06-27 00:00:00-04:00,179.866792647565,189.98916625976562,179.866792647565,189.98916625976562,100,0.0,0.0
2019-06-28 00:00:00-04:00,189.98920383926267,189.98920383926267,188.43191528320312,188.43191528320312,100,0.0,0.0
2019-07-01 00:00:00-04:00,179.86679096221923,186.8745880126953,179.86679096221923,186.8745880126953,100,0.0,0.0
2019-07-02 00:00:00-04:00,188.43187801173477,189.98916625976562,182.21050718363153,189.98916625976562,100,0.0,0.0
2019-07-03 00:00:00-04:00,188.66551094284583,188.66551094284583,182.98140533699478,188.43191528320312,100,0.0,0.0
2019-07-05 00:00:00-04:00,186.48526715164763,188.59539794921875,186.48526715164763,188.59539794921875,100,0.0,0.0
2019-07-08 00:00:00-04:00,188.7667266197949,188.7667266197949,186.09598244911382,188.43191528320312,100,0.0,0.0
2019-07-09 00:00:00-04:00,186.8745880126953,186.8745880126953,186.8745880126953,186.8745880126953,100,0.0,0.0
2019-07-10 00:00:00-04:00,186.86680759968365,189.98916625976562,186.86680759968365,189.98916625976562,700,0.0,0.0
2019-07-11 00:00:00-04:00,188.43191528320312,188.43191528320312,186.8746267271436,188.43191528320312,100,0.0,0.0
2019-07-12 00:00:00-04:00,188.43191528320312,188.62657635271057,188.43191528320312,188.43191528320312,200,0.0,0.0
2019-07-15 00:00:00-04:00,188.67329310840535,188.67329310840535,188.43191528320312,188.43191528320312,100,0.0,0.0
2019-07-16 00:00:00-04:00,188.67325402133088,188.67325402133088,182.9891495930448,186.8745880126953,200,0.0,0.0
2019-07-17 00:00:00-04:00,185.31725376674106,190.76776123046875,184.92793180504623,190.76776123046875,400,0.0,0.0
2019-07-18 00:00:00-04:00,190.76779703940116,193.10372924804688,190.76779703940116,193.10372924804688,100,0.0,0.0
2019-07-19 00:00:00-04:00,193.10372924804688,194.66101738714403,192.9480028103703,193.10372924804688,400,0.0,0.0
2019-07-22 00:00:00-04:00,193.0959614266229,193.0959614266229,188.0425567626953,188.0425567626953,100,0.0,0.0
2019-07-23 00:00:00-04:00,188.04255081113445,190.50306902726518,187.65322875976562,187.65322875976562,100,0.0,0.0
2019-07-24 00:00:00-04:00,190.02809143066406,190.02809143066406,190.02809143066406,190.02809143066406,100,0.0,0.0
2019-07-25 00:00:00-04:00,190.02810071231104,190.02810071231104,178.31728644167035,182.9813690185547,2800,0.0,0.0
2019-07-26 00:00:00-04:00,186.86679391036,186.86679391036,186.09593200683594,186.09593200683594,100,0.0,0.0
2019-07-29 00:00:00-04:00,186.83564149422833,186.87457607381015,186.09593200683594,186.09593200683594,100,0.0,0.0
2019-07-30 00:00:00-04:00,179.0881584430563,186.87460011449355,178.48859910762886,180.64544677734375,500,0.0,0.0
2019-07-31 00:00:00-04:00,186.8668215032173,186.8668215032173,179.0881618483242,179.86680603027344,900,0.0,0.0
2019-08-01 00:00:00-04:00,182.98138712918325,182.98138712918325,180.81675720214844,180.81675720214844,300,0.0,0.0
2019-08-02 00:00:00-04:00,182.98136363896447,185.44966401209908,180.65321350097656,180.65321350097656,100,0.0,0.0
2019-08-05 00:00:00-04:00,184.85789489746094,184.85789489746094,184.85789489746094,184.85789489746094,100,0.0,0.0
2019-08-06 00:00:00-04:00,185.71438616710626,185.71438616710626,185.70660400390625,185.70660400390625,100,0.0,0.0
2019-08-07 00:00:00-04:00,184.9513397216797,184.9513397216797,184.9513397216797,184.9513397216797,100,0.0,0.0
2019-08-08 00:00:00-04:00,184.9513397216797,184.9513397216797,184.9513397216797,184.9513397216797,0,0.0,0.0
2019-08-09 00:00:00-04:00,184.94354248046875,186.09593237514494,184.94354248046875,184.94354248046875,100,0.0,0.0
2019-08-12 00:00:00-04:00,172.08036421078108,180.64545021222267,172.08036421078108,179.86680603027344,200,0.0,0.0
2019-08-13 00:00:00-04:00,179.86679756797557,182.9813741492392,177.53086513202783,178.30950927734375,200,0.0,0.0
2019-08-14 00:00:00-04:00,179.86680261020004,180.64544677734375,177.53087010876885,180.64544677734375,200,0.0,0.0
2019-08-15 00:00:00-04:00,180.64544677734375,180.64544677734375,180.64544677734375,180.64544677734375,100,0.0,0.0
2019-08-16 00:00:00-04:00,180.64544677734375,180.64544677734375,180.64544677734375,180.64544677734375,0,0.0,0.0
2019-08-19 00:00:00-04:00,182.2027300039233,182.9813741492392,178.30950927734375,178.30950927734375,100,0.0,0.0
2019-08-20 00:00:00-04:00,179.0881594149759,182.72442626953125,179.0881594149759,182.72442626953125,100,0.0,0.0
2019-08-21 00:00:00-04:00,182.9813724093967,182.9813724093967,182.20272827148438,182.20272827148438,200,0.0,0.0
2019-08-22 00:00:00-04:00,182.2027395953201,182.29617309570312,182.2027395953201,182.29617309570312,300,0.0,0.0
2019-08-23 00:00:00-04:00,182.72441503206525,183.0592381833696,182.72441503206525,182.9813690185547,100,0.0,0.0
2019-08-26 00:00:00-04:00,182.9813674290975,186.8745880126953,182.9813674290975,186.8745880126953,100,0.0,0.0
2019-08-27 00:00:00-04:00,186.87458963597075,186.87458963597075,182.9813690185547,182.9813690185547,600,0.0,0.0
2019-08-28 00:00:00-04:00,186.8745794216124,186.8745794216124,185.31729125976562,185.31729125976562,100,0.0,0.0
2019-08-29 00:00:00-04:00,189.38988845253914,189.42145339581143,182.94955614673955,187.8429412841797,600,3.2,0.0
2019-08-30 00:00:00-04:00,187.84293568929036,189.42144775390625,187.84293568929036,189.42144775390625,100,0.0,0.0
2019-09-03 00:00:00-04:00,189.90289518989835,189.90289518989835,177.58260799359672,187.05368041992188,600,0.0,0.0
2019-09-04 00:00:00-04:00,179.161097366198,181.52886517279973,175.21481768852843,178.37184143066406,400,0.0,0.0
2019-09-05 00:00:00-04:00,178.3718442380075,189.41353928542134,178.3718442380075,187.0220947265625,100,0.0,0.0
2019-09-06 00:00:00-04:00,178.76646847560488,187.04576753212865,178.37184050987506,183.1073760986328,100,0.0,0.0
2019-09-09 00:00:00-04:00,187.05367098139592,188.6321829728001,185.88557547982222,185.90135192871094,300,0.0,0.0
2019-09-10 00:00:00-04:00,188.62428283691406,188.62428283691406,188.62428283691406,188.62428283691406,100,0.0,0.0
2019-09-11 00:00:00-04:00,188.63217910909802,189.42143508863398,188.62429088481522,189.22412109375,600,0.0,0.0
2019-09-12 00:00:00-04:00,189.3267305054358,192.57846132650417,189.2241233730712,190.210693359375,400,0.0,0.0
2019-09-13 00:00:00-04:00,192.57847188313804,192.57847188313804,189.42144775390625,189.42144775390625,100,0.0,0.0
2019-09-16 00:00:00-04:00,189.42144775390625,189.42144775390625,185.47516759236655,189.42144775390625,200,0.0,0.0
2019-09-17 00:00:00-04:00,189.42144775390625,189.42144775390625,182.31814346313476,189.42144775390625,200,0.0,0.0
2019-09-18 00:00:00-04:00,189.42144775390625,189.42144775390625,189.42144775390625,189.42144775390625,200,0.0,0.0
2019-09-19 00:00:00-04:00,189.41355952909603,189.42144775390625,189.41355952909603,189.42144775390625,100,0.0,0.0
2019-09-20 00:00:00-04:00,189.42142809851694,189.42142809851694,182.31812454482255,186.264404296875,300,0.0,0.0
2019-09-23 00:00:00-04:00,189.4214283870832,189.4214283870832,187.05366053224466,188.98733520507812,100,0.0,0.0
2019-09-24 00:00:00-04:00,187.05366427899483,189.31093682754513,187.05366427899483,188.9952392578125,100,0.0,0.0
2019-09-25 00:00:00-04:00,187.85083472940374,189.40567016601562,187.85083472940374,189.40567016601562,100,0.0,0.0
2019-09-26 00:00:00-04:00,189.40567016601562,189.40567016601562,189.40567016601562,189.40567016601562,100,0.0,0.0
2019-09-27 00:00:00-04:00,189.39778194075126,189.42145865963636,189.39778194075126,189.40567016601562,100,0.0,0.0
2019-09-30 00:00:00-04:00,189.40565926119453,189.42144775390625,189.40565926119453,189.42144775390625,100,0.0,0.0
2019-10-01 00:00:00-04:00,187.21940820951187,189.42142699942053,187.21940820951187,189.38986206054688,100,0.0,0.0
2019-10-02 00:00:00-04:00,189.42144852650318,189.42144852650318,187.05368041992188,187.05368041992188,100,0.0,0.0
2019-10-03 00:00:00-04:00,187.05368041992188,187.05368041992188,187.05368041992188,187.05368041992188,0,0.0,0.0
2019-10-04 00:00:00-04:00,189.42145339581143,189.42145339581143,187.0536852283638,187.8429412841797,100,0.0,0.0
2019-10-07 00:00:00-04:00,187.06156788179263,189.42144775390625,184.0624045934955,189.42144775390625,100,0.0,0.0
2019-10-08 00:00:00-04:00,189.42144775390625,189.42144775390625,189.42144775390625,189.42144775390625,100,0.0,0.0
2019-10-09 00:00:00-04:00,189.42144775390625,189.42144775390625,189.42144775390625,189.42144775390625,0,0.0,0.0
2019-10-10 00:00:00-04:00,189.42144775390625,189.42144775390625,184.69379978486882,189.42144775390625,200,0.0,0.0
2019-10-11 00:00:00-04:00,187.21152921840903,187.21152921840903,187.05368041992188,187.05368041992188,100,0.0,0.0
2019-10-14 00:00:00-04:00,189.42144775390625,189.42144775390625,189.42144775390625,189.42144775390625,100,0.0,0.0
2019-10-15 00:00:00-04:00,189.42142699942053,189.42142699942053,189.38986206054688,189.38986206054688,100,0.0,0.0
2019-10-16 00:00:00-04:00,189.4214230801197,189.4214230801197,184.05448035089836,185.4751434326172,300,0.0,0.0
2019-10-17 00:00:00-04:00,185.43567822752422,185.4751434326172,185.43567822752422,185.4751434326172,100,0.0,0.0
2019-10-18 00:00:00-04:00,185.4751434326172,185.67245741499232,185.4751434326172,185.4751434326172,700,0.0,0.0
2019-10-21 00:00:00-04:00,185.4751434326172,185.4751434326172,184.05448035089836,185.4751434326172,200,0.0,0.0
2019-10-22 00:00:00-04:00,189.42143169671172,189.42143169671172,182.47597679254756,189.06626892089844,300,0.0,0.0
2019-10-23 00:00:00-04:00,183.89664242079087,184.69378662109375,183.89664242079087,184.69378662109375,100,0.0,0.0
2019-10-24 00:00:00-04:00,185.51461194264147,185.5540771484375,185.47514673684543,185.5540771484375,200,0.0,0.0
2019-10-25 00:00:00-04:00,189.06626532945023,189.06626532945023,180.74750086799327,186.264404296875,500,0.0,0.0
2019-10-28 00:00:00-04:00,183.97554139296605,186.25649029221145,183.97554139296605,185.4435577392578,100,0.0,0.0
2019-10-29 00:00:00-04:00,185.4435577392578,185.4435577392578,185.4435577392578,185.4435577392578,0,0.0,0.0
2019-10-30 00:00:00-04:00,186.1854738845979,186.38278787220054,186.1854738845979,186.264404296875,100,0.0,0.0
2019-10-31 00:00:00-04:00,186.79319439864813,187.05365029359473,184.68588256835938,184.68588256835938,400,0.0,0.0
2019-11-01 00:00:00-04:00,186.70640804285551,189.0662879524704,186.70640804285551,188.04025268554688,100,0.0,0.0
2019-11-04 00:00:00-05:00,188.18232040447046,188.6322021484375,186.73799238343057,188.6322021484375,100,0.0,0.0
2019-11-05 00:00:00-05:00,188.632165654595,188.671630859375,188.632165654595,188.671630859375,100,0.0,0.0
2019-11-06 00:00:00-05:00,188.6322021484375,189.06629539882007,188.6322021484375,188.6322021484375,100,0.0,0.0
2019-11-07 00:00:00-05:00,188.82949829101562,188.82949829101562,188.82949829101562,188.82949829101562,100,0.0,0.0
2019-11-08 00:00:00-05:00,189.0347079625625,189.42144775390625,189.0347079625625,189.42144775390625,100,0.0,0.0
2019-11-11 00:00:00-05:00,189.42144775390625,189.42144775390625,189.42144775390625,189.42144775390625,0,0.0,0.0
2019-11-12 00:00:00-05:00,189.38197326660156,189.38197326660156,189.38197326660156,189.38197326660156,100,0.0,0.0
2019-11-13 00:00:00-05:00,189.11363284339578,193.3677222511985,189.11363284339578,190.9999542236328,700,0.0,0.0
2019-11-14 00:00:00-05:00,191.2446216595867,191.26041015183594,190.60532621903852,190.9999542236328,300,0.0,0.0
2019-11-15 00:00:00-05:00,190.99994872046298,192.57846069335938,190.99994872046298,192.57846069335938,200,0.0,0.0
2019-11-18 00:00:00-05:00,193.3676806223919,196.5247039794922,193.3676806223919,196.5247039794922,300,0.0,0.0
2019-11-19 00:00:00-05:00,198.89249585878792,203.54910106364267,198.89249585878792,200.46311950683594,500,0.0,0.0
2019-11-20 00:00:00-05:00,198.89249609099758,200.47100796473566,196.52472828039046,196.9824981689453,300,0.0,0.0
2019-11-21 00:00:00-05:00,199.68175341374314,199.68175341374314,197.07720639538067,199.6422882080078,600,0.0,0.0
2019-11-22 00:00:00-05:00,199.6738972616105,199.6738972616105,197.34558222323966,197.55079650878906,600,0.0,0.0
2019-11-25 00:00:00-05:00,198.8846366613602,204.8592987060547,197.3140127840859,204.8592987060547,1500,0.0,0.0
2019-11-26 00:00:00-05:00,204.83560390105472,217.24270889282226,204.83560390105472,217.04539489746094,600,0.0,0.0
2019-11-27 00:00:00-05:00,219.6007537841797,219.6007537841797,208.38116138419986,219.6007537841797,200,3.2,0.0
2019-11-29 00:00:00-05:00,219.6007537841797,219.6007537841797,219.6007537841797,219.6007537841797,0,0.0,0.0
2019-12-02 00:00:00-05:00,215.6080078125,215.6080078125,209.618896484375,209.618896484375,200,0.0,0.0
2019-12-03 00:00:00-05:00,206.02541254783165,206.02541254783165,189.25590222417094,195.644287109375,400,0.0,0.0
2019-12-04 00:00:00-05:00,195.64428035276816,196.83412138310186,191.76333618164062,191.76333618164062,200,0.0,0.0
2019-12-05 00:00:00-05:00,192.45013395678095,192.45013395678095,189.0962336443026,190.0544891357422,500,0.0,0.0
2019-12-06 00:00:00-05:00,190.85304260253906,191.6515908979472,190.85304260253906,190.85304260253906,200,0.0,0.0
2019-12-09 00:00:00-05:00,190.8530255800579,191.65157380424225,188.45738090750487,189.09622192382812,400,0.0,0.0
2019-12-10 00:00:00-05:00,190.65335530957742,194.84573275617544,190.65335530957742,192.45008850097656,300,0.0,0.0
2019-12-11 00:00:00-05:00,189.25592098236083,191.6515655517578,189.25592098236083,191.6515655517578,200,0.0,0.0
2019-12-12 00:00:00-05:00,192.4501137415568,194.0472101211548,191.6515655517578,191.6515655517578,700,0.0,0.0
2019-12-13 00:00:00-05:00,191.6515655517578,192.05083964665732,189.25592098236083,191.6515655517578,300,0.0,0.0
2019-12-16 00:00:00-05:00,194.8457389987245,195.644287109375,194.8457389987245,195.644287109375,300,0.0,0.0
2019-12-17 00:00:00-05:00,195.64429065065073,195.64429065065073,193.24864627533665,195.01344299316406,300,0.0,0.0
2019-12-18 00:00:00-05:00,194.84576670097962,195.63633382947853,189.09622192382812,189.09622192382812,900,0.0,0.0
2019-12-19 00:00:00-05:00,191.61962424100088,195.63632056144596,191.61962424100088,193.2167205810547,200,0.0,0.0
2019-12-20 00:00:00-05:00,193.21672536511034,194.84575831095378,191.6515655517578,191.6515655517578,400,0.0,0.0
2019-12-23 00:00:00-05:00,195.64430650075278,195.64430650075278,188.45737279256184,191.6515655517578,1600,0.0,0.0
2019-12-24 00:00:00-05:00,191.6515655517578,191.6515655517578,191.6515655517578,191.6515655517578,100,0.0,0.0
2019-12-26 00:00:00-05:00,195.61236993450729,195.61236993450729,187.65882460276285,191.6515655517578,200,0.0,0.0
2019-12-27 00:00:00-05:00,194.84575831095378,194.84575831095378,191.61962898551235,191.6515655517578,300,0.0,0.0
2019-12-30 00:00:00-05:00,191.6515655517578,191.6515655517578,191.6515655517578,191.6515655517578,100,0.0,0.0
2019-12-31 00:00:00-05:00,193.24863210921427,194.84572824234826,191.65153597608025,194.04718017578125,200,0.0,0.0
2020-01-02 00:00:00-05:00,194.84576895217265,198.83851011922536,187.65883485147774,193.24867248535156,600,0.0,0.0
2020-01-03 00:00:00-05:00,196.9698798974254,198.03993144132653,195.644287109375,195.644287109375,300,0.0,0.0
2020-01-06 00:00:00-05:00,198.00798582323233,198.83847045898438,196.442826236587,198.83847045898438,300,0.0,0.0
2020-01-07 00:00:00-05:00,199.60511501138498,206.4486668033519,199.60511501138498,206.0493927001953,200,0.0,0.0
2020-01-08 00:00:00-05:00,204.42834464855932,204.42834464855932,202.83124820599244,204.3964080810547,200,0.0,0.0
2020-01-09 00:00:00-05:00,206.02540588378906,206.0333991629584,206.02540588378906,206.02540588378906,100,0.0,0.0
2020-01-10 00:00:00-05:00,206.02540588378906,206.02540588378906,206.02540588378906,206.02540588378906,100,0.0,0.0
2020-01-13 00:00:00-05:00,204.42835477941176,204.42835477941176,198.03996869255514,203.6298065185547,500,0.0,0.0
2020-01-14 00:00:00-05:00,203.62975190505097,206.82394409179688,199.6370116716186,206.82394409179688,200,0.0,0.0
2020-01-15 00:00:00-05:00,206.82394409179688,206.82394409179688,200.43555971830506,206.82394409179688,100,0.0,0.0
2020-01-16 00:00:00-05:00,206.8159942626953,206.8159942626953,206.8159942626953,206.8159942626953,100,0.0,0.0
2020-01-17 00:00:00-05:00,206.8159866110923,207.62252807617188,206.8159866110923,207.62252807617188,600,0.0,0.0
2020-01-21 00:00:00-05:00,206.42471970030036,207.62254205832917,200.43560791015625,200.43560791015625,300,0.0,0.0
2020-01-22 00:00:00-05:00,200.43560116674522,200.59530837213342,197.27334488659255,198.2715301513672,300,0.0,0.0
2020-01-23 00:00:00-05:00,198.11980720126115,198.11980720126115,198.03994750976562,198.03994750976562,200,0.0,0.0
2020-01-24 00:00:00-05:00,200.43557202148438,207.6225048828125,197.32123932219298,199.63702392578125,200,0.0,0.0
2020-01-27 00:00:00-05:00,198.07985757613554,199.63702392578125,197.32123932219298,199.63702392578125,100,0.0,0.0
2020-01-28 00:00:00-05:00,199.63702392578125,199.63702392578125,199.63702392578125,199.63702392578125,100,0.0,0.0
2020-01-29 00:00:00-05:00,199.60511204633366,201.23414500166732,196.44285583496094,196.44285583496094,300,0.0,0.0
2020-01-30 00:00:00-05:00,196.4428452038374,197.24139335507255,194.8457489013672,194.8457489013672,500,0.0,0.0
2020-01-31 00:00:00-05:00,194.04720075013208,198.83848965754277,194.04720075013208,194.8457489013672,400,0.0,0.0
2020-02-03 00:00:00-05:00,194.04716683408213,195.4446258544922,194.04716683408213,195.4446258544922,100,0.0,0.0
2020-02-04 00:00:00-05:00,195.44465223558063,195.44465223558063,192.05082272791478,194.00726318359375,300,0.0,0.0
2020-02-05 00:00:00-05:00,193.23267920592454,194.81381332651586,188.45736464904093,193.84756469726562,600,0.0,0.0
2020-02-06 00:00:00-05:00,193.8475557307607,193.8475557307607,189.25590405021745,193.64791870117188,200,0.0,0.0
2020-02-07 00:00:00-05:00,191.6515484052835,193.64791870117188,190.0544521685728,193.64791870117188,100,0.0,0.0
2020-02-10 00:00:00-05:00,193.64794660205683,193.64794660205683,193.24867248535156,193.24867248535156,100,0.0,0.0
2020-02-11 00:00:00-05:00,194.04717846540484,195.44463756957958,191.65951538085938,191.65951538085938,700,0.0,0.0
2020-02-12 00:00:00-05:00,194.04718017578125,194.04718017578125,194.04718017578125,194.04718017578125,100,0.0,0.0
2020-02-13 00:00:00-05:00,191.93107277417576,193.24867248535156,191.93107277417576,193.24867248535156,100,0.0,0.0
2020-02-14 00:00:00-05:00,192.45008850097656,192.45008850097656,191.6515404159103,192.45008850097656,300,0.0,0.0
2020-02-18 00:00:00-05:00,192.3861987351367,194.04718017578125,191.65153597608025,194.04718017578125,200,0.0,0.0
2020-02-19 00:00:00-05:00,193.49618605041186,193.49618605041186,193.4882049560547,193.4882049560547,100,0.0,0.0
2020-02-20 00:00:00-05:00,193.48819896615964,194.04718017578125,193.48819896615964,194.04718017578125,200,0.0,0.0
2020-02-21 00:00:00-05:00,194.047190888074,195.644287109375,194.047190888074,195.644287109375,100,0.0,0.0
2020-02-24 00:00:00-05:00,194.047190888074,195.644287109375,194.047190888074,195.644287109375,100,0.0,0.0
2020-02-25 00:00:00-05:00,194.04718467110916,194.04718467110916,192.45008850097656,192.45008850097656,100,0.0,0.0
2020-02-26 00:00:00-05:00,195.61234427918487,195.61234427918487,192.4261330332147,192.45008850097656,300,0.0,0.0
2020-02-27 00:00:00-05:00,194.23052978515625,197.46770528157552,194.23052978515625,194.23052978515625,100,3.2,0.0
2020-02-28 00:00:00-05:00,192.64432178287586,196.6584251116509,191.8835958612354,193.42124938964844,200,0.0,0.0
2020-03-02 00:00:00-05:00,193.4212359110514,194.23052978515625,191.9159488112627,194.23052978515625,400,0.0,0.0
2020-03-03 00:00:00-05:00,194.23055528085445,194.23055528085445,191.64081701354561,191.80267333984375,400,0.0,0.0
2020-03-04 00:00:00-05:00,192.6119420369466,194.23052978515625,192.6119420369466,194.23052978515625,100,0.0,0.0
2020-03-05 00:00:00-05:00,194.23055528085445,194.23055528085445,190.8315230332087,191.80267333984375,200,0.0,0.0
2020-03-06 00:00:00-05:00,191.8027014358905,192.6119955347761,190.83155098699734,191.03387451171875,400,0.0,0.0
2020-03-09 00:00:00-04:00,190.26501636739744,190.26501636739744,190.18408203125,190.18408203125,100,0.0,0.0
2020-03-10 00:00:00-04:00,189.37478806515958,190.18408203125,182.90043633643617,190.18408203125,100,0.0,0.0
2020-03-11 00:00:00-04:00,186.94690450032553,189.37478637695312,186.13761054144965,189.37478637695312,100,0.0,0.0
2020-03-12 00:00:00-04:00,184.11438326494374,187.75620623062395,184.11438326494374,186.97927856445312,100,0.0,0.0
2020-03-13 00:00:00-04:00,187.14923651322073,187.72384068368348,154.77747668390688,186.1376190185547,200,0.0,0.0
2020-03-16 00:00:00-04:00,187.7561854347751,187.7561854347751,165.986184390712,183.30506896972656,300,0.0,0.0
2020-03-17 00:00:00-04:00,183.7097303677449,183.7097303677449,182.09114243498945,182.9004364013672,200,0.0,0.0
2020-03-18 00:00:00-04:00,181.2818505859375,181.2818505859375,151.4998298056214,161.85879516601562,300,0.0,0.0
2020-03-19 00:00:00-04:00,169.9517059326172,169.9517059326172,169.91933961259755,169.9517059326172,100,0.0,0.0
2020-03-20 00:00:00-04:00,169.9517280364705,173.18890380859375,162.6680825491932,173.18890380859375,100,0.0,0.0
2020-03-23 00:00:00-04:00,173.1889304199219,176.42610668945312,101.16175842285156,101.16175842285156,1900,0.0,0.0
2020-03-24 00:00:00-04:00,176.42609302417654,178.04468103357263,161.85880093961148,164.6913299560547,3400,0.0,0.0
2020-03-25 00:00:00-04:00,157.4076514471145,181.28181966145834,157.4076514471145,169.9517059326172,400,0.0,0.0
2020-03-26 00:00:00-04:00,169.95174461187318,173.9982147216797,169.95174461187318,173.9982147216797,100,0.0,0.0
2020-03-27 00:00:00-04:00,169.9517059326172,173.9658088014694,169.9517059326172,169.9517059326172,200,0.0,0.0
2020-03-30 00:00:00-04:00,173.99817512148903,173.99817512148903,165.90523674374535,169.9517059326172,100,0.0,0.0
2020-03-31 00:00:00-04:00,165.90523748114558,165.90523748114558,163.47735595703125,163.47735595703125,100,0.0,0.0
2020-04-01 00:00:00-04:00,163.47737619828206,165.905258023009,157.40767163646464,158.62161254882812,300,0.0,0.0
2020-04-02 00:00:00-04:00,165.9052758735519,165.9052758735519,165.87290954589844,165.87290954589844,100,0.0,0.0
2020-04-03 00:00:00-04:00,164.28668212890625,164.28668212890625,164.28668212890625,164.28668212890625,100,0.0,0.0
2020-04-06 00:00:00-04:00,165.09596423637575,165.90525817871094,163.4773763517054,165.90525817871094,200,0.0,0.0
2020-04-07 00:00:00-04:00,165.90527217990586,165.90527217990586,158.7025604248047,158.7025604248047,100,0.0,0.0
2020-04-08 00:00:00-04:00,161.85879516601562,165.29829456329347,161.85879516601562,161.85879516601562,200,0.0,0.0
2020-04-09 00:00:00-04:00,161.4541447957357,161.4541447957357,159.43090989854602,160.24020385742188,100,0.0,0.0
2020-04-13 00:00:00-04:00,160.2402063814321,161.4541473388672,146.49029735796606,161.4541473388672,900,0.0,0.0
2020-04-14 00:00:00-04:00,161.45413959209736,161.8587865584936,149.3228190939539,157.81231689453125,500,0.0,0.0
2020-04-15 00:00:00-04:00,159.43088814990114,159.43088814990114,147.34813691958985,156.16134643554688,700,0.0,0.0
2020-04-16 00:00:00-04:00,156.19374084472656,156.19374084472656,156.19374084472656,156.19374084472656,100,0.0,0.0
2020-04-17 00:00:00-04:00,156.16136423926577,157.99845259358364,151.3379669189453,151.3379669189453,400,0.0,0.0
2020-04-20 00:00:00-04:00,165.90525622245593,166.7145501552484,151.82354673140514,157.81231689453125,1300,0.0,0.0
2020-04-21 00:00:00-04:00,157.81232508716965,159.43091303678167,150.7310028076172,150.7310028076172,100,0.0,0.0
2020-04-22 00:00:00-04:00,157.77996458942573,157.77996458942573,149.3147438667916,149.71939086914062,200,0.0,0.0
2020-04-23 00:00:00-04:00,157.81231689453125,157.81231689453125,157.81231689453125,157.81231689453125,100,0.0,0.0
2020-04-24 00:00:00-04:00,157.8123387090432,160.15928649902344,145.67292803911678,160.15928649902344,700,0.0,0.0
2020-04-27 00:00:00-04:00,152.95656998826627,157.7799677875264,151.74262895661337,157.74758911132812,200,0.0,0.0
2020-04-28 00:00:00-04:00,147.5747559907288,154.57514368399998,143.64967541314132,144.03004455566406,1200,0.0,0.0
2020-04-29 00:00:00-04:00,153.7334824170367,153.76584874117438,145.67290933374414,151.3379669189453,100,0.0,0.0
2020-04-30 00:00:00-04:00,151.33795761729365,157.8123087453062,149.7193698352905,152.92417907714844,400,0.0,0.0
2020-05-01 00:00:00-04:00,153.70111589039348,153.70111589039348,149.71939086914062,149.71939086914062,200,0.0,0.0
2020-05-04 00:00:00-04:00,149.71940455229387,149.71940455229387,145.67293415898862,148.9101104736328,100,0.0,0.0
2020-05-05 00:00:00-04:00,149.71940455229387,151.33799270961595,144.05434600166652,148.9101104736328,100,0.0,0.0
2020-05-06 00:00:00-04:00,147.66378540760672,147.72851805919015,147.66378540760672,147.69615173339844,200,0.0,0.0
2020-05-07 00:00:00-04:00,148.91008509671624,151.3379669189453,148.91008509671624,151.3379669189453,100,0.0,0.0
2020-05-08 00:00:00-04:00,152.1148996210179,153.76585388183594,151.94494245428788,153.76585388183594,100,0.0,0.0
2020-05-11 00:00:00-04:00,157.81231689453125,157.81231689453125,155.38443509615385,157.81231689453125,100,0.0,0.0
2020-05-12 00:00:00-04:00,157.81233706319372,159.79510498216703,145.68101501464844,145.68101501464844,100,0.0,0.0
2020-05-13 00:00:00-04:00,159.82746037694417,160.60437562318944,153.5716094970703,153.5716094970703,100,0.0,0.0
2020-05-14 00:00:00-04:00,153.08605544587337,153.08605544587337,152.75424194335938,152.75424194335938,100,0.0,0.0
2020-05-15 00:00:00-04:00,157.0030348387407,158.62162282676894,155.4168131769806,156.19374084472656,300,0.0,0.0
2020-05-18 00:00:00-04:00,157.77188723084845,157.77188723084845,149.71941315524163,152.11492919921875,200,0.0,0.0
2020-05-19 00:00:00-04:00,151.33796519617883,151.33796519617883,150.52867126464844,150.52867126464844,100,0.0,0.0
2020-05-20 00:00:00-04:00,150.56101705160972,152.1148720551832,150.5286507322553,151.98538208007812,200,0.0,0.0
2020-05-21 00:00:00-04:00,152.11489453555066,152.30911717806785,151.3379669189453,151.3379669189453,200,0.0,0.0
2020-05-22 00:00:00-04:00,152.9242015542461,152.9242015542461,151.74262686622197,152.7218780517578,100,0.0,0.0
2020-05-26 00:00:00-04:00,152.96462195945742,165.905234712626,151.97728250155282,164.81268310546875,400,0.0,0.0
2020-05-27 00:00:00-04:00,164.25429211583287,165.90524620555752,161.85877678590975,165.83241271972656,300,0.0,0.0
2020-05-28 00:00:00-04:00,165.87289185450956,165.90525817871094,164.2866702940406,165.90525817871094,100,0.0,0.0
2020-05-29 00:00:00-04:00,161.98018092946668,162.87040922376846,153.7982185112778,160.24020385742188,200,0.0,0.0
2020-06-01 00:00:00-04:00,153.76585748206767,169.11007690429688,153.76585748206767,169.11007690429688,700,0.0,0.0
2020-06-02 00:00:00-04:00,165.905265045166,165.905265045166,161.85879516601562,161.85879516601562,100,0.0,0.0
2020-06-03 00:00:00-04:00,161.82642545031075,161.82642545031075,159.43090989854602,160.24020385742188,100,0.0,0.0
2020-06-04 00:00:00-04:00,159.43090649040377,159.43090649040377,158.62161254882812,158.62161254882812,100,0.0,0.0
2020-06-05 00:00:00-04:00,158.6539912475147,169.95174098659206,149.71939086914062,149.71939086914062,700,0.0,0.0
2020-06-08 00:00:00-04:00,157.8123426437378,157.8123426437378,153.7658723195394,155.38446044921875,300,0.0,0.0
2020-06-09 00:00:00-04:00,157.39957954310822,157.39957954310822,151.74261057527758,155.7567138671875,400,0.0,0.0
2020-06-10 00:00:00-04:00,155.7567190230995,155.7890853476017,150.73099816099128,152.1472625732422,200,0.0,0.0
2020-06-11 00:00:00-04:00,152.95655305923955,152.95655305923955,150.12402429888326,150.52867126464844,500,0.0,0.0
2020-06-12 00:00:00-04:00,150.56102038697657,155.35205078125,150.56102038697657,155.35205078125,100,0.0,0.0
2020-06-15 00:00:00-04:00,153.76583252172472,153.76583252172472,150.12401017252597,150.50437927246094,100,0.0,0.0
2020-06-16 00:00:00-04:00,150.40728552058647,154.34045461084858,150.40728552058647,152.1472625732422,400,0.0,0.0
2020-06-17 00:00:00-04:00,153.76585472287155,154.17050170898438,153.76585472287155,154.17050170898438,100,0.0,0.0
2020-06-18 00:00:00-04:00,154.56703028477517,154.56703028477517,153.76582496175914,154.55892944335938,100,0.0,0.0
2020-06-19 00:00:00-04:00,154.56705935554163,155.73243229614178,153.76585388183594,153.76585388183594,200,0.0,0.0
2020-06-22 00:00:00-04:00,154.1705177666629,154.57516479492188,150.5610608411002,154.57516479492188,100,0.0,0.0
2020-06-23 00:00:00-04:00,153.76585388183594,153.76585388183594,153.76585388183594,153.76585388183594,500,0.0,0.0
2020-06-24 00:00:00-04:00,153.76585047295754,153.76585047295754,150.52867467352684,152.1472625732422,100,0.0,0.0
2020-06-25 00:00:00-04:00,152.14724909060848,153.76583684689155,152.14724909060848,152.95654296875,200,0.0,0.0
2020-06-26 00:00:00-04:00,153.76588378105896,153.76588378105896,152.11492919921875,152.11492919921875,100,0.0,0.0
2020-06-29 00:00:00-04:00,152.1472625732422,153.76585047295754,152.11489624873997,152.1472625732422,100,0.0,0.0
2020-06-30 00:00:00-04:00,152.11489624873997,152.95655652309986,152.11489624873997,152.1472625732422,200,0.0,0.0
2020-07-01 00:00:00-04:00,153.15079151665014,153.15079151665014,150.16449486586004,152.1472625732422,300,0.0,0.0
2020-07-02 00:00:00-04:00,151.37036454046518,151.74264526367188,151.37036454046518,151.74264526367188,100,0.0,0.0
2020-07-06 00:00:00-04:00,151.74263786631937,151.74263786631937,151.33799083200918,151.48365783691406,100,0.0,0.0
2020-07-07 00:00:00-04:00,151.74262671457788,151.74262671457788,150.12403869628906,150.12403869628906,400,0.0,0.0
2020-07-08 00:00:00-04:00,151.46746801177903,151.46746801177903,149.71939000796294,149.75985717773438,200,0.0,0.0
2020-07-09 00:00:00-04:00,149.71939957544882,151.2165985107422,149.71939957544882,151.2165985107422,300,0.0,0.0
2020-07-10 00:00:00-04:00,150.49631130248787,150.52867762762526,147.69614874753555,149.9217071533203,200,0.0,0.0
2020-07-13 00:00:00-04:00,149.78413669430998,150.50440786849467,149.54134602179735,150.12403869628906,200,0.0,0.0
2020-07-14 00:00:00-04:00,149.71939086914062,149.71939086914062,149.71939086914062,149.71939086914062,100,0.0,0.0
2020-07-15 00:00:00-04:00,149.53327037187915,149.53327037187915,148.8858326391808,148.9101104736328,200,0.0,0.0
2020-07-16 00:00:00-04:00,148.70774008496787,148.9100635408658,148.1250475440744,148.48922729492188,100,0.0,0.0
2020-07-17 00:00:00-04:00,148.2221878822255,148.2221878822255,146.07756376919681,147.69615173339844,300,0.0,0.0
2020-07-20 00:00:00-04:00,148.91007820504612,148.91007820504612,147.93892799086916,148.1007843017578,100,0.0,0.0
2020-07-21 00:00:00-04:00,146.91920976946514,148.1007843017578,143.6982234920543,148.1007843017578,1500,0.0,0.0
2020-07-22 00:00:00-04:00,146.48220825195312,146.48220825195312,144.86362031546744,146.48220825195312,200,0.0,0.0
2020-07-23 00:00:00-04:00,146.886852661104,146.886852661104,146.12611436847635,146.1584930419922,300,0.0,0.0
2020-07-24 00:00:00-04:00,146.15849305961467,147.66378030829355,144.6612943048929,145.2682647705078,100,0.0,0.0
2020-07-27 00:00:00-04:00,144.86363623645153,145.64056396484375,143.73062949592884,145.64056396484375,200,0.0,0.0
2020-07-28 00:00:00-04:00,144.45895295732475,144.45895295732475,143.24501217617077,144.05430603027344,300,0.0,0.0
2020-07-29 00:00:00-04:00,142.67044783639105,145.59199995723407,142.67044783639105,145.0659637451172,700,0.0,0.0
2020-07-30 00:00:00-04:00,145.06594265495727,145.5919787905973,143.34214256466518,143.92483520507812,700,0.0,0.0
2020-07-31 00:00:00-04:00,144.87168837733321,144.87168837733321,144.04621753731632,144.05430603027344,300,0.0,0.0
2020-08-03 00:00:00-04:00,144.03815878446474,144.03815878446474,142.84849548339844,142.84849548339844,300,0.0,0.0
2020-08-04 00:00:00-04:00,144.45895295732475,144.45895295732475,143.85198256674778,144.05430603027344,100,0.0,0.0
2020-08-05 00:00:00-04:00,144.45896097034557,158.18459093076763,143.60919990663336,151.59693908691406,900,0.0,0.0
2020-08-06 00:00:00-04:00,152.1472492248289,152.1472492248289,143.62538566838833,145.63243103027344,300,0.0,0.0
2020-08-07 00:00:00-04:00,147.25913254337067,153.76585046645926,147.25913254337067,152.59237670898438,400,0.0,0.0
2020-08-10 00:00:00-04:00,152.55190954172406,152.59237670898438,143.69823175483998,152.59237670898438,500,0.0,0.0
2020-08-11 00:00:00-04:00,152.14728418986004,155.38446044921875,152.14728418986004,155.38446044921875,200,0.0,0.0
2020-08-12 00:00:00-04:00,156.1937247140067,156.1937247140067,155.38443080357143,155.78907775878906,200,0.0,0.0
2020-08-13 00:00:00-04:00,155.38443627407108,155.38443627407108,155.2225799560547,155.2225799560547,100,0.0,0.0
2020-08-14 00:00:00-04:00,155.38444010416669,161.85879177517361,153.76585218641495,160.24020385742188,200,0.0,0.0
2020-08-17 00:00:00-04:00,155.38443692835364,165.90525817871094,155.38443692835364,165.90525817871094,300,0.0,0.0
2020-08-18 00:00:00-04:00,165.90524759723914,168.31693993390294,155.384427017902,161.0494842529297,500,0.0,0.0
2020-08-19 00:00:00-04:00,159.4309132385254,161.85879516601562,150.1240325164795,161.85879516601562,600,0.0,0.0
2020-08-20 00:00:00-04:00,149.71938982673393,165.90526980800246,149.71938982673393,163.46929931640625,200,0.0,0.0
2020-08-21 00:00:00-04:00,165.90525645835726,165.90525645835726,163.88202162349924,165.09596252441406,100,0.0,0.0
2020-08-24 00:00:00-04:00,165.09594363977413,165.09594363977413,163.47735595703125,163.47735595703125,300,0.0,0.0
2020-08-25 00:00:00-04:00,165.136437471113,165.5006172887763,154.17050167976473,162.70045471191406,400,0.0,0.0
2020-08-26 00:00:00-04:00,165.09597770595013,165.9862060546875,165.09597770595013,165.9862060546875,500,0.0,0.0
2020-08-27 00:00:00-04:00,168.37362361591815,173.9982145946743,168.33315644508025,170.15406799316406,400,0.0,0.0
2020-08-28 00:00:00-04:00,171.18995138574104,172.37961450190127,171.18186289167758,172.21775817871094,300,0.0,0.0
2020-08-31 00:00:00-04:00,172.54643388488614,173.0394287109375,172.538221901491,173.0394287109375,200,3.2,0.0
2020-09-01 00:00:00-04:00,172.54640197753906,172.95722674415225,171.3139276776995,172.54640197753906,200,0.0,0.0
2020-09-02 00:00:00-04:00,170.07326094808755,170.0814729309082,162.68662628173828,164.32992553710938,300,0.0,0.0
2020-09-03 00:00:00-04:00,162.68662628173828,168.43817367553712,157.76494049844564,164.32992553710938,300,0.0,0.0
2020-09-04 00:00:00-04:00,162.65375452385416,162.68661499023438,161.8321049531964,162.68661499023438,400,0.0,0.0
2020-09-08 00:00:00-04:00,162.68663165367866,164.3299309633118,162.68663165367866,162.8920440673828,100,0.0,0.0
2020-09-09 00:00:00-04:00,163.7136826635006,163.7136826635006,163.50827026367188,163.50827026367188,200,0.0,0.0
2020-09-10 00:00:00-04:00,163.50827026367188,163.7136826635006,163.50827026367188,163.50827026367188,300,0.0,0.0
2020-09-11 00:00:00-04:00,163.71366475686375,167.61649992672625,152.00515924727625,158.7837677001953,1100,0.0,0.0
2020-09-14 00:00:00-04:00,161.0351353786374,168.40533447265625,159.40004789961242,168.40533447265625,700,0.0,0.0
2020-09-15 00:00:00-04:00,158.57836162288015,175.83300200671684,158.57836162288015,168.4381561279297,400,0.0,0.0
2020-09-16 00:00:00-04:00,160.2216706401587,164.32991860529097,157.78958232835413,164.28883361816406,900,0.0,0.0
2020-09-17 00:00:00-04:00,163.50827246597132,164.32171009370538,155.0452789715635,159.4000244140625,300,0.0,0.0
2020-09-18 00:00:00-04:00,161.65956424713133,164.32992553710938,159.40002777099608,164.32992553710938,200,0.0,0.0
2020-09-21 00:00:00-04:00,164.3299269364274,164.3299269364274,159.40002912833458,164.2477569580078,100,0.0,0.0
2020-09-22 00:00:00-04:00,164.21489648906706,164.2477569580078,163.91910211908635,164.2477569580078,100,0.0,0.0
2020-09-23 00:00:00-04:00,160.38600217440447,164.21489238530947,154.66732788085938,154.66732788085938,500,0.0,0.0
2020-09-24 00:00:00-04:00,163.467208823167,163.467208823167,156.1134463574876,158.94813537597656,300,0.0,0.0
2020-09-25 00:00:00-04:00,156.11343559177442,161.8567712356861,156.11343559177442,160.83792114257812,600,0.0,0.0
2020-09-28 00:00:00-04:00,161.823909388276,161.85678239791557,156.16274333500232,160.22169494628906,200,0.0,0.0
2020-09-29 00:00:00-04:00,163.4754040945119,163.4754040945119,162.68661499023438,162.68661499023438,100,0.0,0.0
2020-09-30 00:00:00-04:00,162.68661376595125,163.50826333042576,152.01338140997163,163.46717834472656,200,0.0,0.0
2020-10-01 00:00:00-04:00,162.65375452385416,162.68661499023438,154.51941625191594,162.68661499023438,200,0.0,0.0
2020-10-02 00:00:00-04:00,162.65375452385416,162.68661499023438,156.11341842497237,162.68661499023438,100,0.0,0.0
2020-10-05 00:00:00-04:00,163.06460571289062,163.06460571289062,163.06460571289062,163.06460571289062,100,0.0,0.0
2020-10-06 00:00:00-04:00,162.68665380918205,162.68665380918205,162.16079845998092,162.65379333496094,100,0.0,0.0
2020-10-07 00:00:00-04:00,160.2216793662171,160.2216793662171,156.9679412841797,156.9679412841797,100,0.0,0.0
2020-10-08 00:00:00-04:00,158.16754825452236,159.40002265650563,153.6484754472503,156.93507385253906,400,0.0,0.0
2020-10-09 00:00:00-04:00,156.93507385253906,157.75672345386124,156.7707464397502,156.93507385253906,400,0.0,0.0
2020-10-12 00:00:00-04:00,157.52664233956432,159.4000021870196,157.51020583918276,159.3671417236328,100,0.0,0.0
2020-10-13 00:00:00-04:00,159.4000244140625,159.4000244140625,159.4000244140625,159.4000244140625,100,0.0,0.0
2020-10-14 00:00:00-04:00,157.7567347393135,159.40003405951467,156.1134354191123,158.57838439941406,200,0.0,0.0
2020-10-15 00:00:00-04:00,156.11341086767052,158.57835946031796,152.04624819727766,152.82681274414062,600,0.0,0.0
2020-10-16 00:00:00-04:00,153.2047901789826,156.93507385253906,152.66249843313923,156.93507385253906,300,0.0,0.0
2020-10-19 00:00:00-04:00,156.9350889247624,156.9350889247624,153.2458773470536,153.6895751953125,200,0.0,0.0
2020-10-20 00:00:00-04:00,154.4701385498047,154.4701385498047,153.7142223550039,154.4701385498047,100,0.0,0.0
2020-10-21 00:00:00-04:00,154.42905355867202,154.4701385498047,154.42905355867202,154.4701385498047,400,0.0,0.0
2020-10-22 00:00:00-04:00,154.47013433275617,154.47013433275617,153.85389709472656,153.85389709472656,100,0.0,0.0
2020-10-23 00:00:00-04:00,154.05931371323607,157.723876771875,153.64848887666744,154.4701385498047,2300,0.0,0.0
2020-10-26 00:00:00-04:00,154.4701385498047,156.1134378960792,154.4701385498047,154.4701385498047,200,0.0,0.0
2020-10-27 00:00:00-04:00,154.4701385498047,160.1888257912868,154.4454900626009,154.4701385498047,300,0.0,0.0
2020-10-28 00:00:00-04:00,154.44549000486134,154.44549000486134,152.84327565031847,153.62384033203125,300,0.0,0.0
2020-10-29 00:00:00-04:00,153.64846105046507,153.64846105046507,152.06268348644124,153.6156005859375,400,0.0,0.0
2020-10-30 00:00:00-04:00,153.61559723227003,153.64845769608024,151.36427307128906,151.36427307128906,900,0.0,0.0
2020-11-02 00:00:00-05:00,152.00518398998892,157.72387102303185,152.00518398998892,153.6484832763672,300,0.0,0.0
2020-11-03 00:00:00-05:00,153.6156242124684,161.76638724298797,153.23765985669695,153.85389709472656,400,0.0,0.0
2020-11-04 00:00:00-05:00,153.61562684773895,153.64848731788427,152.00518798828125,152.00518798828125,700,0.0,0.0
2020-11-05 00:00:00-05:00,152.005162001797,153.64846105046507,152.005162001797,153.6156005859375,300,0.0,0.0
2020-11-06 00:00:00-05:00,153.61562148206212,154.4701315871616,152.44886796590436,154.43727111816406,500,0.0,0.0
2020-11-09 00:00:00-05:00,155.2917690076326,156.72965575770328,153.68133033110735,156.11341857910156,600,0.0,0.0
2020-11-10 00:00:00-05:00,156.11341857910156,156.11341857910156,152.00517072175677,156.11341857910156,1100,0.0,0.0
2020-11-11 00:00:00-05:00,156.11342118495764,156.11342118495764,152.8268228442217,155.2589111328125,300,0.0,0.0
2020-11-12 00:00:00-05:00,155.291802224688,155.291802224688,152.00520323580574,153.27053833007812,900,0.0,0.0
2020-11-13 00:00:00-05:00,154.8809633863733,154.8809633863733,154.4701385498047,154.4701385498047,200,0.0,0.0
2020-11-16 00:00:00-05:00,154.67553852597345,154.88095092773438,153.64847651716886,154.88095092773438,700,0.0,0.0
2020-11-17 00:00:00-05:00,154.87273479946901,154.88094678186354,154.47012198933868,154.82342529296875,100,0.0,0.0
2020-11-18 00:00:00-05:00,154.8809426361062,155.29176741763433,154.8562941522047,155.06170654296875,300,0.0,0.0
2020-11-19 00:00:00-05:00,155.29177573125622,155.29177573125622,154.88095092773438,154.88095092773438,300,0.0,0.0
2020-11-20 00:00:00-05:00,155.29176330566406,156.11341284696385,154.88093853501414,155.29176330566406,700,0.0,0.0
2020-11-23 00:00:00-05:00,156.01481747235488,156.11341140443918,154.470112337024,155.0863494873047,700,0.0,0.0
2020-11-24 00:00:00-05:00,154.2647137024498,156.11342531805838,154.2647137024498,154.59336853027344,1500,0.0,0.0
2020-11-25 00:00:00-05:00,154.47012468680504,156.1134238856008,154.38795471191406,154.38795471191406,700,0.0,0.0
2020-11-27 00:00:00-05:00,155.78475684534277,156.07232666015625,154.47011257443933,156.07232666015625,800,0.0,0.0
2020-11-30 00:00:00-05:00,157.12532721906842,158.7884316997708,153.60691700527215,157.09190368652344,600,3.2,0.0
2020-12-01 00:00:00-05:00,157.1170068359375,157.1170068359375,155.44554931640624,156.6991424560547,100,0.0,0.0
2020-12-02 00:00:00-05:00,156.5319816202527,157.1169891357422,156.24783693447318,157.1169891357422,7400,0.0,0.0
2020-12-03 00:00:00-05:00,157.11700367303752,157.28414687118413,152.13605475413328,156.36485290527344,1200,0.0,0.0
2020-12-04 00:00:00-05:00,157.33427881893581,158.7884513324595,154.60980787634213,156.28126525878906,600,0.0,0.0
2020-12-07 00:00:00-05:00,154.6599578857422,158.78845988305497,154.6599578857422,154.6599578857422,900,0.0,0.0
2020-12-08 00:00:00-05:00,157.11702383870107,157.11702383870107,154.6599789787422,155.98878479003906,500,0.0,0.0
2020-12-09 00:00:00-05:00,154.73516207914253,156.9498507622094,154.65994955746228,156.28126525878906,100,0.0,0.0
2020-12-10 00:00:00-05:00,156.28127407799093,156.94985961914062,156.28127407799093,156.94985961914062,400,0.0,0.0
2020-12-11 00:00:00-05:00,156.9498431950634,158.78844367666758,156.2812577238781,158.75502014160156,600,0.0,0.0
2020-12-14 00:00:00-05:00,155.94697968455915,158.7884521484375,155.94697968455915,158.7884521484375,1200,0.0,0.0
2020-12-15 00:00:00-05:00,157.9527130126953,157.9527130126953,155.9887456071573,157.9527130126953,1300,0.0,0.0
2020-12-16 00:00:00-05:00,157.9527130126953,157.9527130126953,157.1169843724165,157.9527130126953,100,0.0,0.0
2020-12-17 00:00:00-05:00,157.11699797554343,157.9527266881793,156.28126926290756,157.78558349609375,200,0.0,0.0
2020-12-18 00:00:00-05:00,157.91094014039874,157.9527291271174,156.49020385742188,156.49020385742188,200,0.0,0.0
2020-12-21 00:00:00-05:00,157.11700367303752,157.11700367303752,156.28127493009583,156.36485290527344,900,0.0,0.0
2020-12-22 00:00:00-05:00,157.11697775955724,157.11697775955724,155.4622386920691,155.5290985107422,700,0.0,0.0
2020-12-23 00:00:00-05:00,155.46225471200825,157.11699395001253,155.46225471200825,156.28126525878906,100,0.0,0.0
2020-12-24 00:00:00-05:00,156.28125475811703,157.11698339318716,155.44552612304688,155.44552612304688,100,0.0,0.0
2020-12-28 00:00:00-05:00,157.11698493240888,158.16164573648075,154.7351531982422,154.7351531982422,1200,0.0,0.0
2020-12-29 00:00:00-05:00,155.06945715665557,157.91929497982179,154.73515803757314,154.77694702148438,600,0.0,0.0
2020-12-30 00:00:00-05:00,154.73516207914253,156.28126525878906,154.64323141301963,156.28126525878906,800,0.0,0.0
2020-12-31 00:00:00-05:00,154.85218915701114,156.2812910659664,154.8187656148143,155.3619842529297,800,0.0,0.0
2021-01-04 00:00:00-05:00,157.08355985875542,157.11698339318716,155.44552612304688,155.44552612304688,500,0.0,0.0
2021-01-05 00:00:00-05:00,154.86052903415072,156.28126525878906,154.82709274526542,156.28126525878906,300,0.0,0.0
2021-01-06 00:00:00-05:00,156.28126525878906,157.61843626562975,156.28126525878906,156.28126525878906,5900,0.0,0.0
2021-01-07 00:00:00-05:00,157.1170068359375,157.61844919268043,156.6991424560547,156.6991424560547,900,0.0,0.0
2021-01-08 00:00:00-05:00,157.57663599263563,158.74665097565145,156.70747107478942,156.90805053710938,300,0.0,0.0
2021-01-11 00:00:00-05:00,156.91640966519975,157.95271780135784,156.90805696933828,157.1169891357422,7200,0.0,0.0
2021-01-12 00:00:00-05:00,157.95273203714956,162.95875178615907,157.86915406217238,162.5492401123047,800,0.0,0.0
2021-01-13 00:00:00-05:00,161.7135240994967,181.35315105731672,159.54062410115193,162.9671173095703,700,0.0,0.0
2021-01-14 00:00:00-05:00,162.8417644347749,172.16013560575595,158.78847458783318,170.48867797851562,900,0.0,0.0
2021-01-15 00:00:00-05:00,168.81717718215216,175.5030059814453,168.81717718215216,175.5030059814453,600,0.0,0.0
2021-01-19 00:00:00-05:00,181.35314394928687,181.35314394928687,175.3358993272178,179.6816864013672,1200,0.0,0.0
2021-01-20 00:00:00-05:00,181.35310618082684,184.6960205804734,175.5030059814453,175.5030059814453,400,0.0,0.0
2021-01-21 00:00:00-05:00,173.83158629346522,175.5030438539793,173.83158629346522,174.24945068359375,700,0.0,0.0
2021-01-22 00:00:00-05:00,173.99872705680718,174.6673126220703,173.83158385354366,174.6673126220703,300,0.0,0.0
2021-01-25 00:00:00-05:00,182.1387278946866,182.14708059148683,174.667310744038,178.46987915039062,300,0.0,0.0
2021-01-26 00:00:00-05:00,181.75429019016906,181.75429019016906,178.01022885344747,179.6816864013672,100,0.0,0.0
2021-01-27 00:00:00-05:00,178.0102081298828,179.68166548321506,178.0102081298828,178.0102081298828,100,0.0,0.0
2021-01-28 00:00:00-05:00,179.6817119033248,180.51744079589844,179.6817119033248,180.51744079589844,100,0.0,0.0
2021-01-29 00:00:00-05:00,180.55081769597646,180.55081769597646,176.75661511488363,178.0102081298828,200,0.0,0.0
2021-02-01 00:00:00-05:00,178.01022266896285,180.51740890373696,170.27973177840929,177.25807189941406,500,0.0,0.0
2021-02-02 00:00:00-05:00,177.25806778798176,178.92952523906237,176.12982890761901,178.845947265625,100,0.0,0.0
2021-02-03 00:00:00-05:00,177.59234379154975,178.84593680654893,176.33875077655057,178.0102081298828,200,0.0,0.0
2021-02-04 00:00:00-05:00,177.59234860258283,178.92951962235603,177.1744842529297,177.1744842529297,400,0.0,0.0
2021-02-05 00:00:00-05:00,177.1745039132925,178.01023270533636,171.3244023689857,173.8315887451172,100,0.0,0.0
2021-02-08 00:00:00-05:00,177.9767869235099,178.92951711729225,168.8589838812004,169.65292358398438,1400,0.0,0.0
2021-02-09 00:00:00-05:00,168.8172149658203,171.32440132669882,168.8172149658203,168.8172149658203,500,0.0,0.0
2021-02-10 00:00:00-05:00,171.29096652627712,183.86032104492188,171.29096652627712,183.86032104492188,900,0.0,0.0
2021-02-11 00:00:00-05:00,182.18886216778623,182.18886216778623,178.845947265625,178.845947265625,100,0.0,0.0
2021-02-12 00:00:00-05:00,181.3531334422459,181.3531334422459,178.26093970818846,178.845947265625,200,0.0,0.0
2021-02-16 00:00:00-05:00,179.68167309691725,181.31970698356307,179.68167309691725,180.48397827148438,100,0.0,0.0
2021-02-17 00:00:00-05:00,178.04364207813464,179.68167599116532,175.50303236346377,178.845947265625,1200,0.0,0.0
2021-02-18 00:00:00-05:00,179.6816864013672,179.6816864013672,179.66496825526943,179.6816864013672,100,0.0,0.0
2021-02-19 00:00:00-05:00,181.3197010037368,183.8603105936965,175.54481273319587,183.0245819091797,500,0.0,0.0
2021-02-22 00:00:00-05:00,181.35313484885478,183.86032104492188,180.5174061168324,183.86032104492188,400,0.0,0.0
2021-02-23 00:00:00-05:00,183.4424566789107,183.86032104492188,183.4090331406015,183.86032104492188,300,0.0,0.0
2021-02-24 00:00:00-05:00,182.606719156429,182.606719156429,179.69002143128208,180.0995330810547,200,0.0,0.0
2021-02-25 00:00:00-05:00,182.15539680979572,182.60668460700742,182.15539680979572,182.5648956298828,200,0.0,0.0
2021-02-26 00:00:00-05:00,184.04918056754178,185.3214099263036,169.6305811682413,182.35287475585938,1600,3.2,0.0
2021-03-01 00:00:00-05:00,178.32420789932027,181.89493851763746,178.32420789932027,181.1485595703125,100,0.0,0.0
2021-03-02 00:00:00-05:00,179.80845642089844,179.80845642089844,179.80845642089844,179.80845642089844,100,0.0,0.0
2021-03-03 00:00:00-05:00,181.89490582686315,181.92034938260457,181.04675279071432,181.08067321777344,100,0.0,0.0
2021-03-04 00:00:00-05:00,182.38679517770706,185.9575246056845,172.39555498224055,182.35287475585938,500,0.0,0.0
2021-03-05 00:00:00-05:00,182.35290954163023,182.35290954163023,181.9288330078125,181.9288330078125,100,0.0,0.0
2021-03-08 00:00:00-05:00,179.80847182397306,179.80847182397306,176.6278974402943,179.77455139160156,100,0.0,0.0
2021-03-09 00:00:00-05:00,179.80845831008185,179.80845831008185,173.23527174450103,178.11215209960938,400,0.0,0.0
2021-03-10 00:00:00-05:00,178.11215424566075,178.11215424566075,174.6856213536078,177.90011596679688,300,0.0,0.0
2021-03-11 00:00:00-05:00,177.90010530010784,178.96029663085938,174.71953130785323,178.96029663085938,200,0.0,0.0
2021-03-12 00:00:00-05:00,180.62269198380986,184.89737796343965,179.80845930389546,184.04922485351562,200,0.0,0.0
2021-03-15 00:00:00-04:00,178.96031906615653,186.5088771107143,178.96031906615653,185.74554443359375,1300,0.0,0.0
2021-03-16 00:00:00-04:00,185.74552703474646,186.5088596403654,185.74552703474646,185.9575653076172,100,0.0,0.0
2021-03-17 00:00:00-04:00,186.33922701638082,186.33922701638082,184.89736938476562,184.89736938476562,600,0.0,0.0
2021-03-18 00:00:00-04:00,185.50802108280794,185.74550288220019,184.8973499010029,185.32142639160156,200,0.0,0.0
2021-03-19 00:00:00-04:00,184.98218986853837,185.3214459200518,184.89736938476562,184.89736938476562,600,0.0,0.0
2021-03-22 00:00:00-04:00,185.32142639160156,185.32142639160156,185.29598283750863,185.32142639160156,300,0.0,0.0
2021-03-23 00:00:00-04:00,185.31296691121182,185.31296691121182,185.10940551757812,185.10940551757812,100,0.0,0.0
2021-03-24 00:00:00-04:00,185.29600693160367,186.5088596403654,185.1094122161343,185.9575653076172,500,0.0,0.0
2021-03-25 00:00:00-04:00,185.74552245533795,185.74552245533795,184.89736938476562,184.89736938476562,100,0.0,0.0
2021-03-26 00:00:00-04:00,185.28754741567948,185.74554443359375,180.6905458404653,185.74554443359375,300,0.0,0.0
2021-03-29 00:00:00-04:00,186.43254643136032,186.43254643136032,183.44704364598664,185.74554443359375,100,0.0,0.0
2021-03-30 00:00:00-04:00,185.31294952083306,185.32142639160156,185.31294952083306,185.32142639160156,100,0.0,0.0
2021-03-31 00:00:00-04:00,185.32143200762377,186.43251037597656,184.89735550417382,186.43251037597656,300,0.0,0.0
2021-04-01 00:00:00-04:00,186.46647980560007,186.46647980560007,184.8973912626641,185.74554443359375,100,0.0,0.0
2021-04-05 00:00:00-04:00,185.53348761008573,186.46646118164062,185.53348761008573,186.46646118164062,400,0.0,0.0
2021-04-06 00:00:00-04:00,186.4664833093235,186.50888061523438,186.4664833093235,186.50888061523438,300,0.0,0.0
2021-04-07 00:00:00-04:00,186.16962451720397,186.50888061523438,186.16962451720397,186.50888061523438,700,0.0,0.0
2021-04-08 00:00:00-04:00,186.59364404242874,188.2560294746474,186.57667736017916,187.20431518554688,100,0.0,0.0
2021-04-09 00:00:00-04:00,187.2298095925517,190.91928100585938,187.2298095925517,190.91928100585938,400,0.0,0.0
2021-04-12 00:00:00-04:00,191.68261367119678,191.68261367119678,190.91928100585938,190.91928100585938,100,0.0,0.0
2021-04-13 00:00:00-04:00,190.91925411211093,191.68258666992188,190.41035711237814,191.68258666992188,100,0.0,0.0
2021-04-14 00:00:00-04:00,191.68259866299502,195.7961463331422,191.68259866299502,194.2016143798828,100,0.0,0.0
2021-04-15 00:00:00-04:00,194.2016236573062,196.7715266117632,194.19314678503102,196.00819396972656,200,0.0,0.0
2021-04-16 00:00:00-04:00,199.23964346557904,199.23964346557904,195.07520872971108,196.77151489257812,200,0.0,0.0
2021-04-19 00:00:00-04:00,196.77150540954003,204.4048827745653,196.77150540954003,204.3624725341797,200,0.0,0.0
2021-04-20 00:00:00-04:00,201.8265163116302,201.86043674106497,200.1641305499636,200.172607421875,100,0.0,0.0
2021-04-21 00:00:00-04:00,199.3159818649292,203.55674743652344,199.3159818649292,203.55674743652344,100,0.0,0.0
2021-04-22 00:00:00-04:00,203.55674743652344,204.36249030676845,196.77152252197266,203.55674743652344,200,0.0,0.0
2021-04-23 00:00:00-04:00,203.5228287858256,203.55674921630757,194.6511414380941,201.8943634033203,100,0.0,0.0
2021-04-26 00:00:00-04:00,203.55674743652344,203.55674743652344,203.132670879364,203.55674743652344,100,0.0,0.0
2021-04-27 00:00:00-04:00,203.5228271484375,203.5228271484375,201.8943617790336,203.5228271484375,100,0.0,0.0
2021-04-28 00:00:00-04:00,203.51430146728705,204.4048646693491,195.0751820495863,201.0122528076172,300,0.0,0.0
2021-04-29 00:00:00-04:00,203.522804983723,204.3964015615989,202.7085723876953,202.7085723876953,100,0.0,0.0
2021-04-30 00:00:00-04:00,203.55674743652344,203.55674743652344,203.55674743652344,203.55674743652344,300,0.0,0.0
2021-05-03 00:00:00-04:00,204.8289752045939,206.10120486424975,194.65113792734698,205.2530517578125,100,0.0,0.0
2021-05-04 00:00:00-04:00,202.70855669998204,207.3394775390625,202.70855669998204,207.3394775390625,100,0.0,0.0
2021-05-05 00:00:00-04:00,207.33102620688442,207.33102620688442,197.6196756362915,203.55674743652344,100,0.0,0.0
2021-05-06 00:00:00-04:00,206.1011962890625,206.9493493602109,203.55673707561726,206.1011962890625,200,0.0,0.0
2021-05-07 00:00:00-04:00,203.55674743652344,203.55674743652344,200.16413497924805,203.55674743652344,800,0.0,0.0
2021-05-10 00:00:00-04:00,200.1980337465823,202.7085723876953,198.46780727498202,202.7085723876953,200,0.0,0.0
2021-05-11 00:00:00-04:00,203.38711940201756,203.55674743652344,203.38711940201756,203.55674743652344,100,0.0,0.0
2021-05-12 00:00:00-04:00,201.03772575471186,203.52282103650253,195.07521057128906,195.07521057128906,400,0.0,0.0
2021-05-13 00:00:00-04:00,196.80542165641168,203.556725410238,196.80542165641168,202.7085723876953,700,0.0,0.0
2021-05-14 00:00:00-04:00,203.5143342711626,206.90694667973972,199.31597900390625,199.31597900390625,1200,0.0,0.0
2021-05-17 00:00:00-04:00,203.51432990473785,203.556740147293,199.74005126953125,199.74005126953125,200,0.0,0.0
2021-05-18 00:00:00-04:00,203.556725410238,203.556725410238,201.01226634261,202.7085723876953,400,0.0,0.0
2021-05-19 00:00:00-04:00,203.55674451462767,203.55674451462767,197.6196727996177,199.31597900390625,300,0.0,0.0
2021-05-20 00:00:00-04:00,201.4363555908203,201.4363555908203,201.4363555908203,201.4363555908203,100,0.0,0.0
2021-05-21 00:00:00-04:00,203.4125409494203,203.556725410238,202.7085723876953,202.7085723876953,200,0.0,0.0
2021-05-24 00:00:00-04:00,203.55674757864656,203.55674757864656,202.9206327424633,203.5228271484375,100,0.0,0.0
2021-05-25 00:00:00-04:00,203.47191989874602,203.47191989874602,202.7085872990218,203.3022918701172,700,0.0,0.0
2021-05-26 00:00:00-04:00,202.7085823879562,203.3022869446678,199.31597013041718,202.83580017089844,1500,0.0,0.0
2021-05-27 00:00:00-04:00,203.2174822274968,203.2174822274968,200.1641259765625,201.4363555908203,200,0.0,0.0
2021-05-28 00:00:00-04:00,204.61736951836994,204.61736951836994,199.28700369244035,202.1671142578125,200,3.2,0.0
2021-06-01 00:00:00-04:00,204.4024342105263,204.4024342105263,203.27618104633532,204.1875,100,0.0,0.0
2021-06-02 00:00:00-04:00,197.73948865059094,204.09294386988338,197.73948865059094,201.17843627929688,500,0.0,0.0
2021-06-03 00:00:00-04:00,201.3933595860258,204.4024385979835,201.3933595860258,202.0381622314453,100,0.0,0.0
2021-06-04 00:00:00-04:00,203.714643396723,203.714643396723,202.03815916776298,203.2933807373047,200,0.0,0.0
2021-06-07 00:00:00-04:00,204.40246528838222,204.40246528838222,203.51693725585938,203.51693725585938,100,0.0,0.0
2021-06-08 00:00:00-04:00,202.8979077560489,203.7576446533203,197.73948637242054,203.7576446533203,700,0.0,0.0
2021-06-09 00:00:00-04:00,202.00377852918203,202.0381622314453,202.00377852918203,202.0381622314453,100,0.0,0.0
2021-06-10 00:00:00-04:00,202.0381533850744,203.72324333014703,197.56752452962385,198.42726135253906,400,0.0,0.0
2021-06-11 00:00:00-04:00,201.99518387505293,201.99518387505293,197.73948880491682,201.96080017089844,100,0.0,0.0
2021-06-14 00:00:00-04:00,200.92049296211366,202.03815345600438,197.7394693399192,200.3186798095703,700,0.0,0.0
2021-06-15 00:00:00-04:00,200.5336335989145,201.6770852596845,199.94041303399567,201.17843627929688,600,0.0,0.0
2021-06-16 00:00:00-04:00,201.1440329320175,201.17841663278733,198.59920616313622,200.3186798095703,500,0.0,0.0
2021-06-17 00:00:00-04:00,201.9951848838526,201.9951848838526,196.0200159681805,200.2757110595703,900,0.0,0.0
2021-06-18 00:00:00-04:00,200.31868193253226,200.31868193253226,197.73947143554688,197.73947143554688,100,0.0,0.0
2021-06-21 00:00:00-04:00,197.7394909879346,198.59922790527344,195.16028023591807,198.59922790527344,600,0.0,0.0
2021-06-22 00:00:00-04:00,199.02908325195312,199.02908325195312,197.70509425863486,199.02908325195312,400,0.0,0.0
2021-06-23 00:00:00-04:00,196.48428389495206,197.7395056595596,196.48428389495206,197.71371459960938,100,0.0,0.0
2021-06-24 00:00:00-04:00,197.30960301938265,197.73947143554688,197.30960301938265,197.73947143554688,300,0.0,0.0
2021-06-25 00:00:00-04:00,197.73947143554688,197.73947143554688,197.70508773441264,197.73947143554688,100,0.0,0.0
2021-06-28 00:00:00-04:00,197.7394909879346,198.59922790527344,188.2823848972073,198.59922790527344,600,0.0,0.0
2021-06-29 00:00:00-04:00,198.59921155539004,198.59921155539004,195.1602641691495,198.38427734375,700,0.0,0.0
2021-06-30 00:00:00-04:00,196.02001624467113,198.16935852805568,189.14212093784056,193.47518920898438,100,0.0,0.0
2021-07-01 00:00:00-04:00,194.3005433185792,198.59922790527344,189.14212181454613,198.59922790527344,700,0.0,0.0
2021-07-02 00:00:00-04:00,198.5562166982668,200.74854822117882,197.7394693399192,200.3186798095703,1500,0.0,0.0
2021-07-06 00:00:00-04:00,191.72131157739992,200.3186798095703,191.72131157739992,200.3186798095703,100,0.0,0.0
2021-07-07 00:00:00-04:00,200.28431574866008,200.31869945280158,199.45896254527884,200.06077575683594,100,0.0,0.0
2021-07-08 00:00:00-04:00,200.28429341261236,200.28429341261236,191.72130899648502,198.66798400878906,800,0.0,0.0
2021-07-09 00:00:00-04:00,198.66798400878906,198.66798400878906,197.73946667798904,198.66798400878906,200,0.0,0.0
2021-07-12 00:00:00-04:00,198.66798668321871,200.3186798095703,198.66798668321871,200.3186798095703,500,0.0,0.0
2021-07-13 00:00:00-04:00,200.27569246720725,200.27569246720725,196.01999777088994,197.73947143554688,900,0.0,0.0
2021-07-14 00:00:00-04:00,197.73949875826406,197.91144352477966,196.87976180714116,197.09469604492188,300,0.0,0.0
2021-07-15 00:00:00-04:00,197.09468710835694,200.2757110595703,189.14212067105137,200.2757110595703,100,0.0,0.0
2021-07-16 00:00:00-04:00,196.020007524334,196.66481018066406,196.020007524334,196.66481018066406,400,0.0,0.0
2021-07-19 00:00:00-04:00,196.6648133803089,196.6648133803089,193.397810578042,193.51817321777344,1100,0.0,0.0
2021-07-20 00:00:00-04:00,193.44080292268333,200.18113708496094,192.61544972472052,200.18113708496094,600,0.0,0.0
2021-07-21 00:00:00-04:00,200.18115410022966,200.18115410022966,197.0517120361328,197.0517120361328,100,0.0,0.0
2021-07-22 00:00:00-04:00,197.73947143554688,199.88881351636803,197.73947143554688,197.73947143554688,700,0.0,0.0
2021-07-23 00:00:00-04:00,197.7394822643649,200.2155286750005,197.7394822643649,199.88882446289062,200,0.0,0.0
2021-07-26 00:00:00-04:00,199.88883091853214,201.6083047328851,199.88883091853214,201.17843627929688,2100,0.0,0.0
2021-07-27 00:00:00-04:00,201.6082763671875,201.6082763671875,201.2643869001188,201.6082763671875,1100,0.0,0.0
2021-07-28 00:00:00-04:00,201.6942705585222,201.95218111907263,192.5810546875,192.5810546875,900,0.0,0.0
2021-07-29 00:00:00-04:00,201.17843627929688,201.17843627929688,200.96350205250275,201.17843627929688,300,0.0,0.0
2021-07-30 00:00:00-04:00,201.17843627929688,201.17843627929688,189.1421195788261,201.17843627929688,200,0.0,0.0
2021-08-02 00:00:00-04:00,198.59922555776743,201.9951837174057,193.47518781883616,201.17843627929688,400,0.0,0.0
2021-08-03 00:00:00-04:00,200.3186798095703,200.3186798095703,189.14210110774877,200.3186798095703,400,0.0,0.0
2021-08-04 00:00:00-04:00,201.17843412280848,201.17843412280848,191.29145979626023,200.74856567382812,400,0.0,0.0
2021-08-05 00:00:00-04:00,201.16122151715928,201.9521778332458,196.87973574062082,200.96348571777344,100,0.0,0.0
2021-08-06 00:00:00-04:00,201.178439543681,205.00426621898657,200.96350531339928,201.0494842529297,300,0.0,0.0
2021-08-09 00:00:00-04:00,202.01240063267656,202.89792867869744,201.82325744628906,201.82325744628906,500,0.0,0.0
2021-08-10 00:00:00-04:00,201.82325744628906,201.82325744628906,201.82325744628906,201.82325744628906,100,0.0,0.0
2021-08-11 00:00:00-04:00,201.80603505873904,202.02957504439235,201.1784308067649,201.99517822265625,2100,0.0,0.0
2021-08-12 00:00:00-04:00,202.02957182162208,202.02957182162208,199.45895385742188,199.45895385742188,200,0.0,0.0
2021-08-13 00:00:00-04:00,201.9951837174057,201.9951837174057,201.17843627929688,201.17843627929688,100,0.0,0.0
2021-08-16 00:00:00-04:00,201.26438903808594,201.26438903808594,201.1784101111343,201.26438903808594,100,0.0,0.0
2021-08-17 00:00:00-04:00,198.60780656925937,201.99517188406207,198.60780656925937,200.71417236328125,100,0.0,0.0
2021-08-18 00:00:00-04:00,200.6625738774609,200.6625738774609,199.7254638671875,199.7254638671875,100,0.0,0.0
2021-08-19 00:00:00-04:00,198.59921924307878,198.59921924307878,196.4412843973557,196.87974548339844,600,0.0,0.0
2021-08-20 00:00:00-04:00,201.96079036785187,201.96079036785187,197.73947920676994,201.14404296875,500,0.0,0.0
2021-08-23 00:00:00-04:00,201.99518387505293,201.99518387505293,201.96080017089844,201.96080017089844,200,0.0,0.0
2021-08-24 00:00:00-04:00,201.95217895507812,201.95217895507812,201.78023421037253,201.95217895507812,400,0.0,0.0
2021-08-25 00:00:00-04:00,201.95217674964243,201.95217674964243,201.8662109375,201.8662109375,300,0.0,0.0
2021-08-26 00:00:00-04:00,201.95220493494944,203.32778930664062,201.95220493494944,203.32778930664062,100,0.0,0.0
2021-08-27 00:00:00-04:00,203.32774454723935,203.32774454723935,202.7689208984375,202.7689208984375,100,0.0,0.0
2021-08-30 00:00:00-04:00,202.72595434360147,202.7689438103381,201.952183297972,202.0381622314453,1200,0.0,0.0
2021-08-31 00:00:00-04:00,204.82732809428722,204.82732809428722,201.340905488427,204.3915252685547,100,3.2,0.0
2021-09-01 00:00:00-04:00,204.34792742774871,204.34792742774871,203.91212463378906,203.91212463378906,100,0.0,0.0
2021-09-02 00:00:00-04:00,203.11025354955265,203.11025354955265,200.46928962412824,203.0841064453125,600,0.0,0.0
2021-09-03 00:00:00-04:00,202.9969194768685,202.9969194768685,200.46926879882812,200.46926879882812,100,0.0,0.0
2021-09-07 00:00:00-04:00,200.46929524739585,200.46929524739585,196.11126708984375,196.11126708984375,600,0.0,0.0
2021-09-08 00:00:00-04:00,199.3797619031823,200.46926879882812,196.1112412162449,200.46926879882812,200,0.0,0.0
2021-09-09 00:00:00-04:00,201.37573233709995,203.7813720703125,201.37573233709995,203.7813720703125,100,0.0,0.0
2021-09-10 00:00:00-04:00,202.21248150623057,203.694208236649,196.1112428400943,203.6070556640625,100,0.0,0.0
2021-09-13 00:00:00-04:00,203.07538759283497,203.07538759283497,202.99693298339844,202.99693298339844,100,0.0,0.0
2021-09-14 00:00:00-04:00,202.99695338742742,202.99695338742742,196.98287963867188,196.98287963867188,700,0.0,0.0
2021-09-15 00:00:00-04:00,202.9882049560547,202.9882049560547,199.1618573318616,202.9882049560547,100,0.0,0.0
2021-09-16 00:00:00-04:00,202.87489523654196,202.90104233806588,199.19671889287014,200.46926879882812,300,0.0,0.0
2021-09-17 00:00:00-04:00,200.46929825457778,201.73312377929688,200.46929825457778,201.73312377929688,100,0.0,0.0
2021-09-20 00:00:00-04:00,201.77668991227364,201.77668991227364,199.1967315673828,199.1967315673828,100,0.0,0.0
2021-09-21 00:00:00-04:00,199.5715386370798,201.30603859799032,198.72608012695395,200.43443298339844,100,0.0,0.0
2021-09-22 00:00:00-04:00,200.46926879882812,200.46926879882812,200.46926879882812,200.46926879882812,100,0.0,0.0
2021-09-23 00:00:00-04:00,200.46926879882812,200.46926879882812,200.46926879882812,200.46926879882812,100,0.0,0.0
2021-09-24 00:00:00-04:00,200.46927894968786,200.46927894968786,196.98285670708458,197.0700225830078,500,0.0,0.0
2021-09-27 00:00:00-04:00,199.56281603829024,203.94699096679688,199.56281603829024,203.94699096679688,300,0.0,0.0
2021-09-28 00:00:00-04:00,203.91211475489112,203.94698642452013,196.98285332656275,202.24734497070312,100,0.0,0.0
2021-09-29 00:00:00-04:00,202.6482966850544,203.94699378286543,196.11125485650425,202.21249389648438,500,0.0,0.0
2021-09-30 00:00:00-04:00,197.60169250133202,202.2124798318614,196.1112412162449,200.46926879882812,100,0.0,0.0
2021-10-01 00:00:00-04:00,203.90341391711038,203.90341391711038,203.69422378757164,203.72909545898438,100,0.0,0.0
2021-10-04 00:00:00-04:00,202.17764417915564,202.17764417915564,196.15484619140625,196.15484619140625,100,0.0,0.0
2021-10-05 00:00:00-04:00,202.1688827754737,202.20375444149977,201.34086025254567,202.16017150878906,500,0.0,0.0
2021-10-06 00:00:00-04:00,202.18637084960938,202.19508211854483,202.15149917457313,202.18637084960938,100,0.0,0.0
2021-10-07 00:00:00-04:00,202.16890328821108,203.95569731349337,202.14275618586046,202.29965209960938,300,0.0,0.0
2021-10-08 00:00:00-04:00,202.2996569807342,203.94699096679688,202.2996569807342,203.94699096679688,100,0.0,0.0
2021-10-11 00:00:00-04:00,202.33452647329648,203.08410783247515,201.30603823376904,201.3408966064453,300,0.0,0.0
2021-10-12 00:00:00-04:00,201.34087431534476,203.95569086489468,200.46926879882812,200.46926879882812,100,0.0,0.0
2021-10-13 00:00:00-04:00,200.46927801291486,203.91211730146847,200.4344196424957,203.5198974609375,300,0.0,0.0
2021-10-14 00:00:00-04:00,202.2125008382511,203.48505087640504,202.2125008382511,203.0841064453125,100,0.0,0.0
2021-10-15 00:00:00-04:00,203.9470007841759,203.95571205237394,202.80518626722272,203.0841064453125,500,0.0,0.0
2021-10-18 00:00:00-04:00,204.7924379791799,204.8272963479912,203.30198669433594,203.30198669433594,700,0.0,0.0
2021-10-19 00:00:00-04:00,203.9556884765625,203.9556884765625,200.68716782789963,203.9556884765625,200,0.0,0.0
2021-10-20 00:00:00-04:00,204.17358985314002,204.17358985314002,201.3408719576322,203.9556884765625,100,0.0,0.0
2021-10-21 00:00:00-04:00,204.79244615401848,205.2631072998047,204.79244615401848,205.2631072998047,300,0.0,0.0
2021-10-22 00:00:00-04:00,206.04753315449395,206.4833359008441,206.04753315449395,206.47462463378906,100,0.0,0.0
2021-10-25 00:00:00-04:00,206.48333912500394,206.5705049954928,198.94395681527945,203.9556884765625,500,0.0,0.0
2021-10-26 00:00:00-04:00,203.95570589674452,206.57052263901048,203.95570589674452,206.1347198486328,200,0.0,0.0
2021-10-27 00:00:00-04:00,206.13471837527698,206.5705211625397,205.97783575569227,206.55308532714844,100,0.0,0.0
2021-10-28 00:00:00-04:00,206.57051816066945,206.57051816066945,202.21249035137262,206.53565979003906,100,0.0,0.0
2021-10-29 00:00:00-04:00,209.3629555965227,209.3629555965227,198.7958460268767,203.21353149414062,200,3.2,0.0
2021-11-01 00:00:00-04:00,205.4223742277726,207.62238644388424,203.21353149414062,203.21353149414062,100,0.0,0.0
2021-11-02 00:00:00-04:00,207.5959014892578,207.5959014892578,207.5959014892578,207.5959014892578,100,0.0,0.0
2021-11-03 00:00:00-04:00,204.9806551233888,207.6224365234375,204.9806551233888,207.6224365234375,100,0.0,0.0
2021-11-04 00:00:00-04:00,206.3412649052083,207.62240458803873,204.09708642366982,207.37501525878906,100,0.0,0.0
2021-11-05 00:00:00-04:00,206.7476916020059,206.7476916020059,204.13241572500382,206.73886108398438,100,0.0,0.0
2021-11-08 00:00:00-05:00,206.30594256800464,206.74771118164062,206.30594256800464,206.74771118164062,200,0.0,0.0
2021-11-09 00:00:00-05:00,205.86417763745618,205.86417763745618,205.01597595214844,205.01597595214844,100,0.0,0.0
2021-11-10 00:00:00-05:00,206.7123542163682,206.7123542163682,204.31796264648438,204.31796264648438,100,0.0,0.0
2021-11-11 00:00:00-05:00,204.31797932593858,206.6593475341797,204.31797932593858,206.6593475341797,100,0.0,0.0
2021-11-12 00:00:00-05:00,204.36214090071303,207.6312255859375,204.36214090071303,207.6312255859375,700,0.0,0.0
2021-11-15 00:00:00-05:00,209.14208001044994,209.17741556370513,204.0970770653258,207.6312255859375,300,0.0,0.0
2021-11-16 00:00:00-05:00,204.98064674297737,209.186279296875,204.98064674297737,209.186279296875,300,0.0,0.0
2021-11-17 00:00:00-05:00,211.13005081739917,211.1653863727069,208.51477482827963,208.5236053466797,300,0.0,0.0
2021-11-18 00:00:00-05:00,208.5236263440421,209.186279296875,208.51479582475284,209.186279296875,200,0.0,0.0
2021-11-19 00:00:00-05:00,208.33806836975384,208.3822479248047,208.33806836975384,208.3822479248047,100,0.0,0.0
2021-11-22 00:00:00-05:00,211.13007207721859,211.13007207721859,208.3822706268698,209.186279296875,100,0.0,0.0
2021-11-23 00:00:00-05:00,209.22163355571683,212.0489501953125,207.63126373291016,210.28187561035156,300,0.0,0.0
2021-11-24 00:00:00-05:00,212.04891123670214,212.04891123670214,207.6312255859375,207.6312255859375,200,0.0,0.0
2021-11-26 00:00:00-05:00,212.01359937931898,212.04893493652344,212.01359937931898,212.04893493652344,100,0.0,0.0
2021-11-29 00:00:00-05:00,212.01359937931898,212.04893493652344,210.28186047871907,212.04893493652344,200,0.0,0.0
2021-11-30 00:00:00-05:00,214.01899751027423,218.49638239542642,211.33256657918292,214.9144744873047,900,3.2,0.0
2021-12-01 00:00:00-05:00,214.87862769944908,214.91444076079665,205.96862224512734,208.64610290527344,700,0.0,0.0
2021-12-02 00:00:00-05:00,213.98316610732783,213.98316610732783,207.75064086914062,207.75064086914062,100,0.0,0.0
2021-12-03 00:00:00-05:00,212.6757354736328,213.98313758591976,212.6757354736328,212.6757354736328,400,0.0,0.0
2021-12-06 00:00:00-05:00,213.5712432861328,213.5712432861328,213.5712432861328,213.5712432861328,100,0.0,0.0
2021-12-07 00:00:00-05:00,207.84017829014624,213.08767307518573,205.96862132565118,205.9775848388672,400,0.0,0.0
2021-12-08 00:00:00-05:00,212.99813803172185,212.99813803172185,209.57740968211164,212.22802734375,200,0.0,0.0
2021-12-09 00:00:00-05:00,211.33255043512656,212.22802734375,211.33255043512656,212.22802734375,100,0.0,0.0
2021-12-10 00:00:00-05:00,211.33255004882812,211.33255004882812,211.33255004882812,211.33255004882812,100,0.0,0.0
2021-12-13 00:00:00-05:00,211.78027229635126,211.78027229635126,205.96862269572927,209.5415802001953,200,0.0,0.0
2021-12-14 00:00:00-05:00,207.75062652327057,210.43705703865768,207.75062652327057,209.5415802001953,300,0.0,0.0
2021-12-15 00:00:00-05:00,209.54159447029394,209.54159447029394,205.96863672250407,207.3029022216797,500,0.0,0.0
2021-12-16 00:00:00-05:00,209.4968029417429,209.5326296669441,205.95967217413937,209.4520263671875,200,0.0,0.0
2021-12-17 00:00:00-05:00,209.46996192744732,211.33255558241723,206.18356323242188,206.18356323242188,100,0.0,0.0
2021-12-20 00:00:00-05:00,206.85515583736796,206.85515583736796,206.63128662109375,206.63128662109375,300,0.0,0.0
2021-12-21 00:00:00-05:00,207.75064086914062,207.75064086914062,206.89097703274155,207.75064086914062,100,0.0,0.0
2021-12-22 00:00:00-05:00,207.7506318025121,207.7506318025121,205.9686279296875,205.9686279296875,700,0.0,0.0
2021-12-23 00:00:00-05:00,207.05216205568533,207.72376970520497,207.05216205568533,207.0790252685547,100,0.0,0.0
2021-12-27 00:00:00-05:00,207.11485398025906,207.75064861528972,207.10590412992389,207.72378540039062,100,0.0,0.0
2021-12-28 00:00:00-05:00,207.14172362396843,207.30290290773337,206.85516445652877,207.26708984375,600,0.0,0.0
2021-12-29 00:00:00-05:00,206.85516357421875,206.85516357421875,206.40742512492392,206.85516357421875,200,0.0,0.0
2021-12-30 00:00:00-05:00,207.29395993606272,207.29395993606272,206.40743285425964,206.82830810546875,100,0.0,0.0
2021-12-31 00:00:00-05:00,206.63127163703885,207.74166778823886,205.96861388591907,207.70584106445312,600,0.0,0.0
2022-01-03 00:00:00-05:00,207.74167621940626,208.64610290527344,207.73271270615024,208.64610290527344,200,0.0,0.0
2022-01-04 00:00:00-05:00,208.6819323920349,211.33255004882812,208.6819323920349,211.33255004882812,400,0.0,0.0
2022-01-05 00:00:00-05:00,211.78028888943828,213.0876911881415,211.36836349935848,212.22802734375,500,0.0,0.0
2022-01-06 00:00:00-05:00,212.22801321479324,213.5712284883046,212.22801321479324,213.08767700195312,900,0.0,0.0
2022-01-07 00:00:00-05:00,212.66678562482429,212.6757354736328,212.25486029347897,212.6757354736328,200,0.0,0.0
2022-01-10 00:00:00-05:00,212.67573590672924,225.62433619762587,212.3175506591797,212.3175506591797,1600,0.0,0.0
2022-01-11 00:00:00-05:00,213.98315361299686,214.0189666748047,212.2280129787812,214.0189666748047,200,0.0,0.0
2022-01-12 00:00:00-05:00,213.98315361299686,214.0189666748047,213.98315361299686,214.0189666748047,100,0.0,0.0
2022-01-13 00:00:00-05:00,214.87866142033695,215.80995146433511,214.46673599878946,214.9144744873047,300,0.0,0.0
2022-01-14 00:00:00-05:00,225.60645413241681,225.60645413241681,211.33255004882812,211.33255004882812,800,0.0,0.0
2022-01-18 00:00:00-05:00,211.6907225184293,214.91444465379317,211.6907225184293,214.87863159179688,100,0.0,0.0
2022-01-19 00:00:00-05:00,211.78027298394787,214.91444192874204,209.54158088052347,210.88479614257812,300,0.0,0.0
2022-01-20 00:00:00-05:00,214.87866142033695,214.9144744873047,212.03998737892348,214.9144744873047,100,0.0,0.0
2022-01-21 00:00:00-05:00,214.9144744873047,214.9144744873047,212.26385662318108,214.9144744873047,200,0.0,0.0
2022-01-24 00:00:00-05:00,213.12348801633144,221.18277957997424,210.4370574951172,210.4370574951172,800,0.0,0.0
2022-01-25 00:00:00-05:00,214.87864509201518,214.91445815626153,214.05479431152344,214.05479431152344,100,0.0,0.0
2022-01-26 00:00:00-05:00,214.0189817416593,214.91445865271226,212.22802791955337,213.5712432861328,100,0.0,0.0
2022-01-27 00:00:00-05:00,214.87864627910028,214.91445934354445,213.53543090820312,213.53543090820312,200,0.0,0.0
2022-01-28 00:00:00-05:00,213.57124423584997,215.8099365234375,213.57124423584997,215.8099365234375,100,0.0,0.0
2022-01-31 00:00:00-05:00,215.809938018176,221.15593633107383,215.809938018176,219.391845703125,300,0.0,0.0
2022-02-01 00:00:00-05:00,219.3918410012207,225.62436625157244,208.65506802669003,224.75575256347656,2300,0.0,0.0
2022-02-02 00:00:00-05:00,223.19760862538513,223.19760862538513,221.63052411146566,222.5260009765625,200,0.0,0.0
2022-02-03 00:00:00-05:00,222.5260009765625,223.86921627420776,222.5260009765625,222.5260009765625,700,0.0,0.0
2022-02-04 00:00:00-05:00,224.76467989389687,227.40633375748104,224.76467989389687,225.67807006835938,1000,0.0,0.0
2022-02-07 00:00:00-05:00,227.37053561186053,227.37948546156986,223.90503082938568,225.66017150878906,300,0.0,0.0
2022-02-08 00:00:00-05:00,227.30784628485083,227.63021850585938,227.00338742720186,227.63021850585938,300,0.0,0.0
2022-02-09 00:00:00-05:00,227.63021763021592,228.34660185902274,226.59146118164062,226.59146118164062,500,0.0,0.0
2022-02-10 00:00:00-05:00,226.55566442294383,228.34661829189992,223.8692336195097,227.45114135742188,200,0.0,0.0
2022-02-11 00:00:00-05:00,228.3466033935547,229.24208026960784,228.3466033935547,228.3466033935547,500,0.0,0.0
2022-02-14 00:00:00-05:00,229.24208999750994,229.60027529757372,229.2062769330609,229.59133911132812,900,0.0,0.0
2022-02-15 00:00:00-05:00,229.5913297881125,229.5913297881125,223.8692194223404,229.24208068847656,100,0.0,0.0
2022-02-16 00:00:00-05:00,229.65399101899828,229.68981774567033,228.31078937443678,229.56443786621094,400,0.0,0.0
2022-02-17 00:00:00-05:00,239.76394373763003,239.76394373763003,228.34661308345716,229.59133911132812,600,0.0,0.0
2022-02-18 00:00:00-05:00,232.7881622314453,232.7881622314453,232.75236283222662,232.7881622314453,400,0.0,0.0
2022-02-22 00:00:00-05:00,232.7523622072473,232.7523622072473,230.17338442557144,231.4449462890625,100,0.0,0.0
2022-02-23 00:00:00-05:00,231.2569251234514,245.36068725585938,230.58531740286054,245.36068725585938,400,0.0,0.0
2022-02-24 00:00:00-05:00,241.51903326223626,241.55485998500478,236.40586853027344,236.40586853027344,300,0.0,0.0
2022-02-25 00:00:00-05:00,231.03305121490683,237.25662689774126,231.03305121490683,235.02687072753906,100,0.0,0.0
2022-02-28 00:00:00-05:00,226.6324208694752,244.7630145390332,226.6324208694752,244.72674560546875,300,3.2,0.0
2022-03-01 00:00:00-05:00,237.51071733416933,240.04898874346293,228.5360812579941,239.3237762451172,300,0.0,0.0
2022-03-02 00:00:00-05:00,235.66140868490956,235.6976776123047,235.66140868490956,235.6976776123047,100,0.0,0.0
2022-03-03 00:00:00-05:00,233.88461303710938,233.88461303710938,231.16502451342205,233.88461303710938,100,0.0,0.0
2022-03-04 00:00:00-05:00,233.84835635153524,233.84835635153524,231.61830139160156,231.61830139160156,100,0.0,0.0
2022-03-07 00:00:00-05:00,228.58142426937232,231.1650390625,228.58142426937232,231.1650390625,300,0.0,0.0
2022-03-08 00:00:00-05:00,231.16502451342205,236.56793263425706,231.16502451342205,233.88461303710938,100,0.0,0.0
2022-03-09 00:00:00-05:00,233.84836066219898,233.84836066219898,231.16504087512774,233.0052947998047,100,0.0,0.0
2022-03-10 00:00:00-05:00,232.97809326648712,232.97809326648712,231.16503417491913,232.07156372070312,100,0.0,0.0
2022-03-11 00:00:00-05:00,232.8421325855601,232.8421325855601,231.1650472976381,231.1831817626953,200,0.0,0.0
2022-03-14 00:00:00-04:00,231.26475786794634,246.12277688419115,229.35197993259803,231.1650390625,300,0.0,0.0
2022-03-15 00:00:00-04:00,236.56795770073686,245.08933044485536,231.2557075008283,237.4744873046875,100,0.0,0.0
2022-03-16 00:00:00-04:00,244.76299306667536,244.76299306667536,237.4744873046875,237.4744873046875,100,0.0,0.0
2022-03-17 00:00:00-04:00,237.4563422236927,237.47446285447433,236.6042022705078,236.6042022705078,100,0.0,0.0
2022-03-18 00:00:00-04:00,231.16504900741563,237.4744873046875,231.16504900741563,237.4744873046875,100,0.0,0.0
2022-03-21 00:00:00-04:00,234.32882966736744,237.51075744628906,233.88463901199458,237.51075744628906,300,0.0,0.0
2022-03-22 00:00:00-04:00,241.13686034062022,242.9499194409256,237.52886277158134,242.9136505126953,400,0.0,0.0
2022-03-23 00:00:00-04:00,238.4172870548627,242.94993509773082,237.51075744628906,237.51075744628906,100,0.0,0.0
2022-03-24 00:00:00-04:00,242.94993428515716,242.94993428515716,237.54702558235368,240.19407653808594,100,0.0,0.0
2022-03-25 00:00:00-04:00,237.55604914905643,237.58324392799568,237.51073373918615,237.5288543701172,100,0.0,0.0
2022-03-28 00:00:00-04:00,237.51074701847665,242.94992443111352,237.48355223801696,237.5198211669922,200,0.0,0.0
2022-03-29 00:00:00-04:00,242.91362514257057,242.91362514257057,239.3237762451172,239.3237762451172,100,0.0,0.0
2022-03-30 00:00:00-04:00,236.63140855157235,242.94992065429688,236.63140855157235,242.94992065429688,100,0.0,0.0
2022-03-31 00:00:00-04:00,242.9499194409256,242.9499194409256,242.9136505126953,242.9136505126953,100,0.0,0.0
2022-04-01 00:00:00-04:00,242.85928238901633,242.85928238901633,242.0434112548828,242.0434112548828,100,0.0,0.0
2022-04-04 00:00:00-04:00,240.26661561031668,243.8564651201356,240.2303466796875,240.2303466796875,400,0.0,0.0
2022-04-05 00:00:00-04:00,243.85645086242897,243.85645086242897,240.23033263399137,240.2666015625,100,0.0,0.0
2022-04-06 00:00:00-04:00,242.0071357491692,242.0071357491692,237.51075665190737,240.19407653808594,100,0.0,0.0
2022-04-07 00:00:00-04:00,237.54702677998057,240.2303466796875,237.54702677998057,240.2303466796875,400,0.0,0.0
2022-04-08 00:00:00-04:00,243.40318543163698,243.40318543163698,242.134049588102,242.94992065429688,100,0.0,0.0
2022-04-11 00:00:00-04:00,243.37598943610084,243.37598943610084,242.13404837880546,242.9136505126953,100,0.0,0.0
2022-04-12 00:00:00-04:00,242.94990017317195,242.94990017317195,239.23312377929688,239.23312377929688,100,0.0,0.0
2022-04-13 00:00:00-04:00,240.121551670863,242.9136505126953,240.121551670863,242.9136505126953,100,0.0,0.0
2022-04-14 00:00:00-04:00,240.11247199347528,240.1396667727502,235.6976776123047,235.6976776123047,800,0.0,0.0
2022-04-18 00:00:00-04:00,231.16502996591421,243.4031786111685,231.16502996591421,235.6976776123047,500,0.0,0.0
2022-04-19 00:00:00-04:00,235.6614044736207,240.1033935546875,235.6614044736207,240.1033935546875,300,0.0,0.0
2022-04-20 00:00:00-04:00,242.9136505126953,242.9136505126953,242.9136505126953,242.9136505126953,100,0.0,0.0
2022-04-21 00:00:00-04:00,242.94993174152654,242.94993174152654,241.1731414794922,241.1731414794922,100,0.0,0.0
2022-04-22 00:00:00-04:00,241.18217695663586,242.94992065429688,241.18217695663586,242.94992065429688,100,0.0,0.0
2022-04-25 00:00:00-04:00,241.22752790696785,242.94992858406127,230.25851440429688,230.25851440429688,800,0.0,0.0
2022-04-26 00:00:00-04:00,232.97810426304227,235.69769302875872,204.89382148218937,234.3922882080078,1600,0.0,0.0
2022-04-27 00:00:00-04:00,234.745849609375,234.745849609375,211.22139556129832,234.745849609375,300,0.0,0.0
2022-04-28 00:00:00-04:00,233.91180781574286,234.7458271356444,233.88461303710938,233.88461303710938,100,0.0,0.0
2022-04-29 00:00:00-04:00,231.1650390625,231.1650390625,229.38823502887698,231.1650390625,100,0.0,0.0
2022-05-02 00:00:00-04:00,229.8052447150735,231.1650390625,222.22665699878158,231.1650390625,200,0.0,0.0
2022-05-03 00:00:00-04:00,226.63239804570546,229.3519868222539,226.59614294833742,227.08566284179688,100,0.0,0.0
2022-05-04 00:00:00-04:00,224.819326171875,226.63238525390625,224.7830710765533,226.63238525390625,100,0.0,0.0
2022-05-05 00:00:00-04:00,226.6323998628043,226.6323998628043,211.03101936992954,223.94906616210938,600,0.0,0.0
2022-05-06 00:00:00-04:00,225.68960549959718,226.63239015632843,225.68960549959718,225.72586059570312,200,0.0,0.0
2022-05-09 00:00:00-04:00,224.85558557508767,225.68960494143846,213.0344462200878,223.0062713623047,400,0.0,0.0
2022-05-10 00:00:00-04:00,224.48391006482282,224.48391006482282,223.23289489746094,223.23289489746094,100,0.0,0.0
2022-05-11 00:00:00-04:00,225.72585756251584,225.72585756251584,223.45953369140625,223.45953369140625,100,0.0,0.0
2022-05-12 00:00:00-04:00,224.81933543925382,224.81933543925382,222.09974670410156,222.09974670410156,100,0.0,0.0
2022-05-13 00:00:00-04:00,225.68960549959718,225.72586059570312,225.68960549959718,225.72586059570312,100,0.0,0.0
2022-05-16 00:00:00-04:00,225.6896228999015,225.6896228999015,222.09975947673354,222.5530242919922,100,0.0,0.0
2022-05-17 00:00:00-04:00,225.68960571289062,225.72586080903085,225.68960571289062,225.68960571289062,100,0.0,0.0
2022-05-18 00:00:00-04:00,225.68960246689707,225.72585756251584,222.09973936874047,223.45953369140625,300,0.0,0.0
2022-05-19 00:00:00-04:00,225.68960549959718,225.72586059570312,224.82839135096847,225.72586059570312,100,0.0,0.0
2022-05-20 00:00:00-04:00,225.68960992082174,225.72586501763791,221.19321712571747,222.09974670410156,100,0.0,0.0
2022-05-23 00:00:00-04:00,225.72586523517106,225.72586523517106,217.56709902185162,222.06349182128906,100,0.0,0.0
2022-05-24 00:00:00-04:00,225.72587047993898,225.72587047993898,217.6033591747431,223.91281127929688,100,0.0,0.0
2022-05-25 00:00:00-04:00,224.4567413330078,224.4567413330078,224.4567413330078,224.4567413330078,100,0.0,0.0
2022-05-26 00:00:00-04:00,225.68960153571473,225.72585663118392,225.00970437718706,225.04595947265625,100,0.0,0.0
2022-05-27 00:00:00-04:00,225.72587337761462,226.6324029895729,225.72587337761462,226.17913818359375,300,0.0,0.0
2022-05-31 00:00:00-04:00,227.89634704589844,227.89634704589844,227.89634704589844,227.89634704589844,100,3.2,0.0
2022-06-01 00:00:00-04:00,229.54015070841047,229.54015070841047,228.6585693359375,228.6585693359375,100,0.0,0.0
2022-06-02 00:00:00-04:00,229.57687530823364,229.57687530823364,229.1177215576172,229.1177215576172,100,0.0,0.0
2022-06-03 00:00:00-04:00,220.43050512433456,229.08097328060683,220.43050512433456,228.88812255859375,100,0.0,0.0
2022-06-06 00:00:00-04:00,220.3937752016129,228.8513924903687,220.3937752016129,220.62335205078125,100,0.0,0.0
2022-06-07 00:00:00-04:00,224.98533024961648,226.8219451904297,220.3937928975835,226.8219451904297,100,0.0,0.0
2022-06-08 00:00:00-04:00,226.8219451904297,226.8219451904297,226.8219451904297,226.8219451904297,0,0.0,0.0
2022-06-09 00:00:00-04:00,222.23039231745796,226.68418884277344,222.23039231745796,226.68418884277344,100,0.0,0.0
2022-06-10 00:00:00-04:00,226.68419508028114,226.68419508028114,220.39378356933594,220.39378356933594,100,0.0,0.0
2022-06-13 00:00:00-04:00,219.47549444997412,219.47549444997412,214.8747788785119,214.8839569091797,200,0.0,0.0
2022-06-14 00:00:00-04:00,214.88395083152642,216.72056579589844,214.00236948323337,216.72056579589844,100,0.0,0.0
2022-06-15 00:00:00-04:00,216.72054757548787,223.14869941035403,216.72054757548787,217.63885498046875,100,0.0,0.0
2022-06-16 00:00:00-04:00,217.63885498046875,217.63885498046875,217.63885498046875,217.63885498046875,100,0.0,0.0
2022-06-17 00:00:00-04:00,218.5938933593184,222.19367079738635,218.5938933593184,220.85293579101562,200,0.0,0.0
2022-06-21 00:00:00-04:00,222.19367702219714,227.70352172851562,222.19367702219714,227.70352172851562,200,0.0,0.0
2022-06-22 00:00:00-04:00,227.74025564866443,227.74025564866443,215.80225837675863,221.31210327148438,100,0.0,0.0
2022-06-23 00:00:00-04:00,221.31209162979795,226.9137725830078,213.96563215660964,226.9137725830078,600,0.0,0.0
2022-06-24 00:00:00-04:00,229.5768721594679,229.5768721594679,213.94727477941845,216.26141357421875,1500,0.0,0.0
2022-06-27 00:00:00-04:00,222.1936738099825,222.2303999420994,217.63886275321306,219.93463134765625,200,0.0,0.0
2022-06-28 00:00:00-04:00,222.2304214320232,222.6895751953125,222.2304214320232,222.6895751953125,300,0.0,0.0
2022-06-29 00:00:00-04:00,222.6895751953125,222.6895751953125,222.6895751953125,222.6895751953125,100,0.0,0.0
2022-06-30 00:00:00-04:00,222.2304214320232,222.6895751953125,222.2304214320232,222.6895751953125,100,0.0,0.0
2022-07-01 00:00:00-04:00,222.68955816410957,222.68955816410957,222.65283203125,222.65283203125,100,0.0,0.0
2022-07-05 00:00:00-04:00,222.6895751953125,222.6895751953125,222.6895751953125,222.6895751953125,100,0.0,0.0
2022-07-06 00:00:00-04:00,222.6895751953125,222.6895751953125,222.6895751953125,222.6895751953125,100,0.0,0.0
2022-07-07 00:00:00-04:00,223.14871952017862,223.14871952017862,220.35707092285156,220.35707092285156,100,0.0,0.0
2022-07-08 00:00:00-04:00,219.51220102870806,222.23039717609072,212.8820343017578,212.8820343017578,200,0.0,0.0
2022-07-11 00:00:00-04:00,218.5571683843085,219.24589895694814,214.88393866356384,215.80224609375,100,0.0,0.0
2022-07-12 00:00:00-04:00,216.75727414587524,222.2303924560547,214.88393320130908,222.2303924560547,1000,0.0,0.0
2022-07-13 00:00:00-04:00,222.19369506835938,222.19369506835938,222.19369506835938,222.19369506835938,100,0.0,0.0
2022-07-14 00:00:00-04:00,218.55718994140625,218.55718994140625,218.55718994140625,218.55718994140625,100,0.0,0.0
2022-07-15 00:00:00-04:00,215.83898748694918,224.98533630371094,215.80226135253906,224.98533630371094,100,0.0,0.0
2022-07-18 00:00:00-04:00,220.39378356933594,224.98532072703043,220.39378356933594,220.39378356933594,100,0.0,0.0
2022-07-19 00:00:00-04:00,227.73107754879774,227.73107754879774,213.04733586441833,222.16612243652344,200,0.0,0.0
2022-07-20 00:00:00-04:00,222.20285777433787,222.20285777433787,213.50648498535156,213.50648498535156,100,0.0,0.0
2022-07-21 00:00:00-04:00,220.3937853424465,222.20285211811316,220.3937853424465,220.43051147460938,100,0.0,0.0
2022-07-22 00:00:00-04:00,222.16613152194319,227.74026489257812,221.32129028526458,227.74026489257812,200,0.0,0.0
2022-07-25 00:00:00-04:00,229.54015070841047,229.54015070841047,228.62184320103722,228.6585693359375,100,0.0,0.0
2022-07-26 00:00:00-04:00,228.6585693359375,228.6585693359375,228.6585693359375,228.6585693359375,0,0.0,0.0
2022-07-27 00:00:00-04:00,223.37829079646497,228.65855871868357,223.18544006347656,223.18544006347656,100,0.0,0.0
2022-07-28 00:00:00-04:00,220.39380176957832,228.68611744017784,213.96564921796562,228.6585693359375,300,0.0,0.0
2022-07-29 00:00:00-04:00,228.69529547083778,229.57687684331074,228.6585693359375,228.6585693359375,100,0.0,0.0
2022-08-01 00:00:00-04:00,229.54932567542417,229.57687377929688,229.54932567542417,229.57687377929688,100,0.0,0.0
2022-08-02 00:00:00-04:00,225.16898755024366,225.16898755024366,223.14871393028156,223.18544006347656,100,0.0,0.0
2022-08-03 00:00:00-04:00,223.14872131347656,229.57687377929688,223.14872131347656,229.57687377929688,100,0.0,0.0
2022-08-04 00:00:00-04:00,224.9944976418379,229.57685674691976,224.98531961198137,229.54013061523438,100,0.0,0.0
2022-08-05 00:00:00-04:00,228.65856628417967,228.65856628417967,216.72974687819368,224.98533630371094,100,0.0,0.0
2022-08-08 00:00:00-04:00,225.90364985312186,227.74026489257812,225.90364985312186,227.74026489257812,100,0.0,0.0
2022-08-09 00:00:00-04:00,229.5401368770214,230.48599243164062,229.5401368770214,230.48599243164062,100,0.0,0.0
2022-08-10 00:00:00-04:00,230.49517822265625,230.49517822265625,230.45845208873237,230.49517822265625,100,0.0,0.0
2022-08-11 00:00:00-04:00,229.5768667258076,238.613008837193,229.5768667258076,235.7295379638672,100,0.0,0.0
2022-08-12 00:00:00-04:00,234.1684112548828,234.1684112548828,234.1684112548828,234.1684112548828,100,0.0,0.0
2022-08-15 00:00:00-04:00,234.13168512047267,234.13168512047267,217.64805437331086,224.98533630371094,600,0.0,0.0
2022-08-16 00:00:00-04:00,234.1684262202336,238.7599639892578,234.1684262202336,238.7599639892578,400,0.0,0.0
2022-08-17 00:00:00-04:00,238.30079650878906,238.30079650878906,238.30079650878906,238.30079650878906,100,0.0,0.0
2022-08-18 00:00:00-04:00,238.30079650878906,238.30079650878906,238.30079650878906,238.30079650878906,0,0.0,0.0
2022-08-19 00:00:00-04:00,238.30079650878906,238.30079650878906,238.30079650878906,238.30079650878906,100,0.0,0.0
2022-08-22 00:00:00-04:00,234.17758624546423,236.00502318143845,234.17758624546423,235.0867156982422,100,0.0,0.0
2022-08-23 00:00:00-04:00,235.0867156982422,235.0867156982422,235.0867156982422,235.0867156982422,100,0.0,0.0
2022-08-24 00:00:00-04:00,235.04997907900872,235.08670521130378,234.2051239013672,234.2051239013672,100,0.0,0.0
2022-08-25 00:00:00-04:00,235.96827999588123,236.00502014160156,229.57686784202485,236.00502014160156,200,0.0,0.0
2022-08-26 00:00:00-04:00,235.91318378956075,238.75994255570586,235.08671267023345,236.00502014160156,100,0.0,0.0
2022-08-29 00:00:00-04:00,238.7599639892578,238.7599639892578,238.7599639892578,238.7599639892578,100,0.0,0.0
2022-08-30 00:00:00-04:00,238.75995773712887,238.7966978851853,238.75995773712887,238.76914978027344,200,0.0,0.0
2022-08-31 00:00:00-04:00,226.85902648871757,242.15342712402344,226.85902648871757,242.15342712402344,100,3.2,0.0
2022-09-01 00:00:00-04:00,228.25366124341633,237.55116271972656,228.25366124341633,237.55116271972656,100,0.0,0.0
2022-09-02 00:00:00-04:00,237.07698079971962,237.08627319335938,237.07698079971962,237.08627319335938,100,0.0,0.0
2022-09-06 00:00:00-04:00,227.83528889373582,237.03981018066406,227.83528889373582,237.03981018066406,100,0.0,0.0
2022-09-07 00:00:00-04:00,229.64828015136717,232.43753051757812,229.64828015136717,232.43753051757812,100,0.0,0.0
2022-09-08 00:00:00-04:00,233.82287659456037,233.8321689890392,233.5997314453125,233.5997314453125,100,0.0,0.0
2022-09-09 00:00:00-04:00,232.4375353361431,232.4375353361431,229.64828491210938,229.64828491210938,100,0.0,0.0
2022-09-12 00:00:00-04:00,229.64828015136717,232.43753051757812,229.64828015136717,232.43753051757812,100,0.0,0.0
2022-09-13 00:00:00-04:00,241.7350387550646,241.7350387550646,229.6854705810547,229.6854705810547,100,0.0,0.0
2022-09-14 00:00:00-04:00,229.6854486291769,233.3672651097807,223.14930684093144,232.42822265625,1400,0.0,0.0
2022-09-15 00:00:00-04:00,232.43753371700163,233.36728385186964,224.9995326380576,230.57803344726562,100,0.0,0.0
2022-09-16 00:00:00-04:00,230.57803344726562,232.89311639035697,227.7887830426616,230.57803344726562,100,0.0,0.0
2022-09-19 00:00:00-04:00,230.57803344726562,230.57803344726562,230.57803344726562,230.57803344726562,0,0.0,0.0
2022-09-20 00:00:00-04:00,230.57803830516582,233.35799637426035,227.78878784179688,227.78878784179688,100,0.0,0.0
2022-09-21 00:00:00-04:00,232.43753051757812,232.43753051757812,232.43753051757812,232.43753051757812,100,0.0,0.0
2022-09-22 00:00:00-04:00,229.64829290325207,229.64829290325207,225.0088344292319,225.24127197265625,500,0.0,0.0
2022-09-23 00:00:00-04:00,228.5232671491373,230.0759622755191,224.11626082584328,228.709228515625,100,0.0,0.0
2022-09-26 00:00:00-04:00,225.96646654921014,228.6720428466797,224.07907491026748,228.6720428466797,200,0.0,0.0
2022-09-27 00:00:00-04:00,229.64828172563034,229.64828172563034,227.8259652316615,229.60179138183594,100,0.0,0.0
2022-09-28 00:00:00-04:00,229.60179588515265,229.60179588515265,224.07907774397808,227.75160217285156,700,0.0,0.0
2022-09-29 00:00:00-04:00,224.07906691960366,226.82184106930495,224.07906691960366,226.39414978027344,100,0.0,0.0
2022-09-30 00:00:00-04:00,226.85903202244057,226.85903202244057,224.06978162872204,224.11627197265625,100,0.0,0.0
2022-10-03 00:00:00-04:00,224.0790716294023,225.9292794780771,222.21957138678437,223.6049041748047,600,0.0,0.0
2022-10-04 00:00:00-04:00,226.84972988914583,227.77947998046875,225.03670586157776,227.77947998046875,600,0.0,0.0
2022-10-05 00:00:00-04:00,224.99952697753906,224.99952697753906,224.99952697753906,224.99952697753906,100,0.0,0.0
2022-10-06 00:00:00-04:00,225.65036010742188,225.65036010742188,225.65036010742188,225.65036010742188,100,0.0,0.0
2022-10-07 00:00:00-04:00,226.85903112928668,226.85903112928668,223.8373432146548,223.87452697753906,300,0.0,0.0
2022-10-10 00:00:00-04:00,223.83734130859375,223.83734130859375,223.83734130859375,223.83734130859375,100,0.0,0.0
2022-10-11 00:00:00-04:00,224.57183817031495,227.7794874399132,224.5625457763672,224.5625457763672,400,0.0,0.0
2022-10-12 00:00:00-04:00,224.57182805265938,227.68649649501072,224.57182805265938,227.50054931640625,100,0.0,0.0
2022-10-13 00:00:00-04:00,226.11524318136517,226.11524318136517,223.8373580551442,223.85595703125,200,0.0,0.0
2022-10-14 00:00:00-04:00,227.6493230896031,227.6493230896031,223.61419677734375,223.61419677734375,200,0.0,0.0
2022-10-17 00:00:00-04:00,226.81254167850636,226.81254167850636,224.11627197265625,224.11627197265625,100,0.0,0.0
2022-10-18 00:00:00-04:00,225.89209332677618,225.9292770890165,223.61419420416777,224.99952697753906,200,0.0,0.0
2022-10-19 00:00:00-04:00,225.9292770890165,225.9292770890165,224.99952697753906,224.99952697753906,100,0.0,0.0
2022-10-20 00:00:00-04:00,225.89208984375,225.89208984375,225.89208984375,225.89208984375,100,0.0,0.0
2022-10-21 00:00:00-04:00,225.88278674607045,225.89209332677618,224.99952697753906,224.99952697753906,100,0.0,0.0
2022-10-24 00:00:00-04:00,225.89209299365012,225.89209299365012,219.4582097472769,224.0325927734375,200,0.0,0.0
2022-10-25 00:00:00-04:00,224.10697746620596,224.99954388250455,224.06979370117188,224.06979370117188,100,0.0,0.0
2022-10-26 00:00:00-04:00,224.0790716294023,224.81358216987852,223.1400291141502,223.6049041748047,100,0.0,0.0
2022-10-27 00:00:00-04:00,223.60491214674346,227.78878784179688,223.1400370695153,227.78878784179688,700,0.0,0.0
2022-10-28 00:00:00-04:00,227.78878593649975,229.61110246621075,227.75160217285156,227.75160217285156,400,0.0,0.0
2022-10-31 00:00:00-04:00,227.78877731197136,227.78877731197136,224.99952697753906,224.99952697753906,300,0.0,0.0
2022-11-01 00:00:00-04:00,226.161721586043,228.71853447139395,226.161721586043,228.6813507080078,100,0.0,0.0
2022-11-02 00:00:00-04:00,228.7185347707648,229.64828491210938,228.7185347707648,229.64828491210938,100,0.0,0.0
2022-11-03 00:00:00-04:00,229.64828491210938,230.57803505345393,229.64828491210938,229.64828491210938,600,0.0,0.0
2022-11-04 00:00:00-04:00,230.5780214385277,230.5780214385277,229.64827135208202,229.67616271972656,100,0.0,0.0
2022-11-07 00:00:00-05:00,230.178247392152,230.178247392152,229.61109924316406,229.61109924316406,100,0.0,0.0
2022-11-08 00:00:00-05:00,230.18752810464377,230.18752810464377,227.7887711791907,229.67616271972656,100,0.0,0.0
2022-11-09 00:00:00-05:00,230.07596016005905,230.11314392089844,230.07596016005905,230.11314392089844,100,0.0,0.0
2022-11-10 00:00:00-05:00,230.18753051757812,230.5780238555554,230.15033256908853,230.18753051757812,400,0.0,0.0
2022-11-11 00:00:00-05:00,230.15033613942475,230.15033613942475,223.15862552213954,224.990234375,100,0.0,0.0
2022-11-14 00:00:00-05:00,227.75160734255994,227.75160734255994,223.14933266254033,225.92929077148438,300,0.0,0.0
2022-11-15 00:00:00-05:00,223.18652713350312,226.8218536376953,223.14003678846655,226.8218536376953,200,0.0,0.0
2022-11-16 00:00:00-05:00,224.99952938551996,227.7422894063597,221.7454039605228,227.41688537597656,300,0.0,0.0
2022-11-17 00:00:00-05:00,225.92926676380233,226.7753427314268,223.1772003173828,223.1772003173828,100,0.0,0.0
2022-11-18 00:00:00-05:00,223.17721366999223,227.7051064239252,221.28982205197582,223.14002990722656,400,0.0,0.0
2022-11-21 00:00:00-05:00,224.9623537327522,226.58941650390625,223.1400371868406,226.58941650390625,100,0.0,0.0
2022-11-22 00:00:00-05:00,227.7329918031509,227.7329918031509,223.60489908854166,226.6265869140625,100,0.0,0.0
2022-11-23 00:00:00-05:00,224.0790688678434,226.6358816699328,221.7640001739061,225.23196411132812,800,0.0,0.0
2022-11-25 00:00:00-05:00,225.28775926449595,226.85903930664062,225.28775926449595,226.85903930664062,100,0.0,0.0
2022-11-28 00:00:00-05:00,231.47059750629342,231.47059750629342,230.77328491210938,230.77328491210938,100,0.0,0.0
2022-11-29 00:00:00-05:00,229.64828491210938,230.81047258879008,221.7454087106805,229.64828491210938,900,0.0,0.0
2022-11-30 00:00:00-05:00,235.756955142897,235.756955142897,233.84799194335938,233.84799194335938,100,6.4,0.0
2022-12-01 00:00:00-05:00,232.89350499492713,232.89350499492713,228.5028839111328,228.5028839111328,100,0.0,0.0
2022-12-02 00:00:00-05:00,236.62554143271998,236.62554143271998,228.50289354178085,228.6365203857422,2400,0.0,0.0
2022-12-05 00:00:00-05:00,231.00364685058594,231.00364685058594,231.00364685058594,231.00364685058594,100,0.0,0.0
2022-12-06 00:00:00-05:00,232.89351854216235,232.89351854216235,228.59835119199954,230.9940948486328,100,0.0,0.0
2022-12-07 00:00:00-05:00,228.6078871023386,228.6365203857422,228.6078871023386,228.6365203857422,100,0.0,0.0
2022-12-08 00:00:00-05:00,228.84651110834835,229.21875836268703,225.74444580078125,225.74444580078125,100,0.0,0.0
2022-12-09 00:00:00-05:00,225.98305925934855,229.07558489860372,209.98595282372008,224.3031768798828,1300,0.0,0.0
2022-12-12 00:00:00-05:00,224.30318611671981,224.30318611671981,219.73122545477392,223.31053161621094,200,0.0,0.0
2022-12-13 00:00:00-05:00,223.34870634407832,223.34870634407832,219.72167315726784,221.4397430419922,100,0.0,0.0
2022-12-14 00:00:00-05:00,221.4301879199698,224.26499938964844,220.00800511665577,224.26499938964844,200,0.0,0.0
2022-12-15 00:00:00-05:00,221.43972922394715,224.30317399839475,219.5307660409821,222.3942108154297,600,0.0,0.0
2022-12-16 00:00:00-05:00,224.30319371364814,227.1570991661505,224.30319371364814,227.11891174316406,100,0.0,0.0
2022-12-19 00:00:00-05:00,224.31273307006558,225.25767517089844,224.3031934964455,225.25767517089844,100,0.0,0.0
2022-12-20 00:00:00-05:00,226.46031683758474,226.46031683758474,225.25767517089844,225.25767517089844,100,0.0,0.0
2022-12-21 00:00:00-05:00,225.94490314164332,226.21215684535142,225.25767517089844,225.25767517089844,100,0.0,0.0
2022-12-22 00:00:00-05:00,226.17398071289062,226.21215357105302,219.53078194659153,226.17398071289062,500,0.0,0.0
2022-12-23 00:00:00-05:00,226.21214780596904,226.92800903320312,226.21214780596904,226.92800903320312,200,0.0,0.0
2022-12-27 00:00:00-05:00,227.11889469808148,227.11889469808148,214.758360842441,224.3031768798828,1400,0.0,0.0
2022-12-28 00:00:00-05:00,229.06605159565004,229.06605159565004,219.56894772705544,226.59393310546875,100,0.0,0.0
2022-12-29 00:00:00-05:00,220.50434766984,221.43973557834934,220.50434766984,221.41110229492188,200,0.0,0.0
2022-12-30 00:00:00-05:00,221.4301974126938,222.36558532714844,220.98158988383383,222.36558532714844,100,0.0,0.0
2023-01-03 00:00:00-05:00,222.32739011319396,222.3942108154297,220.5043413422796,222.3942108154297,100,0.0,0.0
2023-01-04 00:00:00-05:00,224.25547006304024,224.25547006304024,220.48527030189376,220.50436401367188,200,0.0,0.0
2023-01-05 00:00:00-05:00,220.48526000976562,220.48526000976562,219.54987207558852,220.48526000976562,100,0.0,0.0
2023-01-06 00:00:00-05:00,220.4661662988788,220.48526000976562,220.00801918723366,220.48526000976562,200,0.0,0.0
2023-01-09 00:00:00-05:00,220.48526000976562,220.48526000976562,214.79654299692166,220.48526000976562,200,0.0,0.0
2023-01-10 00:00:00-05:00,224.24591064453125,224.24591064453125,220.48525078995766,224.24591064453125,200,0.0,0.0
2023-01-11 00:00:00-05:00,220.48524786966365,225.72535705566406,220.00800707340898,225.72535705566406,100,0.0,0.0
2023-01-12 00:00:00-05:00,226.20259785191874,226.20259785191874,225.2576558322105,225.72535705566406,100,0.0,0.0
2023-01-13 00:00:00-05:00,226.18351678980687,226.5939369067038,226.18351678980687,226.2980499267578,100,0.0,0.0
2023-01-17 00:00:00-05:00,227.16663152521306,227.16663152521306,220.48526000976562,220.48526000976562,100,0.0,0.0
2023-01-18 00:00:00-05:00,223.58732248636693,224.2936441377725,220.48525717972575,220.4947967529297,300,0.0,0.0
2023-01-19 00:00:00-05:00,224.30317042286876,224.30317042286876,223.25323486328125,223.25323486328125,100,0.0,0.0
2023-01-20 00:00:00-05:00,223.25323486328125,223.25323486328125,223.25323486328125,223.25323486328125,0,0.0,0.0
2023-01-23 00:00:00-05:00,223.25322805188677,224.11227018285823,223.1100616455078,223.1100616455078,500,0.0,0.0
2023-01-24 00:00:00-05:00,223.1100875309039,223.1100875309039,223.07191467285156,223.07191467285156,100,0.0,0.0
2023-01-25 00:00:00-05:00,223.06234060453323,223.82592877546242,222.91917419433594,222.91917419433594,100,0.0,0.0
2023-01-26 00:00:00-05:00,222.91918270123446,222.91918270123446,220.5807056719636,221.926513671875,100,0.0,0.0
2023-01-27 00:00:00-05:00,221.4397297757501,222.9096250220334,220.9624889788196,222.90008544921875,400,0.0,0.0
2023-01-30 00:00:00-05:00,221.91698341941185,222.39422424396972,221.4874695901566,222.23196411132812,100,0.0,0.0
2023-01-31 00:00:00-05:00,222.39421147548975,222.8619126998283,222.27967834472656,222.27967834472656,100,0.0,0.0
2023-02-01 00:00:00-05:00,222.3655790413269,222.62329315076082,219.7693879297435,222.61373901367188,200,0.0,0.0
2023-02-02 00:00:00-05:00,222.63284098378463,222.63284098378463,221.90744018554688,221.90744018554688,100,0.0,0.0
2023-02-03 00:00:00-05:00,222.6328514602245,222.6328514602245,221.4397493623669,222.37513732910156,100,0.0,0.0
2023-02-06 00:00:00-05:00,222.62328824437444,224.29363100398766,221.8978729248047,221.8978729248047,200,0.0,0.0
2023-02-07 00:00:00-05:00,220.48525308893258,222.34648932553787,220.48525308893258,220.96249389648438,300,0.0,0.0
2023-02-08 00:00:00-05:00,221.43973042959803,222.20331861978815,220.01754760742188,220.01754760742188,300,0.0,0.0
2023-02-09 00:00:00-05:00,222.2033233642578,222.2033233642578,222.19376922697768,222.2033233642578,200,0.0,0.0
2023-02-10 00:00:00-05:00,220.7334095032485,221.82151794433594,220.7334095032485,221.82151794433594,100,0.0,0.0
2023-02-13 00:00:00-05:00,222.87145315915868,224.30317555632672,219.3016867390957,219.9602813720703,800,0.0,0.0
2023-02-14 00:00:00-05:00,221.43972486413043,221.43972486413043,219.53076171875,219.53076171875,200,0.0,0.0
2023-02-15 00:00:00-05:00,220.4852655946819,220.4852655946819,219.0535430908203,219.0535430908203,600,0.0,0.0
2023-02-16 00:00:00-05:00,220.4852496397148,221.20111083984375,220.4852496397148,221.20111083984375,200,0.0,0.0
2023-02-17 00:00:00-05:00,222.3273857359005,222.3273857359005,219.36850159910063,219.53076171875,300,0.0,0.0
2023-02-21 00:00:00-05:00,219.53076171875,220.0080025050951,219.53076171875,219.53076171875,100,0.0,0.0
2023-02-22 00:00:00-05:00,219.35896485384518,219.53076454831194,219.0535237558156,219.52122497558594,100,0.0,0.0
2023-02-23 00:00:00-05:00,220.485243708093,221.43972528258692,220.485243708093,221.39199829101562,100,0.0,0.0
2023-02-24 00:00:00-05:00,220.96250895781984,220.96250895781984,220.2466476976973,220.28482055664062,100,0.0,0.0
2023-02-27 00:00:00-05:00,220.47570362663822,220.47570362663822,219.53076162694617,220.1511688232422,300,0.0,0.0
2023-02-28 00:00:00-05:00,222.9968325489385,222.9968325489385,222.81292724609375,222.81292724609375,100,3.2,0.0
2023-03-01 00:00:00-05:00,222.8129357562505,223.05491331783836,220.68353616810523,222.66775512695312,200,0.0,0.0
2023-03-02 00:00:00-05:00,222.5128827502649,222.5128827502649,220.69320678710938,220.69320678710938,100,0.0,0.0
2023-03-03 00:00:00-05:00,221.83533989700265,222.1257159092541,221.467529296875,221.467529296875,100,0.0,0.0
2023-03-06 00:00:00-05:00,221.02230745127906,221.6514431946129,220.683532962322,221.6417694091797,400,0.0,0.0
2023-03-07 00:00:00-05:00,221.6514434814453,222.27090544014757,221.6514434814453,221.6514434814453,100,0.0,0.0
2023-03-08 00:00:00-05:00,220.68353272223425,222.59999084472656,217.77980202852063,222.59999084472656,500,0.0,0.0
2023-03-09 00:00:00-05:00,221.651442151729,221.651442151729,218.51540769697206,218.75738525390625,300,0.0,0.0
2023-03-10 00:00:00-05:00,218.74771611477402,218.74771611477402,212.94025462500124,214.0630340576172,1500,0.0,0.0
2023-03-13 00:00:00-04:00,216.3182720293612,218.72835915465083,173.98187141065245,209.06861877441406,1800,0.0,0.0
2023-03-14 00:00:00-04:00,212.9402420655258,217.77011923653788,193.5820382413871,207.11341857910156,300,0.0,0.0
2023-03-15 00:00:00-04:00,207.10375908049755,207.13279520670574,196.48578236897788,203.2611541748047,500,0.0,0.0
2023-03-16 00:00:00-04:00,198.9055417593165,203.26113756426503,183.902933986716,203.2321014404297,2800,0.0,0.0
2023-03-17 00:00:00-04:00,203.23211291777884,203.74510416002363,189.43939208984375,189.43939208984375,500,0.0,0.0
2023-03-20 00:00:00-04:00,193.5820342273247,203.2320998150878,189.7103935427782,198.4215850830078,200,0.0,0.0
2023-03-21 00:00:00-04:00,198.42158479555016,199.38949496528454,189.71039326794065,198.4119110107422,600,0.0,0.0
2023-03-22 00:00:00-04:00,198.41192278025008,198.41192278025008,191.40424741879858,191.64622497558594,400,0.0,0.0
2023-03-23 00:00:00-04:00,193.58204704018968,196.48577774579252,193.38846794697713,194.54995727539062,300,0.0,0.0
2023-03-24 00:00:00-04:00,193.58204650878906,193.70787956514394,191.64622604370115,193.58204650878906,100,0.0,0.0
2023-03-27 00:00:00-04:00,195.13070678710938,195.13070678710938,192.61413430065173,195.13070678710938,300,0.0,0.0
2023-03-28 00:00:00-04:00,196.05022803052705,196.05022803052705,190.67832308126273,193.0980987548828,200,0.0,0.0
2023-03-29 00:00:00-04:00,193.58204679362007,193.58204679362007,191.65590011113383,191.67526245117188,200,0.0,0.0
2023-03-30 00:00:00-04:00,193.0884173592573,193.58204626033145,192.6141360290298,192.62380981445312,300,0.0,0.0
2023-03-31 00:00:00-04:00,193.41750300526806,193.58204597204772,192.6141357421875,192.6141357421875,100,0.0,0.0
2023-04-03 00:00:00-04:00,193.5723727233533,193.58204650878906,192.61413627624512,193.58204650878906,500,0.0,0.0
2023-04-04 00:00:00-04:00,193.57236490308256,193.57236490308256,192.56573003118731,193.41749572753906,300,0.0,0.0
2023-04-05 00:00:00-04:00,193.5723727233533,193.58204650878906,193.45621345243416,193.58204650878906,100,0.0,0.0
2023-04-06 00:00:00-04:00,193.58205388960684,194.06600902433084,193.0980987548828,193.0980987548828,100,0.0,0.0
2023-04-10 00:00:00-04:00,194.0659941844123,194.0659941844123,192.1495361328125,192.1495361328125,100,0.0,0.0
2023-04-11 00:00:00-04:00,193.09809567929926,194.06600593333084,188.75217332180767,191.44296264648438,300,0.0,0.0
2023-04-12 00:00:00-04:00,190.66864042362994,190.67831420898438,188.93607285121684,190.67831420898438,100,0.0,0.0
2023-04-13 00:00:00-04:00,190.62991459361743,190.66863927307745,189.47809907045658,190.33953857421875,900,0.0,0.0
2023-04-14 00:00:00-04:00,189.73943309478662,192.13017244222337,189.73943309478662,192.12049865722656,200,0.0,0.0
2023-04-17 00:00:00-04:00,189.72976632442013,192.61413465780655,189.72976632442013,190.67831420898438,200,0.0,0.0
2023-04-18 00:00:00-04:00,191.98499414196738,192.130174764361,190.06852131154633,191.8494873046875,200,0.0,0.0
2023-04-19 00:00:00-04:00,192.0817818758585,192.6141354553164,191.84949287328635,192.60446166992188,200,0.0,0.0
2023-04-20 00:00:00-04:00,192.61413304093074,192.61413304093074,189.4974609629585,192.55606079101562,300,0.0,0.0
2023-04-21 00:00:00-04:00,192.5657378107903,193.70787956514394,192.37215871810912,193.58204650878906,200,0.0,0.0
2023-04-24 00:00:00-04:00,193.70787822897017,193.71755201433916,189.71040427001358,190.68798828125,800,0.0,0.0
2023-04-25 00:00:00-04:00,191.53007471814348,197.45368040414377,190.92996035233304,197.26010131835938,100,0.0,0.0
2023-04-26 00:00:00-04:00,189.8652747556541,193.58204650393657,189.79751395019147,191.66558837890625,200,0.0,0.0
2023-04-27 00:00:00-04:00,192.61413355118188,192.61413355118188,188.74249267578125,188.74249267578125,700,0.0,0.0
2023-04-28 00:00:00-04:00,192.51733934533547,193.58204650878906,192.50766555989975,193.58204650878906,300,0.0,0.0
2023-05-01 00:00:00-04:00,192.62381740596336,193.63045235690697,192.0140439792254,193.0980987548828,100,0.0,0.0
2023-05-02 00:00:00-04:00,192.9238735646094,195.51786588418364,191.64622497558594,191.64622497558594,100,0.0,0.0
2023-05-03 00:00:00-04:00,197.4440131163495,197.4536869017589,188.74249483256366,194.5305938720703,200,0.0,0.0
2023-05-04 00:00:00-04:00,188.9360734008554,198.4215965815062,188.2682129810068,193.56268310546875,200,0.0,0.0
2023-05-05 00:00:00-04:00,193.5723713547212,193.58204514008855,188.75216779695367,191.6365509033203,400,0.0,0.0
2023-05-08 00:00:00-04:00,198.42159981821098,198.42159981821098,188.25854226654653,197.4536895751953,100,0.0,0.0
2023-05-09 00:00:00-04:00,193.58204377003204,197.41497473509935,187.77458245693109,188.74249267578125,500,0.0,0.0
2023-05-10 00:00:00-04:00,194.54995804378106,197.4052902950736,191.6462273267097,196.47610473632812,100,0.0,0.0
2023-05-11 00:00:00-04:00,196.37930649007552,196.37930649007552,188.74249534606932,193.58204650878906,200,0.0,0.0
2023-05-12 00:00:00-04:00,191.6365387339698,196.04051816593386,191.16225743660485,195.84693908691406,100,0.0,0.0
2023-05-15 00:00:00-04:00,196.48577774579252,196.70839296453008,191.64622656978779,194.54995727539062,600,0.0,0.0
2023-05-16 00:00:00-04:00,196.4857774955244,196.4857774955244,191.67526245117188,191.67526245117188,200,0.0,0.0
2023-05-17 00:00:00-04:00,196.24379853852844,196.24379853852844,189.72976684570312,189.72976684570312,100,0.0,0.0
2023-05-18 00:00:00-04:00,194.5499595538853,194.5499595538853,188.8489687925494,188.858642578125,200,0.0,0.0
2023-05-19 00:00:00-04:00,189.28452323283537,194.54995727539062,188.83929279536028,194.54995727539062,200,0.0,0.0
2023-05-22 00:00:00-04:00,194.54028485360826,194.59835710506528,189.71040742920954,192.66253662109375,300,0.0,0.0
2023-05-23 00:00:00-04:00,194.54995621202718,194.54995621202718,194.35637711987266,194.5305938720703,100,0.0,0.0
2023-05-24 00:00:00-04:00,194.07567541049676,194.53059440132347,193.58204650878906,193.58204650878906,700,0.0,0.0
2023-05-25 00:00:00-04:00,195.51786917209455,195.51786917209455,192.67221069335938,192.67221069335938,100,0.0,0.0
2023-05-26 00:00:00-04:00,194.08536449785285,194.54995727539062,194.08536449785285,194.54995727539062,100,0.0,0.0
2023-05-30 00:00:00-04:00,194.54994568403157,194.54994568403157,194.30796813964844,194.30796813964844,100,0.0,0.0
2023-05-31 00:00:00-04:00,194.75060351926888,197.7013702392578,194.75060351926888,197.7013702392578,100,3.2,0.0
2023-06-01 00:00:00-04:00,197.70136238106355,197.70136238106355,195.7341846459286,197.6816864013672,100,0.0,0.0
2023-06-02 00:00:00-04:00,196.22597776140486,196.71777219188456,192.63588442225296,192.78341674804688,100,0.0,0.0
2023-06-05 00:00:00-04:00,192.93094969082932,194.75059509277344,192.93094969082932,194.75059509277344,100,0.0,0.0
2023-06-06 00:00:00-04:00,192.7932472336415,194.75059446996573,192.78341674804688,192.78341674804688,100,0.0,0.0
2023-06-07 00:00:00-04:00,194.7505960221534,194.7505960221534,192.7834182845559,192.98013305664062,100,0.0,0.0
2023-06-08 00:00:00-04:00,192.63588379350605,194.75059383431662,190.8162384033203,190.8162384033203,500,0.0,0.0
2023-06-09 00:00:00-04:00,192.77358687893755,194.75059509277344,192.77358687893755,194.75059509277344,200,0.0,0.0
2023-06-12 00:00:00-04:00,194.7506045107953,195.930908203125,192.7932571735554,195.930908203125,600,0.0,0.0
2023-06-13 00:00:00-04:00,204.4782847064231,204.4782847064231,192.79324440687327,195.72434997558594,100,0.0,0.0
2023-06-14 00:00:00-04:00,195.73417962537772,195.73417962537772,193.27520751953125,193.27520751953125,100,0.0,0.0
2023-06-15 00:00:00-04:00,193.27520636792454,195.72434797376957,193.27520636792454,195.48828125,100,0.0,0.0
2023-06-16 00:00:00-04:00,195.72436140850655,195.73419189453125,195.72436140850655,195.73419189453125,100,0.0,0.0
2023-06-20 00:00:00-04:00,193.6489760822998,193.76700194070054,193.27520751953125,193.27520751953125,200,0.0,0.0
2023-06-21 00:00:00-04:00,193.3047250190941,193.63914164256974,191.79983520507812,191.79983520507812,100,0.0,0.0
2023-06-22 00:00:00-04:00,193.17685635592275,193.34407967837018,191.7998378821703,193.07850646972656,100,0.0,0.0
2023-06-23 00:00:00-04:00,193.06865828044187,193.2752185528095,191.79983520507812,191.79983520507812,100,0.0,0.0
2023-06-26 00:00:00-04:00,193.2752185528095,193.2752185528095,191.79983520507812,191.79983520507812,100,0.0,0.0
2023-06-27 00:00:00-04:00,191.7998252003956,193.27520847116787,190.82606683867098,192.91128540039062,100,0.0,0.0
2023-06-28 00:00:00-04:00,192.90144197906838,192.9112874730058,190.8162384033203,190.8162384033203,300,0.0,0.0
2023-06-29 00:00:00-04:00,193.27521463201725,193.27521463201725,190.81624243568118,190.8457489013672,100,0.0,0.0
2023-06-30 00:00:00-04:00,191.79982453754897,192.8325958251953,191.70145964982086,192.8325958251953,100,0.0,0.0
2023-07-03 00:00:00-04:00,192.89162064716183,192.89162064716183,192.8817901611328,192.8817901611328,100,0.0,0.0
2023-07-05 00:00:00-04:00,192.901438112058,192.91128360579808,190.8162345781111,190.82606506347656,100,0.0,0.0
2023-07-06 00:00:00-04:00,191.55393981933594,191.55393981933594,184.72783039696276,191.55393981933594,500,0.0,0.0
2023-07-07 00:00:00-04:00,191.3080291748047,191.3080291748047,189.83264591638718,191.3080291748047,200,0.0,0.0
2023-07-10 00:00:00-04:00,191.19000331681116,191.40639406204903,191.06213196506843,191.3080291748047,100,0.0,0.0
2023-07-11 00:00:00-04:00,191.3080291748047,191.3080291748047,190.53100059572296,191.3080291748047,100,0.0,0.0
2023-07-12 00:00:00-04:00,189.86216266042607,191.19984415415118,189.86216266042607,191.16050720214844,400,0.0,0.0
2023-07-13 00:00:00-04:00,190.53101091147633,191.19984415415118,190.53101091147633,191.16050720214844,100,0.0,0.0
2023-07-14 00:00:00-04:00,191.14083427901048,191.55393981933594,189.83265923045872,191.55393981933594,200,0.0,0.0
2023-07-17 00:00:00-04:00,189.83265152953567,191.55393204858586,189.83265152953567,191.05230712890625,100,0.0,0.0
2023-07-18 00:00:00-04:00,191.54410933327188,191.55393981933594,189.95068509673007,191.55393981933594,100,0.0,0.0
2023-07-19 00:00:00-04:00,191.55393981933594,191.55393981933594,189.83265923045872,191.55393981933594,100,0.0,0.0
2023-07-20 00:00:00-04:00,191.55393981933594,191.55393981933594,191.07197585143507,191.55393981933594,300,0.0,0.0
2023-07-21 00:00:00-04:00,191.55393981933594,191.55393981933594,191.43591395306456,191.55393981933594,100,0.0,0.0
2023-07-24 00:00:00-04:00,190.69822210455143,192.7834257848502,190.69822210455143,192.478515625,100,0.0,0.0
2023-07-25 00:00:00-04:00,189.83265740810296,192.7834241035657,189.83265740810296,191.79983520507812,100,0.0,0.0
2023-07-26 00:00:00-04:00,192.78341674804688,192.78341674804688,190.33427508124294,192.78341674804688,400,0.0,0.0
2023-07-27 00:00:00-04:00,192.05555558792193,192.78341674804688,190.3736270403713,192.78341674804688,1200,0.0,0.0
2023-07-28 00:00:00-04:00,191.79982755321794,192.78341641246521,190.37362670898438,190.37362670898438,100,0.0,0.0
2023-07-31 00:00:00-04:00,192.77359361759602,193.2752185528095,191.58344444674083,191.79983520507812,200,0.0,0.0
2023-08-01 00:00:00-04:00,191.6326268933403,191.79983520507812,184.91471291566506,191.79983520507812,1000,0.0,0.0
2023-08-02 00:00:00-04:00,191.79983050735652,191.79983050735652,188.8392333984375,188.8392333984375,200,0.0,0.0
2023-08-03 00:00:00-04:00,191.74081441654494,191.7801513671875,191.58343659722485,191.7801513671875,100,0.0,0.0
2023-08-04 00:00:00-04:00,189.83264954557123,191.7998272610694,187.84579585057313,190.8162384033203,200,0.0,0.0
2023-08-07 00:00:00-04:00,188.85889845064338,193.17685310220963,188.85889845064338,189.83265686035156,200,0.0,0.0
2023-08-08 00:00:00-04:00,192.98012809088368,192.98012809088368,188.84905794990445,189.53756713867188,200,0.0,0.0
2023-08-09 00:00:00-04:00,192.28179104718103,193.6391334640701,191.79982710426304,193.62930297851562,600,0.0,0.0
2023-08-10 00:00:00-04:00,193.61948067063037,193.61948067063037,190.81624630659056,191.79983520507812,100,0.0,0.0
2023-08-11 00:00:00-04:00,191.57360236366475,191.7998235942772,189.83264591638718,191.3080291748047,100,0.0,0.0
2023-08-14 00:00:00-04:00,190.52115874432062,190.8162384033203,190.52115874432062,190.8162384033203,100,0.0,0.0
2023-08-15 00:00:00-04:00,190.81624222892367,190.81624222892367,189.68512102318476,190.80641174316406,100,0.0,0.0
2023-08-16 00:00:00-04:00,190.81623776753742,191.79982662200928,188.84906005859375,188.84906005859375,400,0.0,0.0
2023-08-17 00:00:00-04:00,191.7899992439397,191.7899992439397,183.73440399395528,186.3900909423828,300,0.0,0.0
2023-08-18 00:00:00-04:00,188.84906063831403,191.79982721078767,187.96383666992188,187.96383666992188,100,0.0,0.0
2023-08-21 00:00:00-04:00,191.50474411788537,191.7899932861328,188.8490572519547,191.7899932861328,100,0.0,0.0
2023-08-22 00:00:00-04:00,181.95411204871587,191.79983132013436,177.82302675204357,183.73440551757812,300,0.0,0.0
2023-08-23 00:00:00-04:00,183.93112182617188,184.91471071294285,183.4393273827864,183.93112182617188,1100,0.0,0.0
2023-08-24 00:00:00-04:00,184.91470336914062,185.8982922168488,183.88193207737206,184.91470336914062,300,0.0,0.0
2023-08-25 00:00:00-04:00,183.93112029161603,183.93112029161603,183.58685818076827,183.73440551757812,200,0.0,0.0
2023-08-28 00:00:00-04:00,183.46883231802056,183.73440551757812,183.43932585233364,183.73440551757812,300,0.0,0.0
2023-08-29 00:00:00-04:00,186.8818817138672,186.8818817138672,186.8818817138672,186.8818817138672,0,0.0,0.0
2023-08-30 00:00:00-04:00,188.44578222560466,191.7899932861328,188.44578222560466,191.7899932861328,100,0.0,0.0
2023-08-31 00:00:00-04:00,194.99000549316406,195.0,188.00999450683594,194.0,500,3.2,0.0
2023-09-01 00:00:00-04:00,191.00999450683594,194.0,191.0,191.75,200,0.0,0.0
2023-09-05 00:00:00-04:00,191.75,196.0,191.75,193.5,1300,0.0,0.0
2023-09-06 00:00:00-04:00,193.0,194.0,192.5,193.02999877929688,100,0.0,0.0
2023-09-07 00:00:00-04:00,194.0,195.99000549316406,191.8000030517578,192.7899932861328,300,0.0,0.0
2023-09-08 00:00:00-04:00,195.9499969482422,195.9499969482422,188.25,188.25,200,0.0,0.0
2023-09-11 00:00:00-04:00,189.0,193.0,183.3000030517578,183.5,1100,0.0,0.0
2023-09-12 00:00:00-04:00,192.0500030517578,192.0500030517578,185.0,185.0,100,0.0,0.0
2023-09-13 00:00:00-04:00,192.0500030517578,192.0500030517578,185.0,185.0,800,0.0,0.0
2023-09-14 00:00:00-04:00,184.99000549316406,187.0,184.67999267578125,187.0,900,0.0,0.0
2023-09-15 00:00:00-04:00,185.00999450683594,188.0,184.1999969482422,188.0,1600,0.0,0.0
