Date,Open,High,Low,Close,Volume,Dividends,Stock Splits
2013-09-16 00:00:00-04:00,26.01117178094032,26.231603693040682,25.961393945503303,26.089387893676758,1400,0.0,0.0
2013-09-17 00:00:00-04:00,25.861844282565443,26.018281936645508,25.833403292084284,26.018281936645508,3800,0.0,0.0
2013-09-18 00:00:00-04:00,25.719630557028992,26.338268941282546,25.719630557028992,26.324047088623047,6200,0.0,0.0
2013-09-19 00:00:00-04:00,26.37382161680188,26.60847539899395,26.37382161680188,26.49470329284668,600,0.0,0.0
2013-09-20 00:00:00-04:00,26.41648424412008,26.452037514746678,26.260046598314258,26.38804054260254,1800,0.0,0.0
2013-09-23 00:00:00-04:00,26.281378673290174,26.281378673290174,26.160497007638437,26.274269104003906,700,0.0,0.0
2013-09-24 00:00:00-04:00,25.705407879698907,25.975614905424244,25.66985189667235,25.7978458404541,4100,0.0,0.0
2013-09-25 00:00:00-04:00,25.64852448854813,25.804962158203125,25.605858929767383,25.804962158203125,1700,0.0,0.0
2013-09-26 00:00:00-04:00,25.684073445187718,25.74096084732837,25.605854623514634,25.63429832458496,800,0.0,0.0
2013-09-27 00:00:00-04:00,25.60585740918509,25.641413395661466,25.51341943946112,25.6271915435791,700,0.0,0.0
2013-09-30 00:00:00-04:00,25.541859482298303,25.556081333852376,25.356980837176994,25.47786521911621,3500,0.0,0.0
2013-10-01 00:00:00-04:00,25.72673864236554,25.826288882199584,25.72673864236554,25.81206703186035,1100,0.0,0.0
2013-10-02 00:00:00-04:00,25.684073742561893,25.705407874881963,25.51341695924531,25.69829559326172,3000,0.0,0.0
2013-10-03 00:00:00-04:00,25.840512937547,25.840512937547,25.676965713500977,25.676965713500977,800,0.0,0.0
2013-10-04 00:00:00-04:00,24.3756921165725,24.3756921165725,24.069929122924805,24.069929122924805,2200,0.0,0.0
2013-10-07 00:00:00-04:00,24.4396915435791,24.4396915435791,24.4396915435791,24.4396915435791,300,0.0,0.0
2013-10-08 00:00:00-04:00,21.794486670001962,21.922480611293174,21.751822474994995,21.801597595214844,3400,0.0,0.0
2013-10-09 00:00:00-04:00,21.99359326279655,22.036257467028744,21.915374424812036,21.9224853515625,115600,0.0,0.0
2013-10-10 00:00:00-04:00,21.80159979413985,21.908260970550348,21.80159979413985,21.865596771240234,49600,0.0,0.0
2013-10-11 00:00:00-04:00,22.206915199994686,22.24958075965167,22.064700736616462,22.171361923217773,80700,0.0,0.0
2013-10-14 00:00:00-04:00,22.02203299261278,22.107362747192383,21.993590645266533,22.107362747192383,107200,0.0,0.0
2013-10-15 00:00:00-04:00,22.178473512277208,22.199804936472276,22.078921893041308,22.157140731811523,158400,0.0,0.0
2013-10-16 00:00:00-04:00,22.235355047524983,22.29935201963332,22.086028327182085,22.24246597290039,421500,0.0,0.0
2013-10-17 00:00:00-04:00,22.413123760953532,22.54111770315922,22.406012835689847,22.519784927368164,7500,0.0,0.0
2013-10-18 00:00:00-04:00,22.67622272804388,22.882435505644914,22.62644760414581,22.76866340637207,116600,0.0,0.0
2013-10-21 00:00:00-04:00,22.78999489946316,22.832660454028346,22.78999489946316,22.82554817199707,67400,0.0,0.0
2013-10-22 00:00:00-04:00,23.053093164288512,23.401521757204755,22.981986616774623,23.358856201171875,137500,0.0,0.0
2013-10-23 00:00:00-04:00,23.273527514126247,23.2948589356087,23.131311708314488,23.195308685302734,4200,0.0,0.0
2013-10-24 00:00:00-04:00,23.06020736694336,23.06020736694336,23.06020736694336,23.06020736694336,100,0.0,0.0
2013-10-25 00:00:00-04:00,23.20242023466487,23.223751655473592,23.138423259697905,23.152645111083984,4700,0.0,0.0
2013-10-28 00:00:00-04:00,23.230862834654353,23.387300498200624,23.230862834654353,23.287750244140625,6200,0.0,0.0
2013-10-29 00:00:00-04:00,23.053092960004232,23.095758515659032,22.94643313967856,22.953542709350586,4900,0.0,0.0
2013-10-30 00:00:00-04:00,22.939320565366838,23.017539393467526,22.889545440673828,22.889545440673828,900,0.0,0.0
2013-10-31 00:00:00-04:00,22.51267433166504,22.51267433166504,22.51267433166504,22.51267433166504,100,0.0,0.0
2013-11-01 00:00:00-04:00,22.128694207525406,22.235355377197266,22.128694207525406,22.235355377197266,1300,0.0,0.0
2013-11-04 00:00:00-05:00,22.192690850104228,22.192690850104228,21.95092615393265,22.142915725708008,5100,0.0,0.0
2013-11-05 00:00:00-05:00,21.965147021720643,22.000701651371102,21.865596771240234,21.865596771240234,1700,0.0,0.0
2013-11-06 00:00:00-05:00,22.1571394325324,22.313575744628906,22.1571394325324,22.313575744628906,8400,0.0,0.0
2013-11-07 00:00:00-05:00,22.313575744628906,22.313575744628906,22.313575744628906,22.313575744628906,0,0.0,0.0
2013-11-08 00:00:00-05:00,22.0291452881534,22.0291452881534,21.908262252807617,21.908262252807617,1400,0.0,0.0
2013-11-11 00:00:00-05:00,21.979368137347976,22.228245111482916,21.979368137347976,22.221134185791016,800,0.0,0.0
2013-11-12 00:00:00-05:00,21.815822230345674,21.894041061401367,21.815822230345674,21.894041061401367,1500,0.0,0.0
2013-11-13 00:00:00-05:00,21.588274582833584,21.886926651000977,21.588274582833584,21.886926651000977,2500,0.0,0.0
2013-11-14 00:00:00-05:00,22.00781032590438,22.00781032590438,21.872705459594727,21.872705459594727,2700,0.0,0.0
2013-11-15 00:00:00-05:00,21.894041061401367,21.894041061401367,21.894041061401367,21.894041061401367,900,0.0,0.0
2013-11-18 00:00:00-05:00,22.1855812838005,22.1855812838005,21.943815231323242,21.943815231323242,1800,0.0,0.0
2013-11-19 00:00:00-05:00,21.986480012957706,22.071809768676758,21.943815813233407,22.071809768676758,700,0.0,0.0
2013-11-20 00:00:00-05:00,21.972257321184383,21.972257321184383,21.8087100982666,21.8087100982666,400,0.0,0.0
2013-11-21 00:00:00-05:00,21.872707697170327,21.872707697170327,21.865596771240234,21.865596771240234,300,0.0,0.0
2013-11-22 00:00:00-05:00,22.064699172973633,22.064699172973633,22.064699172973633,22.064699172973633,100,0.0,0.0
2013-11-25 00:00:00-05:00,22.263800572900685,22.38468360900879,22.263800572900685,22.38468360900879,2300,0.0,0.0
2013-11-26 00:00:00-05:00,22.334907240758746,22.334907240758746,22.270910263061523,22.270910263061523,600,0.0,0.0
2013-11-27 00:00:00-05:00,22.37045955650974,22.37045955650974,22.221134185791016,22.221134185791016,300,0.0,0.0
2013-11-29 00:00:00-05:00,22.221134185791016,22.221134185791016,22.221134185791016,22.221134185791016,0,0.0,0.0
2013-12-02 00:00:00-05:00,22.221135721476504,22.299354553222656,22.221135721476504,22.299354553222656,800,0.0,0.0
2013-12-03 00:00:00-05:00,22.86110474786483,22.86110474786483,22.654891964281887,22.75444221496582,800,0.0,0.0
2013-12-04 00:00:00-05:00,22.825547512292633,22.83976936340332,22.683333069996856,22.83976936340332,700,0.0,0.0
2013-12-05 00:00:00-05:00,22.654892628673526,22.789996156772297,22.640670776367188,22.640670776367188,700,0.0,0.0
2013-12-06 00:00:00-05:00,22.541121510685834,22.619338989257812,22.541121510685834,22.619338989257812,700,0.0,0.0
2013-12-09 00:00:00-05:00,22.726000173689087,22.726000173689087,22.619338989257812,22.619338989257812,600,0.0,0.0
2013-12-10 00:00:00-05:00,22.605117797851562,22.605117797851562,22.605117797851562,22.605117797851562,400,0.0,0.0
2013-12-11 00:00:00-05:00,22.605117797851562,22.605117797851562,22.605117797851562,22.605117797851562,0,0.0,0.0
2013-12-12 00:00:00-05:00,22.12869644165039,22.12869644165039,22.12869644165039,22.12869644165039,600,0.0,0.0
2013-12-13 00:00:00-05:00,22.121583938598633,22.121583938598633,22.121583938598633,22.121583938598633,800,0.0,0.0
2013-12-16 00:00:00-05:00,22.22824507531831,22.2922420501709,22.22824507531831,22.2922420501709,1500,0.0,0.0
2013-12-17 00:00:00-05:00,22.32068592780504,22.498455013196978,22.32068592780504,22.470012664794922,1200,0.0,0.0
2013-12-18 00:00:00-05:00,22.66911183976001,22.82554813745104,22.598005294799805,22.598005294799805,9600,0.0,0.0
2013-12-19 00:00:00-05:00,22.747333118266607,23.003319691506437,22.747333118266607,22.797109603881836,2700,0.0,0.0
2013-12-20 00:00:00-05:00,23.486848831176758,23.486848831176758,23.486848831176758,23.486848831176758,700,0.0,0.0
2013-12-23 00:00:00-05:00,23.636177500941173,23.74994960089886,23.621955649378858,23.714393615722656,1200,0.0,0.0
2013-12-24 00:00:00-05:00,23.657511419103493,23.657511419103493,23.64328956604004,23.64328956604004,400,0.0,0.0
2013-12-26 00:00:00-05:00,23.856611251831055,23.856611251831055,23.856611251831055,23.856611251831055,200,0.0,0.0
2013-12-27 00:00:00-05:00,24.091270446777344,24.091270446777344,24.091270446777344,24.091270446777344,400,0.0,0.0
2013-12-30 00:00:00-05:00,24.233481772399227,24.304588317871094,24.226369490327535,24.304588317871094,6800,0.0,0.0
2013-12-31 00:00:00-05:00,24.247699666499184,24.29036521911621,24.247699666499184,24.29036521911621,500,0.0,0.0
2014-01-02 00:00:00-05:00,23.813947386872893,23.8921635043155,23.6859534309982,23.749950408935547,4500,0.0,0.0
2014-01-03 00:00:00-05:00,23.771282196044922,23.771282196044922,23.771282196044922,23.771282196044922,800,0.0,0.0
2014-01-06 00:00:00-05:00,24.034378051757812,24.034378051757812,24.034378051757812,24.034378051757812,300,0.0,0.0
2014-01-07 00:00:00-05:00,24.034378051757812,24.034378051757812,24.034378051757812,24.034378051757812,0,0.0,0.0
2014-01-08 00:00:00-05:00,23.60061924289832,23.65039436230239,23.593509674072266,23.593509674072266,700,0.0,0.0
2014-01-09 00:00:00-05:00,23.614842054132755,23.742835998535156,23.614842054132755,23.742835998535156,1600,0.0,0.0
2014-01-10 00:00:00-05:00,24.020153045654297,24.020153045654297,24.020153045654297,24.020153045654297,300,0.0,0.0
2014-01-13 00:00:00-05:00,23.76416778564453,23.76416778564453,23.76416778564453,23.76416778564453,300,0.0,0.0
2014-01-14 00:00:00-05:00,23.42996215820313,23.42996215820313,23.42996215820313,23.429962158203125,1500,0.0,0.0
2014-01-15 00:00:00-05:00,23.42996215820313,23.42996215820313,23.42996215820313,23.429962158203125,0,0.0,0.0
2014-01-16 00:00:00-05:00,24.055714314717633,24.055714314717633,24.041492462158203,24.041492462158203,600,0.0,0.0
2014-01-17 00:00:00-05:00,24.155263684527508,24.155263684527508,24.041491580764138,24.048601150512695,1100,0.0,0.0
2014-01-21 00:00:00-05:00,24.816563751464646,24.816563751464646,24.773898197299907,24.781007766723633,1100,0.0,0.0
2014-01-22 00:00:00-05:00,24.994333267211914,24.994333267211914,24.994333267211914,24.994333267211914,200,0.0,0.0
2014-01-23 00:00:00-05:00,25.086769104003906,25.086769104003906,25.086769104003906,25.086769104003906,400,0.0,0.0
2014-01-24 00:00:00-05:00,24.9801082611084,24.9801082611084,24.9801082611084,24.9801082611084,400,0.0,0.0
2014-01-27 00:00:00-05:00,24.79522639264929,24.90899847641454,24.781004543111077,24.8094482421875,1500,0.0,0.0
2014-01-28 00:00:00-05:00,24.8094482421875,24.8094482421875,24.8094482421875,24.8094482421875,0,0.0,0.0
2014-01-29 00:00:00-05:00,24.930334091186523,24.930334091186523,24.930334091186523,24.930334091186523,400,0.0,0.0
2014-01-30 00:00:00-05:00,24.74545581942133,24.74545581942133,24.61746186261497,24.65301513671875,1800,0.0,0.0
2014-01-31 00:00:00-05:00,24.510803002228933,24.510803002228933,24.503690719604492,24.503690719604492,700,0.0,0.0
2014-02-03 00:00:00-05:00,24.503690719604492,24.503690719604492,24.503690719604492,24.503690719604492,0,0.0,0.0
2014-02-04 00:00:00-05:00,24.347251892089844,24.347251892089844,24.347251892089844,24.347251892089844,500,0.0,0.0
2014-02-05 00:00:00-05:00,24.361474990844727,24.361474990844727,24.361474990844727,24.361474990844727,2000,0.0,0.0
2014-02-06 00:00:00-05:00,24.589019775390625,24.589019775390625,24.589019775390625,24.589019775390625,500,0.0,0.0
2014-02-07 00:00:00-05:00,24.32592010498047,24.32592010498047,24.32592010498047,24.32592010498047,300,0.0,0.0
2014-02-10 00:00:00-05:00,24.32592010498047,24.32592010498047,24.32592010498047,24.32592010498047,0,0.0,0.0
2014-02-11 00:00:00-05:00,25.12232780456543,25.12232780456543,25.12232780456543,25.12232780456543,600,0.0,0.0
2014-02-12 00:00:00-05:00,25.136547598644064,25.207656860351562,25.136547598644064,25.207656860351562,700,0.0,0.0
2014-02-13 00:00:00-05:00,25.207656860351562,25.207656860351562,25.207656860351562,25.207656860351562,0,0.0,0.0
2014-02-14 00:00:00-05:00,25.413867728419095,25.413867728419095,25.307205200195312,25.307205200195312,800,0.0,0.0
2014-02-18 00:00:00-05:00,25.015668869018555,25.015668869018555,25.015668869018555,25.015668869018555,300,0.0,0.0
2014-02-19 00:00:00-05:00,24.894780086454663,24.894780086454663,24.887670516967773,24.887670516967773,500,0.0,0.0
2014-02-20 00:00:00-05:00,25.17921257019043,25.17921257019043,25.17921257019043,25.17921257019043,500,0.0,0.0
2014-02-21 00:00:00-05:00,25.47786521911621,25.47786521911621,25.47786521911621,25.47786521911621,500,0.0,0.0
2014-02-24 00:00:00-05:00,25.982728958129883,25.982728958129883,25.982728958129883,25.982728958129883,200,0.0,0.0
2014-02-25 00:00:00-05:00,25.883178489931932,25.883178489931932,25.684075280750974,25.876066207885742,1200,0.0,0.0
2014-02-26 00:00:00-05:00,25.876066207885742,25.876066207885742,25.876066207885742,25.876066207885742,0,0.0,0.0
2014-02-27 00:00:00-05:00,25.200545162563557,25.236101150512695,25.200545162563557,25.236101150512695,300,0.0,0.0
2014-02-28 00:00:00-05:00,25.499197006225586,25.499197006225586,25.499197006225586,25.499197006225586,500,0.0,0.0
2014-03-03 00:00:00-05:00,24.297475814819336,24.297475814819336,24.297475814819336,24.297475814819336,400,0.0,0.0
2014-03-04 00:00:00-05:00,25.35697746276855,25.35697746276855,25.349867894208042,25.356977462768555,700,0.0,0.0
2014-03-05 00:00:00-05:00,25.35697746276855,25.35697746276855,25.35697746276855,25.356977462768555,0,0.0,0.0
2014-03-06 00:00:00-05:00,25.35697746276855,25.35697746276855,25.35697746276855,25.356977462768555,0,0.0,0.0
2014-03-07 00:00:00-05:00,20.301229350252527,20.63543610441618,20.265676075085143,20.51455307006836,1200,0.0,0.0
2014-03-10 00:00:00-04:00,20.016796765143962,20.087904663525556,19.732366527887937,19.80347442626953,5100,0.0,0.0
2014-03-11 00:00:00-04:00,19.952801162367702,19.952801162367702,19.70392417907715,19.70392417907715,1800,0.0,0.0
2014-03-12 00:00:00-04:00,19.583042141259288,19.94568986422742,19.583042141259288,19.782142639160156,5500,0.0,0.0
2014-03-13 00:00:00-04:00,19.54748863765136,19.54748863765136,19.241725591103748,19.248836517333984,2000,0.0,0.0
2014-03-14 00:00:00-04:00,19.426606618948487,19.426606618948487,19.120843556430582,19.127954483032227,2200,0.0,0.0
2014-03-17 00:00:00-04:00,19.68970298757351,19.78925323486328,19.68970298757351,19.78925323486328,5100,0.0,0.0
2014-03-18 00:00:00-04:00,20.066574104459495,20.137682010698416,19.967023849487305,19.967023849487305,1900,0.0,0.0
2014-03-19 00:00:00-04:00,20.201678990686396,20.237232265670606,19.910137795750266,19.967023849487305,2600,0.0,0.0
2014-03-20 00:00:00-04:00,19.62570571899414,19.62570571899414,19.62570571899414,19.62570571899414,400,0.0,0.0
2014-03-21 00:00:00-04:00,20.090851883462083,20.090851883462083,19.98166275024414,19.98166275024414,500,0.639,0.0
2014-03-24 00:00:00-04:00,19.95254665982859,20.047178268432617,19.95254665982859,20.047178268432617,800,0.0,0.0
2014-03-25 00:00:00-04:00,20.018062695901325,20.200045084045883,19.981666773638587,20.054458618164062,1800,0.0,0.0
2014-03-26 00:00:00-04:00,20.360185401298974,20.360185401298974,20.28739356994629,20.28739356994629,700,0.0,0.0
2014-03-27 00:00:00-04:00,20.367467697339098,20.483936309814453,20.367467697339098,20.483936309814453,1900,0.0,0.0
2014-03-28 00:00:00-04:00,20.280115301106093,20.280115301106093,20.149087775505723,20.163646697998047,1200,0.0,0.0
2014-03-31 00:00:00-04:00,20.34562882663552,20.432979583740234,20.34562882663552,20.432979583740234,300,0.0,0.0
2014-04-01 00:00:00-04:00,20.39658546447754,20.39658546447754,20.39658546447754,20.39658546447754,400,0.0,0.0
2014-04-02 00:00:00-04:00,20.418418884277344,20.418418884277344,20.418418884277344,20.418418884277344,1000,0.0,0.0
2014-04-03 00:00:00-04:00,20.1345272064209,20.1345272064209,20.1345272064209,20.1345272064209,200,0.0,0.0
2014-04-04 00:00:00-04:00,20.18548576158043,20.18548576158043,20.098134994506836,20.098134994506836,800,0.0,0.0
2014-04-07 00:00:00-04:00,20.090852607676442,20.105411529541016,20.090852607676442,20.105411529541016,2400,0.0,0.0
2014-04-08 00:00:00-04:00,20.141809594804645,20.243719281899427,20.112691747968793,20.12725067138672,1600,0.0,0.0
2014-04-09 00:00:00-04:00,20.134526643329217,20.345626831054688,20.134526643329217,20.345626831054688,1800,0.0,0.0
2014-04-10 00:00:00-04:00,19.908869826369525,19.908869826369525,19.850635528564453,19.850635528564453,1400,0.0,0.0
2014-04-11 00:00:00-04:00,19.428438294464645,19.464834213256836,19.428438294464645,19.464834213256836,600,0.0,0.0
2014-04-14 00:00:00-04:00,19.967103958129883,19.967103958129883,19.967103958129883,19.967103958129883,800,0.0,0.0
2014-04-15 00:00:00-04:00,19.967105888282365,19.967105888282365,19.821519436699433,19.91615104675293,1200,0.0,0.0
2014-04-16 00:00:00-04:00,20.27283462978218,20.338348388671875,20.178203027645875,20.338348388671875,2300,0.0,0.0
2014-04-17 00:00:00-04:00,19.777843605737008,19.894312208982228,19.69049145909546,19.76328468322754,3100,0.0,0.0
2014-04-21 00:00:00-04:00,19.76328335139256,19.952545166015625,19.76328335139256,19.952545166015625,1100,0.0,0.0
2014-04-22 00:00:00-04:00,20.585844465261623,20.585844465261623,20.440258026123047,20.440258026123047,800,0.0,0.0
2014-04-23 00:00:00-04:00,20.77510493864441,20.77510493864441,20.629518508911133,20.629518508911133,600,0.0,0.0
2014-04-24 00:00:00-04:00,20.593124779907306,20.695034458480652,20.549448013305664,20.549448013305664,1100,0.0,0.0
2014-04-25 00:00:00-04:00,20.745990444635684,20.920693355454354,20.7314315216303,20.877017974853516,4200,0.0,0.0
2014-04-28 00:00:00-04:00,21.080835342407227,21.080835342407227,21.080835342407227,21.080835342407227,500,0.0,0.0
2014-04-29 00:00:00-04:00,21.277377384776837,21.277377384776837,21.10267448425293,21.10267448425293,600,0.0,0.0
2014-04-30 00:00:00-04:00,21.28465626538587,21.31377410888672,21.27737680451066,21.31377410888672,1500,0.0,0.0
2014-05-01 00:00:00-04:00,21.31377217282377,21.430240759417202,21.31377217282377,21.415681838989258,3500,0.0,0.0
2014-05-02 00:00:00-04:00,21.663180156544865,21.68501853942871,21.663180156544865,21.68501853942871,600,0.0,0.0
2014-05-05 00:00:00-04:00,21.69229946097255,21.83788592248863,21.69229946097255,21.83060646057129,800,0.0,0.0
2014-05-06 00:00:00-04:00,21.83060646057129,21.83060646057129,21.83060646057129,21.83060646057129,0,0.0,0.0
2014-05-07 00:00:00-04:00,21.706854939535194,21.706854939535194,21.546710968017578,21.546710968017578,900,0.0,0.0
2014-05-08 00:00:00-04:00,21.721414546239753,21.772369384765625,21.721414546239753,21.772369384765625,300,0.0,0.0
2014-05-09 00:00:00-04:00,21.532152010303477,21.64862060546875,21.532152010303477,21.64862060546875,500,0.0,0.0
2014-05-12 00:00:00-04:00,21.64862060546875,21.64862060546875,21.64862060546875,21.64862060546875,0,0.0,0.0
2014-05-13 00:00:00-04:00,21.64862060546875,21.64862060546875,21.64862060546875,21.64862060546875,0,0.0,0.0
2014-05-14 00:00:00-04:00,21.670461654663086,21.670461654663086,21.670461654663086,21.670461654663086,300,0.0,0.0
2014-05-15 00:00:00-04:00,21.590386362447223,21.590386362447223,21.408404008489704,21.495756149291992,2200,0.0,0.0
2014-05-16 00:00:00-04:00,21.204585996893986,21.204585996893986,21.01532554626465,21.01532554626465,400,0.0,0.0
2014-05-19 00:00:00-04:00,21.04444206131158,21.15363121032715,21.04444206131158,21.15363121032715,700,0.0,0.0
2014-05-20 00:00:00-04:00,20.97164685259089,21.0662784576416,20.97164685259089,21.0662784576416,400,0.0,0.0
2014-05-21 00:00:00-04:00,20.898855678079748,21.00076675415039,20.898855678079748,21.00076675415039,1100,0.0,0.0
2014-05-22 00:00:00-04:00,21.03716267448003,21.03716267448003,20.95709137207175,21.00076675415039,1100,0.0,0.0
2014-05-23 00:00:00-04:00,21.00076675415039,21.00076675415039,21.00076675415039,21.00076675415039,0,0.0,0.0
2014-05-27 00:00:00-04:00,19.137267597732738,19.137267597732738,19.02807705985347,19.035356521606445,2700,0.0,0.0
2014-05-28 00:00:00-04:00,19.275572128842583,19.275572128842583,19.093589760431875,19.14454460144043,4000,0.0,0.0
2014-05-29 00:00:00-04:00,19.180938991968656,19.180938991968656,19.100866317749023,19.100866317749023,1400,0.0,0.0
2014-05-30 00:00:00-04:00,18.75146041014342,18.75146041014342,18.664108276367188,18.664108276367188,1000,0.0,0.0
2014-06-02 00:00:00-04:00,18.816976960197078,18.816976960197078,18.72234535217285,18.72234535217285,500,0.0,0.0
2014-06-03 00:00:00-04:00,18.802421405961905,18.867935180664062,18.802421405961905,18.867935180664062,1300,0.0,0.0
2014-06-04 00:00:00-04:00,19.15910530090332,19.15910530090332,19.144546376860635,19.15910530090332,2500,0.0,0.0
2014-06-05 00:00:00-04:00,19.362921635154752,19.428435389918654,19.362921635154752,19.42115592956543,1600,0.0,0.0
2014-06-06 00:00:00-04:00,19.450275421142578,19.450275421142578,19.450275421142578,19.450275421142578,700,0.0,0.0
2014-06-09 00:00:00-04:00,19.239173889160156,19.239173889160156,19.239173889160156,19.239173889160156,500,0.0,0.0
2014-06-10 00:00:00-04:00,19.36292266845703,19.36292266845703,19.36292266845703,19.36292266845703,400,0.0,0.0
2014-06-11 00:00:00-04:00,19.36292266845703,19.36292266845703,19.36292266845703,19.36292266845703,0,0.0,0.0
2014-06-12 00:00:00-04:00,19.188222885131836,19.188222885131836,19.188222885131836,19.188222885131836,300,0.0,0.0
2014-06-13 00:00:00-04:00,19.115426978860175,19.217336654663086,19.115426978860175,19.217336654663086,600,0.0,0.0
2014-06-16 00:00:00-04:00,19.261011606488534,19.36292266845703,19.261011606488534,19.36292266845703,2000,0.0,0.0
2014-06-17 00:00:00-04:00,19.36292266845703,19.36292266845703,19.36292266845703,19.36292266845703,0,0.0,0.0
2014-06-18 00:00:00-04:00,19.36292266845703,19.36292266845703,19.36292266845703,19.36292266845703,0,0.0,0.0
2014-06-19 00:00:00-04:00,18.86064953605241,18.86064953605241,18.664108276367188,18.664108276367188,700,0.0,0.0
2014-06-20 00:00:00-04:00,18.664108276367188,18.729622029595596,18.664108276367188,18.664108276367188,900,0.0,0.0
2014-06-23 00:00:00-04:00,19.057196360341013,19.202781441258075,19.057196360341013,19.180944442749023,5300,0.0,0.0
2014-06-24 00:00:00-04:00,19.217335636529185,19.239174018079325,19.217335636529185,19.2246150970459,3600,0.0,0.0
2014-06-25 00:00:00-04:00,19.2246150970459,19.2246150970459,19.2246150970459,19.2246150970459,0,0.0,0.0
2014-06-26 00:00:00-04:00,19.2246150970459,19.2246150970459,19.2246150970459,19.2246150970459,0,0.0,0.0
2014-06-27 00:00:00-04:00,19.2246150970459,19.2246150970459,19.2246150970459,19.2246150970459,0,0.0,0.0
2014-06-30 00:00:00-04:00,19.129985958390233,19.129985958390233,19.064472198486328,19.064472198486328,1300,0.0,0.0
2014-07-01 00:00:00-04:00,18.95528174616152,19.253732681274414,18.95528174616152,19.253732681274414,1100,0.0,0.0
2014-07-02 00:00:00-04:00,18.918887050188765,19.07175296322004,18.918887050188765,18.977121353149414,1100,0.0,0.0
2014-07-03 00:00:00-04:00,19.224615691195254,19.38475966226693,19.224615691195254,19.36292266845703,500,0.0,0.0
2014-07-07 00:00:00-04:00,19.450274162651972,19.450274162651972,19.421157706989444,19.43571662902832,2400,0.0,0.0
2014-07-08 00:00:00-04:00,18.897050488869922,18.94800672373949,18.889772415161133,18.889772415161133,600,0.0,0.0
2014-07-09 00:00:00-04:00,18.846092224121094,18.846092224121094,18.846092224121094,18.846092224121094,300,0.0,0.0
2014-07-10 00:00:00-04:00,18.664108924056897,18.664108924056897,18.649551391601562,18.649551391601562,400,0.0,0.0
2014-07-11 00:00:00-04:00,18.649551391601562,18.649551391601562,18.649551391601562,18.649551391601562,0,0.0,0.0
2014-07-14 00:00:00-04:00,18.802415976597306,18.802415976597306,18.787857055664062,18.787857055664062,900,0.0,0.0
2014-07-15 00:00:00-04:00,18.001693318417463,18.001693318417463,17.594053252466182,17.645008087158203,1300,0.0,0.0
2014-07-16 00:00:00-04:00,18.03809013734753,18.03809013734753,17.972576383523048,17.994413375854492,1200,0.0,0.0
2014-07-17 00:00:00-04:00,17.419351878608452,17.426631339684,17.2883243560791,17.2883243560791,2600,0.0,0.0
2014-07-18 00:00:00-04:00,17.346561785955913,17.346561785955913,17.164579391479492,17.164579391479492,600,0.0,0.0
2014-07-21 00:00:00-04:00,17.128184619641235,17.15730108273919,17.128184619641235,17.142742156982422,2100,0.0,0.0
2014-07-22 00:00:00-04:00,17.35383872477361,17.397514104340402,17.35383872477361,17.37567710876465,3400,0.0,0.0
2014-07-23 00:00:00-04:00,17.60133641326989,17.60861587524414,17.60133641326989,17.60861587524414,800,0.0,0.0
2014-07-24 00:00:00-04:00,17.659568786621094,17.659568786621094,17.659568786621094,17.659568786621094,500,0.0,0.0
2014-07-25 00:00:00-04:00,17.84154980877971,17.84882926940918,17.84154980877971,17.84882926940918,700,0.0,0.0
2014-07-28 00:00:00-04:00,17.856109006948223,17.856109006948223,17.761477405712718,17.768756866455078,800,0.0,0.0
2014-07-29 00:00:00-04:00,17.928905354022536,18.03809590424902,17.928905354022536,17.943464279174805,1200,0.0,0.0
2014-07-30 00:00:00-04:00,17.81243220650022,17.87066650390625,17.81243220650022,17.87066650390625,700,0.0,0.0
2014-07-31 00:00:00-04:00,17.688685112566873,17.688685112566873,17.67412757873535,17.67412757873535,1000,0.0,0.0
2014-08-01 00:00:00-04:00,17.84882926940918,17.84882926940918,17.84882926940918,17.84882926940918,600,0.0,0.0
2014-08-04 00:00:00-04:00,17.68140845365331,17.68140845365331,17.57949737819246,17.623172760009766,1100,0.0,0.0
2014-08-05 00:00:00-04:00,17.907064457668945,17.907064457668945,17.856109619140625,17.856109619140625,800,0.0,0.0
2014-08-06 00:00:00-04:00,17.52126307296427,17.674128991947867,17.52126307296427,17.623172760009766,1700,0.0,0.0
2014-08-07 00:00:00-04:00,17.666848247798118,17.666848247798118,17.528541262265172,17.659568786621094,800,0.0,0.0
2014-08-08 00:00:00-04:00,17.506702708910332,17.776037216186523,17.506702708910332,17.776037216186523,400,0.0,0.0
2014-08-11 00:00:00-04:00,17.87794587070125,17.87794587070125,17.783315658569336,17.783315658569336,500,0.0,0.0
2014-08-12 00:00:00-04:00,17.397513474925344,17.397513474925344,17.339279174804688,17.339279174804688,600,0.0,0.0
2014-08-13 00:00:00-04:00,17.717802047729492,17.717802047729492,17.717802047729492,17.717802047729492,600,0.0,0.0
2014-08-14 00:00:00-04:00,17.75419707188925,17.768755992658022,17.659566863722457,17.710521697998047,1800,0.0,0.0
2014-08-15 00:00:00-04:00,17.93617821954775,17.93617821954775,17.768754807122736,17.885223388671875,3200,0.0,0.0
2014-08-18 00:00:00-04:00,18.038094374951616,18.198238372802734,18.038094374951616,18.198238372802734,2700,0.0,0.0
2014-08-19 00:00:00-04:00,18.00169563293457,18.00169563293457,18.00169563293457,18.00169563293457,300,0.0,0.0
2014-08-20 00:00:00-04:00,17.92890167236328,17.92890167236328,17.92890167236328,17.92890167236328,500,0.0,0.0
2014-08-21 00:00:00-04:00,17.92890167236328,17.92890167236328,17.92890167236328,17.92890167236328,0,0.0,0.0
2014-08-22 00:00:00-04:00,17.92890167236328,17.92890167236328,17.92890167236328,17.92890167236328,0,0.0,0.0
2014-08-25 00:00:00-04:00,17.92890167236328,17.92890167236328,17.92890167236328,17.92890167236328,0,0.0,0.0
2014-08-26 00:00:00-04:00,19.064472198486328,19.064472198486328,19.064472198486328,19.064472198486328,400,0.0,0.0
2014-08-27 00:00:00-04:00,18.89704866592278,18.977121353149414,18.89704866592278,18.977121353149414,600,0.0,0.0
2014-08-28 00:00:00-04:00,18.860654566664238,18.962564259572503,18.860654566664238,18.889772415161133,1100,0.0,0.0
2014-08-29 00:00:00-04:00,18.998959539761035,19.15182406278669,18.998959539761035,19.14454460144043,800,0.0,0.0
2014-09-02 00:00:00-04:00,19.326525364748576,19.36292266845703,19.326525364748576,19.36292266845703,1100,0.0,0.0
2014-09-03 00:00:00-04:00,19.27557078593083,19.37748184926317,19.27557078593083,19.333805084228516,2200,0.0,0.0
2014-09-04 00:00:00-04:00,19.253732681274414,19.253732681274414,19.253732681274414,19.253732681274414,400,0.0,0.0
2014-09-05 00:00:00-04:00,19.188219959354726,19.195499420166016,19.173661037732153,19.195499420166016,1300,0.0,0.0
2014-09-08 00:00:00-04:00,19.04991429479011,19.057193756103516,19.04991429479011,19.057193756103516,2100,0.0,0.0
2014-09-09 00:00:00-04:00,18.787858941771706,18.889770010120113,18.787858941771706,18.83881378173828,2000,0.0,0.0
2014-09-10 00:00:00-04:00,18.904328881151077,19.035356415141067,18.904328881151077,18.998960494995117,5100,0.0,0.0
2014-09-11 00:00:00-04:00,19.03535478528551,19.03535478528551,18.91160672360341,18.918886184692383,600,0.0,0.0
2014-09-12 00:00:00-04:00,19.020793914794922,19.020793914794922,19.020793914794922,19.020793914794922,400,0.0,0.0
2014-09-15 00:00:00-04:00,18.933442941059724,18.948001861572266,18.933442941059724,18.948001861572266,4000,0.0,0.0
2014-09-16 00:00:00-04:00,19.028076171875,19.028076171875,19.028076171875,19.028076171875,500,0.0,0.0
2014-09-17 00:00:00-04:00,18.824257338733872,18.824257338733872,18.67867088317871,18.67867088317871,1300,0.0,0.0
2014-09-18 00:00:00-04:00,18.67867088317871,18.67867088317871,18.67867088317871,18.67867088317871,0,0.0,0.0
2014-09-19 00:00:00-04:00,18.67867088317871,18.67867088317871,18.67867088317871,18.67867088317871,0,0.0,0.0
2014-09-22 00:00:00-04:00,18.831533432006836,18.831533432006836,18.831533432006836,18.831533432006836,500,0.0,0.0
2014-09-23 00:00:00-04:00,18.867930513473464,18.867930513473464,18.75874137878418,18.75874137878418,1800,0.0,0.0
2014-09-24 00:00:00-04:00,18.75874137878418,18.75874137878418,18.75874137878418,18.75874137878418,0,0.0,0.0
2014-09-25 00:00:00-04:00,18.17639632179724,18.17639632179724,18.132720947265625,18.132720947265625,600,0.0,0.0
2014-09-26 00:00:00-04:00,18.132720947265625,18.132720947265625,18.132720947265625,18.132720947265625,0,0.0,0.0
2014-09-29 00:00:00-04:00,17.958019992835123,18.030813217163086,17.958019992835123,18.030813217163086,700,0.0,0.0
2014-09-30 00:00:00-04:00,18.241914749145508,18.241914749145508,18.241914749145508,18.241914749145508,300,0.0,0.0
2014-10-01 00:00:00-04:00,18.241914749145508,18.241914749145508,18.241914749145508,18.241914749145508,0,0.0,0.0
2014-10-02 00:00:00-04:00,18.431171447409305,18.431171447409305,18.329261779785156,18.329261779785156,800,0.0,0.0
2014-10-03 00:00:00-04:00,18.329263057301485,18.329263057301485,18.292865753173828,18.292865753173828,500,0.0,0.0
2014-10-06 00:00:00-04:00,18.387496948242188,18.387496948242188,18.387496948242188,18.387496948242188,800,0.0,0.0
2014-10-07 00:00:00-04:00,18.46029281616211,18.46029281616211,18.46029281616211,18.46029281616211,400,0.0,0.0
2014-10-08 00:00:00-04:00,18.58403774833453,18.68594741821289,18.58403774833453,18.68594741821289,800,0.0,0.0
2014-10-09 00:00:00-04:00,18.234632231751444,18.263750076293945,18.234632231751444,18.263750076293945,1700,0.0,0.0
2014-10-10 00:00:00-04:00,18.074488771942352,18.074488771942352,17.914344787597656,17.914344787597656,900,0.0,0.0
2014-10-13 00:00:00-04:00,17.892508440658226,17.89978790283203,17.892508440658226,17.89978790283203,800,0.0,0.0
2014-10-14 00:00:00-04:00,17.717801720825964,17.95073890686035,17.717801720825964,17.95073890686035,800,0.0,0.0
2014-10-15 00:00:00-04:00,17.688686001540706,17.739642231965266,17.579496856032986,17.681407928466797,2400,0.0,0.0
2014-10-16 00:00:00-04:00,15.06086184994055,15.170050998027303,14.973509698421939,15.031744003295898,5400,0.0,0.0
2014-10-17 00:00:00-04:00,15.621365568118847,15.919817924499512,15.621365568118847,15.919817924499512,1300,0.0,0.0
2014-10-20 00:00:00-04:00,15.825186554550685,15.941655158996582,15.825186554550685,15.941655158996582,2100,0.0,0.0
2014-10-21 00:00:00-04:00,15.970774584580798,15.992611582315565,15.956215660480675,15.97805404663086,7600,0.0,0.0
2014-10-22 00:00:00-04:00,15.963495320599856,15.97805424488062,15.956215858459473,15.956215858459473,4000,0.0,0.0
2014-10-23 00:00:00-04:00,15.897979540837923,15.927095997304779,15.897979540837923,15.919817924499512,6700,0.0,0.0
2014-10-24 00:00:00-04:00,16.254664768075283,16.26194422927697,16.101800248085656,16.167312622070312,4700,0.0,0.0
2014-10-27 00:00:00-04:00,16.298340146870142,16.298340146870142,16.167312622070312,16.167312622070312,700,0.0,0.0
2014-10-28 00:00:00-04:00,16.4512090735394,16.545839309692383,16.443929611002165,16.545839309692383,6000,0.0,0.0
2014-10-29 00:00:00-04:00,16.909798700615596,16.909798700615596,16.844284947138377,16.851564407348633,800,0.0,0.0
2014-10-30 00:00:00-04:00,16.800609588623047,16.800609588623047,16.800609588623047,16.800609588623047,1300,0.0,0.0
2014-10-31 00:00:00-04:00,16.800609588623047,16.800609588623047,16.800609588623047,16.800609588623047,300,0.0,0.0
2014-11-03 00:00:00-05:00,16.95347785949707,16.95347785949707,16.95347785949707,16.95347785949707,400,0.0,0.0
2014-11-04 00:00:00-05:00,16.56039502483351,16.633188247680664,16.545836102581035,16.633188247680664,800,0.0,0.0
2014-11-05 00:00:00-05:00,16.633188247680664,16.633188247680664,16.633188247680664,16.633188247680664,0,0.0,0.0
2014-11-06 00:00:00-05:00,16.720539093017578,16.720539093017578,16.720539093017578,16.720539093017578,700,0.0,0.0
2014-11-07 00:00:00-05:00,16.720539093017578,16.720539093017578,16.720539093017578,16.720539093017578,0,0.0,0.0
2014-11-10 00:00:00-05:00,16.902523040771484,16.902523040771484,16.902523040771484,16.902523040771484,1100,0.0,0.0
2014-11-11 00:00:00-05:00,16.909799015654386,17.120899200439453,16.909799015654386,17.120899200439453,1700,0.0,0.0
2014-11-12 00:00:00-05:00,17.120899200439453,17.120899200439453,17.120899200439453,17.120899200439453,0,0.0,0.0
2014-11-13 00:00:00-05:00,16.800609588623047,16.800609588623047,16.800609588623047,16.800609588623047,3400,0.0,0.0
2014-11-14 00:00:00-05:00,16.88796337922863,16.97531413356368,16.82244961926974,16.829729080200195,3300,0.0,0.0
2014-11-17 00:00:00-05:00,17.011712269967507,17.0189903428386,16.9898738861084,16.9898738861084,1700,0.0,0.0
2014-11-18 00:00:00-05:00,17.273767524422723,17.273767524422723,17.120902988582095,17.171857833862305,400,0.0,0.0
2014-11-19 00:00:00-05:00,17.03354850449815,17.03354850449815,16.968034744262695,16.968034744262695,1000,0.0,0.0
2014-11-20 00:00:00-05:00,17.179136719869742,17.179136719869742,17.033550262451172,17.033550262451172,600,0.0,0.0
2014-11-21 00:00:00-05:00,17.324718635143558,17.324718635143558,17.208250045776367,17.208250045776367,600,0.0,0.0
2014-11-24 00:00:00-05:00,17.164579391479492,17.164579391479492,17.164579391479492,17.164579391479492,1300,0.0,0.0
2014-11-25 00:00:00-05:00,17.157298909949272,17.310164834205306,17.157298909949272,17.171857833862305,1100,0.0,0.0
2014-11-26 00:00:00-05:00,17.186418533325195,17.186418533325195,17.186418533325195,17.186418533325195,400,0.0,0.0
2014-11-28 00:00:00-05:00,16.837005615234375,16.837005615234375,16.837005615234375,16.837005615234375,200,0.0,0.0
2014-12-01 00:00:00-05:00,16.93745994567871,16.93745994567871,16.93745994567871,16.93745994567871,700,0.0,0.0
2014-12-02 00:00:00-05:00,16.767854786631062,16.767854786631062,16.68414306640625,16.68414306640625,1200,0.0,0.0
2014-12-03 00:00:00-05:00,16.528369400161385,16.7351016998291,16.528369400161385,16.7351016998291,1800,0.0,0.0
2014-12-04 00:00:00-05:00,16.536373119664916,16.536373119664916,16.429367953834426,16.436647415161133,1100,0.0,0.0
2014-12-05 00:00:00-05:00,16.684145021727076,16.72054094316325,16.592426300048828,16.592426300048828,1700,0.0,0.0
2014-12-08 00:00:00-05:00,16.627365773724776,16.627365773724776,16.587330815511148,16.592426300048828,800,0.0,0.0
2014-12-09 00:00:00-05:00,16.61499151169941,16.61863054832269,16.458486557006836,16.458486557006836,1000,0.0,0.0
2014-12-10 00:00:00-05:00,16.378412266215864,16.465764409205043,16.327457427978516,16.327457427978516,2400,0.0,0.0
2014-12-11 00:00:00-05:00,16.28378332826102,16.31289978593165,16.27650386673953,16.291061401367188,6300,0.0,0.0
2014-12-12 00:00:00-05:00,16.291058304757524,16.291058304757524,16.19933960616828,16.243743896484375,1000,0.0,0.0
2014-12-15 00:00:00-05:00,16.018084873961616,16.018084873961616,15.584967406806525,15.657760620117188,2400,0.0,0.0
2014-12-16 00:00:00-05:00,15.49034201402406,15.640295052605172,15.49034201402406,15.599531173706055,3600,0.0,0.0
2014-12-17 00:00:00-05:00,15.75239032676898,15.978049419728586,15.75239032676898,15.907440185546875,3700,0.0,0.0
2014-12-18 00:00:00-05:00,16.24010702664576,16.392972946166992,16.232827564914714,16.392972946166992,2900,0.0,0.0
2014-12-19 00:00:00-05:00,16.258300580098382,16.325998306274414,16.258300580098382,16.325998306274414,600,0.0,0.0
2014-12-22 00:00:00-05:00,16.505800819655732,16.655026311280288,16.505800819655732,16.52400016784668,2100,0.0,0.0
2014-12-23 00:00:00-05:00,16.713259652920808,16.713259652920808,16.61717298688826,16.669584274291992,7700,0.0,0.0
2014-12-24 00:00:00-05:00,16.669584274291992,16.669584274291992,16.669584274291992,16.669584274291992,0,0.0,0.0
2014-12-26 00:00:00-05:00,16.53855616379686,16.545835624712858,16.53127670288086,16.53127670288086,1100,0.0,0.0
2014-12-29 00:00:00-05:00,16.625908027422685,16.63318748821655,16.574953190280826,16.61134910583496,4000,0.0,0.0
2014-12-30 00:00:00-05:00,16.640468782013325,16.644107818603516,16.618630397226166,16.644107818603516,1000,0.0,0.0
2014-12-31 00:00:00-05:00,16.56767570510471,16.58951409009042,16.45120709534493,16.458486557006836,1400,0.0,0.0
2015-01-02 00:00:00-05:00,16.043564021945336,16.08287144161994,16.043564021945336,16.067584991455078,1000,0.0,0.0
2015-01-05 00:00:00-05:00,15.701439536361438,15.847025995839854,15.614088771406688,15.722550392150879,4600,0.0,0.0
2015-01-06 00:00:00-05:00,15.694157359158547,15.701436819714521,15.672320365905762,15.672320365905762,3000,0.0,0.0
2015-01-07 00:00:00-05:00,15.73055362701416,15.73055362701416,15.73055362701416,15.73055362701416,1000,0.0,0.0
2015-01-08 00:00:00-05:00,15.88196602259493,15.88196602259493,15.81062785591839,15.853575706481934,800,0.0,0.0
2015-01-09 00:00:00-05:00,15.912537574768066,15.912537574768066,15.912537574768066,15.912537574768066,800,0.0,0.0
2015-01-12 00:00:00-05:00,15.206443517622704,15.330191561360628,15.206443517622704,15.286516189575195,2200,0.0,0.0
2015-01-13 00:00:00-05:00,15.250121490853703,15.250121490853703,14.995345923078995,15.060859680175781,2700,0.0,0.0
2015-01-14 00:00:00-05:00,15.060859680175781,15.060859680175781,15.060859680175781,15.060859680175781,0,0.0,0.0
2015-01-15 00:00:00-05:00,15.155491960016352,15.155491960016352,15.139477977532186,15.1409330368042,1200,0.0,0.0
2015-01-16 00:00:00-05:00,14.929832962908579,15.140931778276721,14.929832962908579,15.126374244689941,3100,0.0,0.0
2015-01-20 00:00:00-05:00,15.417545541955189,15.417545541955189,15.275599525321512,15.31927490234375,5300,0.0,0.0
2015-01-21 00:00:00-05:00,16.02900813706979,16.076322555541992,16.02900813706979,16.076322555541992,300,0.0,0.0
2015-01-22 00:00:00-05:00,16.37113193055112,16.37113193055112,16.269222259521484,16.269222259521484,1000,0.0,0.0
2015-01-23 00:00:00-05:00,15.999889221094813,15.999889221094813,15.912538463278983,15.919817924499512,7500,0.0,0.0
2015-01-26 00:00:00-05:00,16.167310092132237,16.451203480911957,16.167310092132237,16.41116714477539,6700,0.0,0.0
2015-01-27 00:00:00-05:00,16.655024500704464,16.655024500704464,16.560394287109375,16.560394287109375,1200,0.0,0.0
2015-01-28 00:00:00-05:00,18.2346328206826,18.29286712323317,18.052650451660156,18.052650451660156,1200,0.0,0.0
2015-01-29 00:00:00-05:00,18.13490505324155,18.13490505324155,18.030811405466842,18.118162155151367,1600,0.0,0.0
2015-01-30 00:00:00-05:00,18.118162155151367,18.118162155151367,18.118162155151367,18.118162155151367,0,0.0,0.0
2015-02-02 00:00:00-05:00,18.095596243992922,18.17639645107943,18.067207319766208,18.118162155151367,1300,0.0,0.0
2015-02-03 00:00:00-05:00,18.65682934470976,18.835172653198242,18.634992351958385,18.835172653198242,2400,0.0,0.0
2015-02-04 00:00:00-05:00,19.38476145063327,19.38476145063327,18.929077995802114,19.028076171875,500,0.0,0.0
2015-02-05 00:00:00-05:00,19.38475891705951,19.394949884023074,19.290128707885742,19.290128707885742,500,0.0,0.0
2015-02-06 00:00:00-05:00,19.428436855586487,19.428436855586487,19.217336654663086,19.217336654663086,2100,0.0,0.0
2015-02-09 00:00:00-05:00,19.217336654663086,19.217336654663086,19.217336654663086,19.217336654663086,0,0.0,0.0
2015-02-10 00:00:00-05:00,19.162741334893983,19.42115592956543,19.162741334893983,19.42115592956543,1900,0.0,0.0
2015-02-11 00:00:00-05:00,18.72962849628842,18.83881765989665,18.72962849628842,18.736907958984375,1100,0.0,0.0
2015-02-12 00:00:00-05:00,18.926166534423828,18.926166534423828,18.926166534423828,18.926166534423828,700,0.0,0.0
2015-02-13 00:00:00-05:00,18.86792844103257,18.875207901000977,18.86792844103257,18.875207901000977,500,0.0,0.0
2015-02-17 00:00:00-05:00,18.875207901000977,18.875207901000977,18.875207901000977,18.875207901000977,0,0.0,0.0
2015-02-18 00:00:00-05:00,18.875207901000977,18.875207901000977,18.875207901000977,18.875207901000977,0,0.0,0.0
2015-02-19 00:00:00-05:00,18.875207901000977,18.875207901000977,18.875207901000977,18.875207901000977,0,0.0,0.0
2015-02-20 00:00:00-05:00,18.642272765254162,18.809696197509766,18.642272765254162,18.809696197509766,1600,0.0,0.0
2015-02-23 00:00:00-05:00,18.809696197509766,18.809696197509766,18.809696197509766,18.809696197509766,0,0.0,0.0
2015-02-24 00:00:00-05:00,18.809696197509766,18.809696197509766,18.809696197509766,18.809696197509766,0,0.0,0.0
2015-02-25 00:00:00-05:00,18.809696197509766,18.809696197509766,18.809696197509766,18.809696197509766,0,0.0,0.0
2015-02-26 00:00:00-05:00,19.071753805260613,19.08631134033203,19.064474343517222,19.08631134033203,5700,0.0,0.0
2015-02-27 00:00:00-05:00,19.88703227292717,20.058823666874662,19.88703227292717,20.010780334472656,3000,0.0,0.0
2015-03-02 00:00:00-05:00,20.163646697998047,20.163646697998047,20.163646697998047,20.163646697998047,500,0.0,0.0
2015-03-03 00:00:00-05:00,19.84335708618164,19.84335708618164,19.84335708618164,19.84335708618164,500,0.0,0.0
2015-03-04 00:00:00-05:00,19.654096603393555,19.654096603393555,19.654096603393555,19.654096603393555,700,0.0,0.0
2015-03-05 00:00:00-05:00,19.654096603393555,19.654096603393555,19.654096603393555,19.654096603393555,0,0.0,0.0
2015-03-06 00:00:00-05:00,19.304687009984097,19.304687009984097,19.202775955200195,19.202775955200195,1600,0.0,0.0
2015-03-09 00:00:00-04:00,19.180944442749023,19.180944442749023,19.180944442749023,19.180944442749023,400,0.0,0.0
2015-03-10 00:00:00-04:00,18.72962760925293,18.72962760925293,18.72962760925293,18.72962760925293,300,0.0,0.0
2015-03-11 00:00:00-04:00,18.744180398399738,18.875207901000977,18.744180398399738,18.875207901000977,1200,0.0,0.0
2015-03-12 00:00:00-04:00,18.875207901000977,18.875207901000977,18.875207901000977,18.875207901000977,0,0.0,0.0
2015-03-13 00:00:00-04:00,18.8752116474423,19.028076171875,18.8752116474423,19.028076171875,2400,0.0,0.0
2015-03-16 00:00:00-04:00,19.23917621052656,19.23917621052656,19.14454460144043,19.14454460144043,1000,0.0,0.0
2015-03-17 00:00:00-04:00,18.773300307627757,18.773300307627757,18.678668706022414,18.738359451293945,1500,0.0,0.0
2015-03-18 00:00:00-04:00,18.70778552659859,18.816974655362454,18.70778552659859,18.766019821166992,1400,0.0,0.0
2015-03-19 00:00:00-04:00,18.556378573827413,18.556378573827413,18.50396728515625,18.50396728515625,900,0.0,0.0
2015-03-20 00:00:00-04:00,18.416612526772973,18.416612526772973,18.329261779785156,18.329261779785156,700,0.0,0.0
2015-03-23 00:00:00-04:00,18.198236402290938,18.358380382801606,18.198236402290938,18.35110092163086,1100,0.0,0.0
2015-03-24 00:00:00-04:00,18.25647143382086,18.535996922619393,18.125443904334524,18.42389488220215,3900,0.0,0.0
2015-03-25 00:00:00-04:00,18.73066456838085,18.760162353515625,18.73066456838085,18.760162353515625,500,0.326,0.0
2015-03-26 00:00:00-04:00,18.184965133666992,18.184965133666992,18.184965133666992,18.184965133666992,400,0.0,0.0
2015-03-27 00:00:00-04:00,18.366374969482422,18.366374969482422,18.366374969482422,18.366374969482422,400,0.0,0.0
2015-03-30 00:00:00-04:00,18.642173767089844,18.642173767089844,18.642173767089844,18.642173767089844,900,0.0,0.0
2015-03-31 00:00:00-04:00,18.133345424923185,18.184965133666992,18.133345424923185,18.184965133666992,5600,0.0,0.0
2015-04-01 00:00:00-04:00,18.243961066390646,18.243961066390646,18.08172747930074,18.148096084594727,1400,0.0,0.0
2015-04-02 00:00:00-04:00,18.494686126708984,18.494686126708984,18.494686126708984,18.494686126708984,500,0.0,0.0
2015-04-06 00:00:00-04:00,18.627422332763672,18.627422332763672,18.627422332763672,18.627422332763672,200,0.0,0.0
2015-04-07 00:00:00-04:00,18.627422332763672,18.627422332763672,18.627422332763672,18.627422332763672,0,0.0,0.0
2015-04-08 00:00:00-04:00,18.627422332763672,18.627422332763672,18.627422332763672,18.627422332763672,0,0.0,0.0
2015-04-09 00:00:00-04:00,18.627422332763672,18.627422332763672,18.627422332763672,18.627422332763672,0,0.0,0.0
2015-04-10 00:00:00-04:00,18.723289489746094,18.723289489746094,18.723289489746094,18.723289489746094,300,0.0,0.0
2015-04-13 00:00:00-04:00,18.723289489746094,18.723289489746094,18.723289489746094,18.723289489746094,0,0.0,0.0
2015-04-14 00:00:00-04:00,19.468091963066353,19.490215301513672,19.468091963066353,19.490215301513672,600,0.0,0.0
2015-04-15 00:00:00-04:00,19.490215301513672,19.490215301513672,19.490215301513672,19.490215301513672,0,0.0,0.0
2015-04-16 00:00:00-04:00,20.148000383918756,20.220267984865977,20.102279663085938,20.102279663085938,1700,0.0,0.0
2015-04-17 00:00:00-04:00,19.493901821322336,19.493901821322336,19.445970031150818,19.490215301513672,900,0.0,0.0
2015-04-20 00:00:00-04:00,18.819155107507886,18.819155107507886,18.69379234313965,18.69379234313965,900,0.0,0.0
2015-04-21 00:00:00-04:00,18.69379234313965,18.69379234313965,18.69379234313965,18.69379234313965,0,0.0,0.0
2015-04-22 00:00:00-04:00,18.192340850830078,18.192340850830078,18.192340850830078,18.192340850830078,2500,0.0,0.0
2015-04-23 00:00:00-04:00,18.192340850830078,18.192340850830078,18.192340850830078,18.192340850830078,0,0.0,0.0
2015-04-24 00:00:00-04:00,18.184967173022407,18.266084671020508,18.184967173022407,18.266084671020508,900,0.0,0.0
2015-04-27 00:00:00-04:00,18.356786727905273,18.356786727905273,18.356786727905273,18.356786727905273,200,0.0,0.0
2015-04-28 00:00:00-04:00,18.356786727905273,18.356786727905273,18.356786727905273,18.356786727905273,0,0.0,0.0
2015-04-29 00:00:00-04:00,18.184965133666992,18.184965133666992,18.184965133666992,18.184965133666992,200,0.0,0.0
2015-04-30 00:00:00-04:00,17.912121328331242,17.912121328331242,17.845752716064453,17.845752716064453,1500,0.0,0.0
2015-05-01 00:00:00-04:00,17.888521902886378,17.888521902886378,17.749885688651926,17.808879852294922,2000,0.0,0.0
2015-05-04 00:00:00-04:00,17.90474789873619,18.01536178995277,17.90474789873619,17.99323844909668,1300,0.0,0.0
2015-05-05 00:00:00-04:00,18.052228927612305,18.052228927612305,18.052228927612305,18.052228927612305,700,0.0,0.0
2015-05-06 00:00:00-04:00,18.354573931117994,18.354573931117994,18.280832290649414,18.280832290649414,400,0.0,0.0
2015-05-07 00:00:00-04:00,18.155471805832764,18.155471805832764,18.111225128173828,18.111225128173828,900,0.0,0.0
2015-05-08 00:00:00-04:00,18.111225128173828,18.111225128173828,18.111225128173828,18.111225128173828,0,0.0,0.0
2015-05-11 00:00:00-04:00,18.111225128173828,18.111225128173828,18.111225128173828,18.111225128173828,0,0.0,0.0
2015-05-12 00:00:00-04:00,18.111225128173828,18.111225128173828,18.111225128173828,18.111225128173828,0,0.0,0.0
2015-05-13 00:00:00-04:00,18.39882265756731,18.39882265756731,18.295581817626953,18.295581817626953,1700,0.0,0.0
2015-05-14 00:00:00-04:00,18.457820260458384,18.50206553923214,18.443071365356445,18.443071365356445,600,0.0,0.0
2015-05-15 00:00:00-04:00,18.443071365356445,18.443071365356445,18.443071365356445,18.443071365356445,0,0.0,0.0
2015-05-18 00:00:00-04:00,18.443071365356445,18.443071365356445,18.443071365356445,18.443071365356445,0,0.0,0.0
2015-05-19 00:00:00-04:00,18.1923427603739,18.1923427603739,18.17021942138672,18.17021942138672,400,0.0,0.0
2015-05-20 00:00:00-04:00,18.125972747802734,18.125972747802734,18.125972747802734,18.125972747802734,700,0.0,0.0
2015-05-21 00:00:00-04:00,18.030109405517578,18.030109405517578,18.030109405517578,18.030109405517578,300,0.0,0.0
2015-05-22 00:00:00-04:00,18.280835090433907,18.391448974609375,18.280835090433907,18.391448974609375,300,0.0,0.0
2015-05-26 00:00:00-04:00,18.391448974609375,18.391448974609375,18.391448974609375,18.391448974609375,0,0.0,0.0
2015-05-27 00:00:00-04:00,17.73513539595233,17.764633178710938,17.73513539595233,17.764633178710938,500,0.0,0.0
2015-05-28 00:00:00-04:00,17.945302963256836,17.945302963256836,17.945302963256836,17.945302963256836,600,0.0,0.0
2015-05-29 00:00:00-04:00,17.91949208578869,17.948989868164062,17.91949208578869,17.948989868164062,1000,0.0,0.0
2015-06-01 00:00:00-04:00,17.66876983642578,17.66876983642578,17.66876983642578,17.66876983642578,500,0.0,0.0
2015-06-02 00:00:00-04:00,17.66876983642578,17.66876983642578,17.66876983642578,17.66876983642578,0,0.0,0.0
2015-06-03 00:00:00-04:00,17.66876983642578,17.66876983642578,17.66876983642578,17.66876983642578,0,0.0,0.0
2015-06-04 00:00:00-04:00,18.258709958882218,18.258709958882218,18.103849411010742,18.103849411010742,400,0.0,0.0
2015-06-05 00:00:00-04:00,17.757259368896484,17.757259368896484,17.757259368896484,17.757259368896484,300,0.0,0.0
2015-06-08 00:00:00-04:00,17.88262176513672,17.88262176513672,17.88262176513672,17.88262176513672,100,0.0,0.0
2015-06-09 00:00:00-04:00,17.95636558532715,17.95636558532715,17.95636558532715,17.95636558532715,500,0.0,0.0
2015-06-10 00:00:00-04:00,18.27345670985685,18.288204193115234,18.27345670985685,18.288204193115234,300,0.0,0.0
2015-06-11 00:00:00-04:00,18.479938507080078,18.479938507080078,18.479938507080078,18.479938507080078,300,0.0,0.0
2015-06-12 00:00:00-04:00,18.479938507080078,18.479938507080078,18.479938507080078,18.479938507080078,0,0.0,0.0
2015-06-15 00:00:00-04:00,18.229215232332688,18.354578018188477,18.229215232332688,18.354578018188477,700,0.0,0.0
2015-06-16 00:00:00-04:00,18.354578018188477,18.354578018188477,18.354578018188477,18.354578018188477,0,0.0,0.0
2015-06-17 00:00:00-04:00,18.08246576820922,18.266085682816705,18.08246576820922,18.155471801757812,1100,0.0,0.0
2015-06-18 00:00:00-04:00,18.155471801757812,18.155471801757812,18.155471801757812,18.155471801757812,0,0.0,0.0
2015-06-19 00:00:00-04:00,18.155471801757812,18.155471801757812,18.155471801757812,18.155471801757812,0,0.0,0.0
2015-06-22 00:00:00-04:00,18.79703254356066,18.798507995380294,18.701167558173957,18.723289489746094,21800,0.0,0.0
2015-06-23 00:00:00-04:00,18.598665390389385,18.605301407334306,18.56105613708496,18.56105613708496,900,0.0,0.0
2015-06-24 00:00:00-04:00,18.56105613708496,18.56105613708496,18.56105613708496,18.56105613708496,0,0.0,0.0
2015-06-25 00:00:00-04:00,18.29558004672428,18.398820876671543,18.29558004672428,18.376697540283203,1700,0.0,0.0
2015-06-26 00:00:00-04:00,18.140721138476692,18.192340850830078,18.140721138476692,18.192340850830078,500,0.0,0.0
2015-06-29 00:00:00-04:00,18.12597504290247,18.12597504290247,17.97848892211914,17.97848892211914,1400,0.0,0.0
2015-06-30 00:00:00-04:00,17.84575310052538,17.84575310052538,17.72039031982422,17.72039031982422,400,0.0,0.0
2015-07-01 00:00:00-04:00,18.111225634302063,18.111225634302063,18.066980361938477,18.066980361938477,1200,0.0,0.0
2015-07-02 00:00:00-04:00,17.919492721557617,17.919492721557617,17.919492721557617,17.919492721557617,600,0.0,0.0
2015-07-06 00:00:00-04:00,17.31480062235015,17.31480062235015,17.163628012649607,17.21156120300293,2700,0.0,0.0
2015-07-07 00:00:00-04:00,17.24696192110155,17.292682647705078,17.24696192110155,17.292682647705078,1215700,0.0,0.0
2015-07-08 00:00:00-04:00,17.25580646878148,17.373794778481773,17.21156120427677,17.233684539794922,299500,0.0,0.0
2015-07-09 00:00:00-04:00,17.963738759362208,17.971113204956055,17.84943696245509,17.971113204956055,306700,0.0,0.0
2015-07-10 00:00:00-04:00,18.62078493931483,18.878147872155626,18.509434052021852,18.800718307495117,125000,0.0,0.0
2015-07-13 00:00:00-04:00,18.64217616526036,18.907649229277762,18.64217616526036,18.87815284729004,320300,0.0,0.0
2015-07-14 00:00:00-04:00,18.797031803517584,18.996137619018555,18.782282912028986,18.996137619018555,169300,0.0,0.0
2015-07-15 00:00:00-04:00,18.089101154834356,18.089101154834356,17.963738395342677,18.052228927612305,5800,0.0,0.0
2015-07-16 00:00:00-04:00,17.867872874145338,17.91211954894899,17.794129822670964,17.860498428344727,21800,0.0,0.0
2015-07-17 00:00:00-04:00,17.823628106885565,17.838376998901367,17.77200839136202,17.838376998901367,7200,0.0,0.0
2015-07-20 00:00:00-04:00,17.764635213529562,17.88262354501536,17.764635213529562,17.82362937927246,2500,0.0,0.0
2015-07-21 00:00:00-04:00,17.93424211869492,17.93424211869492,17.83395218399108,17.853124618530273,1700,0.0,0.0
2015-07-22 00:00:00-04:00,17.639272181525065,17.70564079284668,17.572903570203447,17.70564079284668,2900,0.0,0.0
2015-07-23 00:00:00-04:00,17.92686689973974,17.92686689973974,17.794129689386462,17.801504135131836,1700,0.0,0.0
2015-07-24 00:00:00-04:00,17.80887808056267,17.912118911565766,17.80887808056267,17.889995574951172,3800,0.0,0.0
2015-07-27 00:00:00-04:00,17.893682229476077,17.956364313757906,17.823627106132086,17.948989868164062,4600,0.0,0.0
2015-07-28 00:00:00-04:00,17.808877831531866,17.948989481735023,17.794128940661714,17.90105628967285,1800,0.0,0.0
2015-07-29 00:00:00-04:00,17.88999675693003,18.074353687970287,17.88999675693003,18.044118881225586,2400,0.0,0.0
2015-07-30 00:00:00-04:00,17.639270052953833,17.912118911743164,17.609772270800754,17.912118911743164,3700,0.0,0.0
2015-07-31 00:00:00-04:00,18.12597503629469,18.15547282305336,18.022735595703125,18.022735595703125,254000,0.0,0.0
2015-08-03 00:00:00-04:00,17.89737345178416,17.99323844909668,17.8826245578801,17.99323844909668,341000,0.0,0.0
2015-08-04 00:00:00-04:00,17.985861699464103,17.985861699464103,17.831002552893466,17.838376998901367,80600,0.0,0.0
2015-08-05 00:00:00-04:00,18.2513362839532,18.41356987790357,18.066979351792057,18.199716567993164,189000,0.0,0.0
2015-08-06 00:00:00-04:00,18.089102162389434,18.089102162389434,17.882621898040025,17.94161605834961,70500,0.0,0.0
2015-08-07 00:00:00-04:00,17.838376496866292,17.88262176513672,17.838376496866292,17.88262176513672,11400,0.0,0.0
2015-08-10 00:00:00-04:00,17.941618726964403,18.01167386321079,17.81625594184376,17.99323844909668,4200,0.0,0.0
2015-08-11 00:00:00-04:00,17.794130322853963,17.838376998901367,17.74251060733042,17.838376998901367,2900,0.0,0.0
2015-08-12 00:00:00-04:00,17.64664777381891,17.65402222072592,17.49178720183549,17.631898880004883,19300,0.0,0.0
2015-08-13 00:00:00-04:00,17.6540219630734,17.860500847328584,17.6540219630734,17.794132232666016,7000,0.0,0.0
2015-08-14 00:00:00-04:00,17.67171984347147,17.683517832784066,17.543407567239857,17.602401733398438,5600,0.0,0.0
2015-08-17 00:00:00-04:00,17.513908517540283,17.63927128740079,17.513908517540283,17.57290267944336,4700,0.0,0.0
2015-08-18 00:00:00-04:00,17.66877085954261,17.66877085954261,17.52128613138605,17.580280303955078,4300,0.0,0.0
2015-08-19 00:00:00-04:00,17.366420882347256,17.447538375280082,17.25580701432263,17.4254150390625,7100,0.0,0.0
2015-08-20 00:00:00-04:00,17.123069715310244,17.123069715310244,16.775742199765887,16.84284782409668,3100,0.0,0.0
2015-08-21 00:00:00-04:00,16.842848188712825,16.842848188712825,16.685776577978782,16.717485427856445,4300,0.0,0.0
2015-08-24 00:00:00-04:00,16.842851010476597,16.842851010476597,16.289043139534865,16.547880172729492,5300,0.0,0.0
2015-08-25 00:00:00-04:00,16.570002250437764,16.606874484558933,16.260282516479492,16.260282516479492,16100,0.0,0.0
2015-08-26 00:00:00-04:00,16.518381246543427,16.61424764128251,16.444638190559168,16.599498748779297,9500,0.0,0.0
2015-08-27 00:00:00-04:00,16.592858041408963,16.78385236389126,16.584746574097025,16.68429946899414,13700,0.0,0.0
2015-08-28 00:00:00-04:00,16.599495987924193,16.76910400390625,16.584747097874036,16.76910400390625,9000,0.0,0.0
2015-08-31 00:00:00-04:00,16.393020507471313,16.43726719047134,16.297155507368547,16.334026336669922,7300,0.0,0.0
2015-09-01 00:00:00-04:00,16.57368965448382,16.57737617451373,16.326650616523757,16.348773956298828,17200,0.0,0.0
2015-09-02 00:00:00-04:00,17.425416439575834,17.631896707940214,17.425416439575834,17.53603172302246,5800,0.0,0.0
2015-09-03 00:00:00-04:00,17.757256687770976,17.8309997296422,17.713011425260856,17.727760314941406,17000,0.0,0.0
2015-09-04 00:00:00-04:00,17.211562873077824,17.373796463012695,17.211562873077824,17.373796463012695,3000,0.0,0.0
2015-09-08 00:00:00-04:00,17.336925506591797,17.336925506591797,17.182064957205522,17.336925506591797,6500,0.0,0.0
2015-09-09 00:00:00-04:00,17.624521995305546,17.624521995305546,17.322176746597506,17.41804313659668,3400,0.0,0.0
2015-09-10 00:00:00-04:00,17.241057632757983,17.528655369273743,17.241057632757983,17.513906478881836,4100,0.0,0.0
2015-09-11 00:00:00-04:00,17.513908646447764,17.779383080231458,17.462288930219106,17.654020309448242,9600,0.0,0.0
2015-09-14 00:00:00-04:00,17.384860870828494,17.384860870828494,17.174694061279297,17.174694061279297,7100,0.0,0.0
2015-09-15 00:00:00-04:00,17.211564888503688,17.373798497435658,17.174694061279297,17.174694061279297,9700,0.0,0.0
2015-09-16 00:00:00-04:00,17.49178336714204,17.49178336714204,17.351673126220703,17.351673126220703,5600,0.0,0.0
2015-09-17 00:00:00-04:00,17.609773028285996,17.919492721557617,17.609773028285996,17.919492721557617,3100,0.0,0.0
2015-09-18 00:00:00-04:00,17.4696641307692,17.4696641307692,17.3516758009992,17.38117218017578,3000,0.0,0.0
2015-09-21 00:00:00-04:00,17.454914598872517,17.454914598872517,17.32955182726507,17.388545989990234,6600,0.0,0.0
2015-09-22 00:00:00-04:00,16.91658866158822,16.91658866158822,16.687985104726664,16.702733993530273,4400,0.0,0.0
2015-09-23 00:00:00-04:00,16.864971731209774,16.938713374293723,16.813350611906653,16.90774154663086,4600,0.0,0.0
2015-09-24 00:00:00-04:00,16.25290503324552,16.422513044242624,16.149664212460365,16.311899185180664,4000,0.0,0.0
2015-09-25 00:00:00-04:00,16.63342058875067,16.702738697813146,16.51100730895996,16.51100730895996,5200,0.0,0.0
2015-09-28 00:00:00-04:00,16.208660358867583,16.208660358867583,16.03905232700025,16.06855010986328,4700,0.0,0.0
2015-09-29 00:00:00-04:00,16.039053226274234,16.208661267651117,15.965310171513744,16.134918212890625,21000,0.0,0.0
2015-09-30 00:00:00-04:00,16.407764436800974,16.429887771606445,16.260278351160927,16.429887771606445,9200,0.0,0.0
2015-10-01 00:00:00-04:00,16.34877113825358,16.34877113825358,16.07592228751962,16.216033935546875,7000,0.0,0.0
2015-10-02 00:00:00-04:00,16.407767098999017,16.407767098999017,16.223410165302397,16.330337524414062,6600,0.0,0.0
2015-10-05 00:00:00-04:00,16.578853873344357,16.85022735595703,16.578853873344357,16.85022735595703,14200,0.0,0.0
2015-10-06 00:00:00-04:00,16.85022240586801,16.997707094767943,16.776479358152223,16.90184211730957,8000,0.0,0.0
2015-10-07 00:00:00-04:00,16.724858958696156,16.739607848938913,16.555250940499196,16.584747314453125,13400,0.0,0.0
2015-10-08 00:00:00-04:00,16.84285024482633,17.086201350721808,16.835475798401394,17.078826904296875,4100,0.0,0.0
2015-10-09 00:00:00-04:00,17.44385158255235,17.572900858804008,17.351673126220703,17.351673126220703,3500,0.0,0.0
2015-10-12 00:00:00-04:00,17.66139704410156,17.845754001110837,17.646648149973146,17.679832458496094,4500,0.0,0.0
2015-10-13 00:00:00-04:00,17.794129791545664,17.794129791545664,17.55815315246582,17.55815315246582,1300,0.0,0.0
2015-10-14 00:00:00-04:00,17.277932356626145,17.469663739844922,17.148144634170713,17.20418930053711,5500,0.0,0.0
2015-10-15 00:00:00-04:00,18.273457845296228,18.280832290649414,18.153994081025253,18.280832290649414,4700,0.0,0.0
2015-10-16 00:00:00-04:00,18.612674482507746,18.870774451926284,18.612674482507746,18.79703140258789,9800,0.0,0.0
2015-10-19 00:00:00-04:00,18.5168123887515,18.67904599735444,18.502063495278897,18.664297103881836,61000,0.0,0.0
2015-10-20 00:00:00-04:00,18.413571667291574,18.488790180598706,18.361951946315255,18.465192794799805,86000,0.0,0.0
2015-10-21 00:00:00-04:00,18.428319674455626,18.428319674455626,18.243962733246747,18.310331344604492,62200,0.0,0.0
2015-10-22 00:00:00-04:00,18.45044200863378,18.68641865548083,18.369324508830694,18.57211685180664,51200,0.0,0.0
2015-10-23 00:00:00-04:00,18.4983755686448,18.68642044409074,18.4983755686448,18.664297103881836,42700,0.0,0.0
2015-10-26 00:00:00-04:00,18.3914484676545,18.45781707763672,18.384074021375163,18.45781707763672,103000,0.0,0.0
2015-10-27 00:00:00-04:00,18.18497097618881,18.310333769071377,18.133351250860464,18.24396514892578,231000,0.0,0.0
2015-10-28 00:00:00-04:00,18.34720229836635,18.686419803956262,18.328766885423082,18.369325637817383,107500,0.0,0.0
2015-10-29 00:00:00-04:00,18.41357052874862,18.597927467426032,18.380386223525413,18.51681137084961,60700,0.0,0.0
2015-10-30 00:00:00-04:00,18.48731244877892,18.634798553264957,18.413569396535898,18.568429946899414,15700,0.0,0.0
2015-11-02 00:00:00-05:00,18.66429556984403,18.66429556984403,18.479938636184677,18.56105613708496,13800,0.0,0.0
2015-11-03 00:00:00-05:00,18.516810233127917,18.590551878842543,18.41430782653031,18.546306610107422,9100,0.0,0.0
2015-11-04 00:00:00-05:00,18.45044263340504,18.45044263340504,18.2955820745854,18.435693740844727,7500,0.0,0.0
2015-11-05 00:00:00-05:00,18.450441625923276,18.568429946899414,18.435692734168324,18.568429946899414,17500,0.0,0.0
2015-11-06 00:00:00-05:00,18.435692602652182,18.509435654369135,18.317704282517745,18.48731231689453,4700,0.0,0.0
2015-11-09 00:00:00-05:00,18.538931257431503,18.538931257431503,18.325077963562208,18.4135684967041,15000,0.0,0.0
2015-11-10 00:00:00-05:00,18.007983437261604,18.28820532800194,18.007983437261604,18.23658561706543,8400,0.0,0.0
2015-11-11 00:00:00-05:00,18.231423360877542,18.332451713443426,18.207088957472987,18.237323760986328,3200,0.0,0.0
2015-11-12 00:00:00-05:00,17.948993049685768,18.00798721836176,17.84575360613577,17.93424415588379,6900,0.0,0.0
2015-11-13 00:00:00-05:00,17.635584646686567,17.78675727343462,17.609773382407464,17.665081024169922,6900,0.0,0.0
2015-11-16 00:00:00-05:00,17.831002183585603,17.94161605834961,17.764633577420856,17.94161605834961,33000,0.0,0.0
2015-11-17 00:00:00-05:00,18.063293713686186,18.23658828193451,17.993237175865183,18.007986068725586,9000,0.0,0.0
2015-11-18 00:00:00-05:00,18.25133612536131,18.418731689453125,18.140722248332136,18.418731689453125,6600,0.0,0.0
2015-11-19 00:00:00-05:00,18.49837237408994,18.49837237408994,18.361948649357643,18.376697540283203,8300,0.0,0.0
2015-11-20 00:00:00-05:00,18.553681558442364,18.59424030860283,18.479938504198948,18.524185180664062,9900,0.0,0.0
2015-11-23 00:00:00-05:00,18.465188339601948,18.57948872089109,18.406192779541016,18.406192779541016,7300,0.0,0.0
2015-11-24 00:00:00-05:00,18.155471801757812,18.177593734050507,18.089103191816115,18.155471801757812,9800,0.0,0.0
2015-11-25 00:00:00-05:00,18.251337053743484,18.336141077330595,18.221839268218318,18.22921371459961,5200,0.0,0.0
2015-11-27 00:00:00-05:00,18.553681950606705,18.679044723510742,18.516811125971554,18.679044723510742,3000,0.0,0.0
2015-11-30 00:00:00-05:00,18.676093369087443,18.723288132449717,18.620048708512453,18.65913200378418,3000,0.0,0.0
2015-12-01 00:00:00-05:00,19.003510805218944,19.003510805218944,18.767534183168603,18.936405181884766,5200,0.0,0.0
2015-12-02 00:00:00-05:00,18.87077789153919,18.92239761352539,18.85602899767687,18.92239761352539,4900,0.0,0.0
2015-12-03 00:00:00-05:00,19.187871169128996,19.187871169128996,19.0035142241678,19.13625144958496,16500,0.0,0.0
2015-12-04 00:00:00-05:00,18.89289832490475,19.033008575439453,18.88552387910844,19.033008575439453,5700,0.0,0.0
2015-12-07 00:00:00-05:00,18.988765206985082,19.01088854658741,18.84865353590074,18.903961181640625,11700,0.0,0.0
2015-12-08 00:00:00-05:00,18.502060592183188,18.679043066489008,18.49468614660399,18.645858764648438,4000,0.0,0.0
2015-12-09 00:00:00-05:00,18.863401280436705,18.878150172606908,18.693793240074676,18.82653045654297,10200,0.0,0.0
2015-12-10 00:00:00-05:00,18.59792733941271,18.59792733941271,18.41357040200426,18.435693740844727,5400,0.0,0.0
2015-12-11 00:00:00-05:00,18.198240614581156,18.314016460976443,18.170218282899242,18.221837997436523,4600,0.0,0.0
2015-12-14 00:00:00-05:00,18.184966559189583,18.51680957931525,18.184966559189583,18.38038444519043,9800,0.0,0.0
2015-12-15 00:00:00-05:00,18.575805668782753,18.76016260878825,18.516811504242266,18.531558990478516,17500,0.0,0.0
2015-12-16 00:00:00-05:00,18.767536031439658,18.856026570157482,18.53155797961803,18.708541870117188,6700,0.0,0.0
2015-12-17 00:00:00-05:00,18.47256430276889,18.590552628508267,18.339828491210938,18.339828491210938,13200,0.0,0.0
2015-12-18 00:00:00-05:00,18.199717966499612,18.561057412517762,18.199717966499612,18.3951358795166,33100,0.0,0.0
2015-12-21 00:00:00-05:00,18.531559494256825,18.56843172717939,18.465192288059946,18.509437561035156,9500,0.0,0.0
2015-12-22 00:00:00-05:00,18.92239672559041,18.92239672559041,18.69379450757931,18.78965950012207,10500,0.0,0.0
2015-12-23 00:00:00-05:00,18.87004010709705,19.23211657565032,18.87004010709705,19.150999069213867,9800,0.0,0.0
2015-12-24 00:00:00-05:00,19.23211365585425,19.291107813433825,19.121499786208997,19.283733367919922,3700,0.0,0.0
2015-12-28 00:00:00-05:00,19.30585797587544,19.4017229608062,19.202618544945118,19.313232421875,5400,0.0,0.0
2015-12-29 00:00:00-05:00,19.384024200071106,19.541834247066184,19.364851766065243,19.438594818115234,3200,0.0,0.0
2015-12-30 00:00:00-05:00,19.364848350269902,19.556579689167403,19.364848350269902,19.442277908325195,4500,0.0,0.0
2015-12-31 00:00:00-05:00,19.40172218728693,19.40172218728693,19.224739709948807,19.261611938476562,9200,0.0,0.0
2016-01-04 00:00:00-05:00,18.649551677187407,18.649551677187407,18.310334122503118,18.443071365356445,5900,0.0,0.0
2016-01-05 00:00:00-05:00,18.310330709980118,18.3177051561567,18.140722667514098,18.295581817626953,4300,0.0,0.0
2016-01-06 00:00:00-05:00,18.10385118781949,18.14072342023235,17.993237303644605,18.066980361938477,12400,0.0,0.0
2016-01-07 00:00:00-05:00,17.779382706757662,17.845751313809448,17.661394384561547,17.757259368896484,4800,0.0,0.0
2016-01-08 00:00:00-05:00,17.90474520595318,17.90474520595318,17.654019673419743,17.661394119262695,7100,0.0,0.0
2016-01-11 00:00:00-05:00,17.539720275451014,17.646647645024398,17.4549162464372,17.595027923583984,3600,0.0,0.0
2016-01-12 00:00:00-05:00,17.661394505654528,17.72038866715707,17.499159506623716,17.64295768737793,12400,0.0,0.0
2016-01-13 00:00:00-05:00,17.74988261375353,17.74988261375353,17.40329213820895,17.409191131591797,6100,0.0,0.0
2016-01-14 00:00:00-05:00,17.307429372856593,17.351676052059425,17.034581883765096,17.21893882751465,53900,0.0,0.0
2016-01-15 00:00:00-05:00,16.592124684691154,16.67324218879539,16.45201301574707,16.45201301574707,8300,0.0,0.0
2016-01-19 00:00:00-05:00,16.791230265283094,16.982961649754486,16.724861655022544,16.831789016723633,18200,0.0,0.0
2016-01-20 00:00:00-05:00,16.481511828005875,16.481511828005875,16.179166538553183,16.319276809692383,25900,0.0,0.0
2016-01-21 00:00:00-05:00,16.201287837528774,16.452013395518744,16.12533371004492,16.348773956298828,18300,0.0,0.0
2016-01-22 00:00:00-05:00,16.724861014790527,16.732235460818494,16.577374907294704,16.64374351501465,6600,0.0,0.0
2016-01-25 00:00:00-05:00,16.90184466419566,16.953464383415632,16.842850498439713,16.872346878051758,18400,0.0,0.0
2016-01-26 00:00:00-05:00,17.086200975390508,17.33692652220325,17.086200975390508,17.182065963745117,14000,0.0,0.0
2016-01-27 00:00:00-05:00,17.152567545361524,17.314801124257215,17.100947834191604,17.145193099975586,18300,0.0,0.0
2016-01-28 00:00:00-05:00,16.03905347181114,16.142292906137218,15.89156736003234,15.9505615234375,15000,0.0,0.0
2016-01-29 00:00:00-05:00,16.171788670155184,16.216033935546875,16.046425912769035,16.216033935546875,9900,0.0,0.0
2016-02-01 00:00:00-05:00,16.54050509487515,16.54050509487515,16.348773706021966,16.51100730895996,8200,0.0,0.0
2016-02-02 00:00:00-05:00,16.297151655745054,16.297151655745054,15.980057535179238,16.053800582885742,18300,0.0,0.0
2016-02-03 00:00:00-05:00,16.322963587310344,16.437265396118164,16.179165399587752,16.437265396118164,9100,0.0,0.0
2016-02-04 00:00:00-05:00,16.2086597629354,16.35614585876465,16.2086597629354,16.35614585876465,9000,0.0,0.0
2016-02-05 00:00:00-05:00,16.07592628127259,16.07592628127259,15.839949598517554,15.884196281433105,12000,0.0,0.0
2016-02-08 00:00:00-05:00,15.463858712001553,15.463858712001553,15.19101124449526,15.220507621765137,14200,0.0,0.0
2016-02-09 00:00:00-05:00,15.544974327087402,15.574472107314302,15.44910935441313,15.544974327087402,14500,0.0,0.0
2016-02-10 00:00:00-05:00,15.832571983098733,15.854695320129395,15.72195811100882,15.854695320129395,3100,0.0,0.0
2016-02-11 00:00:00-05:00,15.611343925839446,15.913689159869914,15.611343925839446,15.847320556640625,2800,0.0,0.0
2016-02-12 00:00:00-05:00,15.633469454362858,15.633469454362858,15.478608889604613,15.574475288391113,4600,0.0,0.0
2016-02-16 00:00:00-05:00,15.780951319565107,15.832571029663086,15.65337608944775,15.832571029663086,4300,0.0,0.0
2016-02-17 00:00:00-05:00,15.913689067235975,16.09067153930664,15.869443800851222,16.09067153930664,22100,0.0,0.0
2016-02-18 00:00:00-05:00,16.08698642284832,16.26765543015315,16.061176564661917,16.134918212890625,29000,0.0,0.0
2016-02-19 00:00:00-05:00,16.064862953839718,16.28977863609116,15.987433379910074,16.075923919677734,6100,0.0,0.0
2016-02-22 00:00:00-05:00,16.03167991365835,16.275031027001763,16.01693102035708,16.105422973632812,10400,0.0,0.0
2016-02-23 00:00:00-05:00,16.26028200373042,16.35172345362913,16.164417011102195,16.348773956298828,10500,0.0,0.0
2016-02-24 00:00:00-05:00,15.829625076158198,16.06117820739746,15.829625076158198,16.06117820739746,2400,0.0,0.0
2016-02-25 00:00:00-05:00,16.363523223321064,16.547880172729492,16.267656821970817,16.547880172729492,5700,0.0,0.0
2016-02-26 00:00:00-05:00,16.496261361272726,16.496261361272726,16.223412442233816,16.334026336669922,7500,0.0,0.0
2016-02-29 00:00:00-05:00,16.2529087148613,16.51100730895996,16.2529087148613,16.51100730895996,4500,0.0,0.0
2016-03-01 00:00:00-05:00,16.304526057349047,16.577373504638672,16.304526057349047,16.577373504638672,7400,0.0,0.0
2016-03-02 00:00:00-05:00,16.066336004604455,16.363519244777162,16.066336004604455,16.142290115356445,7200,0.0,0.0
2016-03-03 00:00:00-05:00,16.016929757655372,16.075923919677734,15.891566987541376,16.075923919677734,6800,0.0,0.0
2016-03-04 00:00:00-05:00,16.38564137817378,16.525753021240234,16.2455311416389,16.525753021240234,3000,0.0,0.0
2016-03-07 00:00:00-05:00,16.193913017123286,16.45201301574707,16.18653997723366,16.45201301574707,7600,0.0,0.0
2016-03-08 00:00:00-05:00,16.282404322411608,16.40776709354491,16.134918212890625,16.134918212890625,23300,0.0,0.0
2016-03-09 00:00:00-05:00,16.45938491821289,16.46675936349456,16.227094814700962,16.45938491821289,7100,0.0,0.0
2016-03-10 00:00:00-05:00,16.40776682448113,16.40776682448113,16.039052963256836,16.039052963256836,7000,0.0,0.0
2016-03-11 00:00:00-05:00,16.367209369512118,16.606873960880492,16.348773956298828,16.348773956298828,3800,0.0,0.0
2016-03-14 00:00:00-04:00,16.67323875009177,16.76172927583526,16.626781013096704,16.628992080688477,3400,0.0,0.0
2016-03-15 00:00:00-04:00,16.614247137434543,16.73960990684646,16.614247137434543,16.64374351501465,6500,0.0,0.0
2016-03-16 00:00:00-04:00,16.481507126606147,16.6437406921101,16.448322828374483,16.55525016784668,7000,0.0,0.0
2016-03-17 00:00:00-04:00,16.474138019772713,16.481512466939385,16.334026336669922,16.334026336669922,3100,0.0,0.0
2016-03-18 00:00:00-04:00,16.488885247854373,16.710113014370855,16.44463856932561,16.45201301574707,7700,0.0,0.0
2016-03-21 00:00:00-04:00,16.761729777771464,16.82809837733229,16.584747314453125,16.584747314453125,8800,0.0,0.0
2016-03-22 00:00:00-04:00,16.658494678247145,16.864974975585938,16.614249402578814,16.864974975585938,3700,0.0,0.0
2016-03-23 00:00:00-04:00,16.798600364222267,16.86496895730705,16.658488733650902,16.702733993530273,6400,0.0,0.0
2016-03-24 00:00:00-04:00,16.496260451940238,16.599499893518747,16.393019603829824,16.547880172729492,14400,0.0,0.0
2016-03-28 00:00:00-04:00,16.577372629297816,16.577372629297816,16.44463543209815,16.52132797241211,15200,0.0,0.0
2016-03-29 00:00:00-04:00,16.710110620589123,16.93133835541396,16.69536172985903,16.84284782409668,9800,0.0,0.0
2016-03-30 00:00:00-04:00,17.369163633447812,17.421570362487042,17.174509048461914,17.174509048461914,4500,0.343,0.0
2016-03-31 00:00:00-04:00,17.219430089529187,17.219430089529187,17.10712974410579,17.204456329345703,6900,0.0,0.0
2016-04-01 00:00:00-04:00,17.09215803488751,17.09215803488751,16.919964056044215,17.009803771972656,5200,0.0,0.0
2016-04-04 00:00:00-04:00,17.099644560938145,17.204458036671216,16.994831085205078,16.994831085205078,4400,0.0,0.0
2016-04-05 00:00:00-04:00,16.725307044169384,16.777713775634766,16.672900312704005,16.777713775634766,3300,0.0,0.0
2016-04-06 00:00:00-04:00,16.85258260186485,17.159537565214833,16.830121960164927,17.0696964263916,7100,0.0,0.0
2016-04-07 00:00:00-04:00,17.054724672149412,17.054724672149412,16.777715793686596,16.822635650634766,6600,0.0,0.0
2016-04-08 00:00:00-04:00,17.20445781055174,17.40659930650291,17.20445781055174,17.256864547729492,4900,0.0,0.0
2016-04-11 00:00:00-04:00,17.35419367380632,17.450023754163087,17.3392199113807,17.414087295532227,11300,0.0,0.0
2016-04-12 00:00:00-04:00,17.298038459659644,17.541357040405273,17.298038459659644,17.541357040405273,2400,0.0,0.0
2016-04-13 00:00:00-04:00,17.55633091845543,17.69109046362523,17.511409642089262,17.58627700805664,4000,0.0,0.0
2016-04-14 00:00:00-04:00,17.765960284090134,17.84831454082972,17.616226959444855,17.698579788208008,5700,0.0,0.0
2016-04-15 00:00:00-04:00,17.496440835383886,17.522644204553878,17.42906033523919,17.444032669067383,5500,0.0,0.0
2016-04-18 00:00:00-04:00,17.532372749916515,17.631197275508992,17.466490208846952,17.533870697021484,10700,0.0,0.0
2016-04-19 00:00:00-04:00,18.185215532770435,18.185215532770435,18.117835042399737,18.1777286529541,2200,0.0,0.0
2016-04-20 00:00:00-04:00,17.874516999454496,17.923181005778535,17.773446260770573,17.810880661010742,5500,0.0,0.0
2016-04-21 00:00:00-04:00,17.57130474249177,17.601252262614178,17.518898010253906,17.518898010253906,7000,0.0,0.0
2016-04-22 00:00:00-04:00,16.246154892822904,16.253640343264642,16.036526581053042,16.171287536621094,5100,0.0,0.0
2016-04-25 00:00:00-04:00,15.999097229747214,16.08893693509554,15.901769216314097,15.95417594909668,8400,0.0,0.0
2016-04-26 00:00:00-04:00,15.909255981445314,16.044016966470245,15.909255981445314,15.909255981445312,7000,0.0,0.0
2016-04-27 00:00:00-04:00,15.819416695755846,15.999098982085352,15.804444361875492,15.821662902832031,3200,0.0,0.0
2016-04-28 00:00:00-04:00,15.6397348231629,15.987866909888025,15.6397348231629,15.984124183654785,3700,0.0,0.0
2016-04-29 00:00:00-04:00,15.99011253855787,15.99011253855787,15.69962787097409,15.759521484375,8100,0.0,0.0
2016-05-02 00:00:00-04:00,15.70262353132865,15.796955649734088,15.692140756862795,15.729575157165527,4300,0.0,0.0
2016-05-03 00:00:00-04:00,15.504972874962643,15.617274646704352,15.452566143070564,15.512459754943848,14800,0.0,0.0
2016-05-04 00:00:00-04:00,15.347753417863723,15.445080006350311,15.242939949035645,15.242939949035645,14600,0.0,0.0
2016-05-05 00:00:00-04:00,15.153097270860046,15.198017120361328,15.138123511700863,15.198017120361328,8900,0.0,0.0
2016-05-06 00:00:00-04:00,15.287858337320886,15.347751946333869,15.153097360047603,15.246681213378906,3900,0.0,0.0
2016-05-09 00:00:00-04:00,15.931716746402254,15.931716746402254,15.834388732910156,15.834388732910156,5300,0.0,0.0
2016-05-10 00:00:00-04:00,15.714602591215023,15.714602591215023,15.587328476466746,15.699628829956055,12600,0.0,0.0
2016-05-11 00:00:00-04:00,15.450320539448208,15.684655750876761,15.437594413757324,15.437594413757324,9400,0.0,0.0
2016-05-12 00:00:00-04:00,15.50497083878677,15.50497083878677,15.272883301753518,15.347750663757324,7400,0.0,0.0
2016-05-13 00:00:00-04:00,15.31630911559824,15.415133649655676,15.272885781549856,15.287111282348633,3000,0.0,0.0
2016-05-16 00:00:00-04:00,15.441334623988183,15.441334623988183,15.27288341522217,15.272883415222168,11700,0.0,0.0
2016-05-17 00:00:00-04:00,15.48251271145861,15.489999590979679,15.332777976989746,15.332777976989746,23800,0.0,0.0
2016-05-18 00:00:00-04:00,15.385183630771147,15.430104904759123,15.242937213737692,15.347750663757324,9700,0.0,0.0
2016-05-19 00:00:00-04:00,15.190532717699428,15.220478810109372,15.078230944227125,15.1268949508667,4100,0.0,0.0
2016-05-20 00:00:00-04:00,15.377699016684478,15.437592623952014,15.362725257873533,15.362725257873535,3400,0.0,0.0
2016-05-23 00:00:00-04:00,15.557383457743503,15.587329554355788,15.4600554308063,15.508719444274902,8700,0.0,0.0
2016-05-24 00:00:00-04:00,15.71460201138207,15.886795975577211,15.71460201138207,15.830646514892578,10100,0.0,0.0
2016-05-25 00:00:00-04:00,15.789469422543457,15.84187615715786,15.6621953122043,15.767008781433105,3600,0.0,0.0
2016-05-26 00:00:00-04:00,15.864333688289626,15.864333688289626,15.811926963948823,15.856846809387207,10600,0.0,0.0
2016-05-27 00:00:00-04:00,15.632249738698572,15.63973662000165,15.527436256408691,15.527436256408691,4100,0.0,0.0
2016-05-31 00:00:00-04:00,16.036531793841323,16.036531793841323,15.935461044311523,15.935461044311523,1900,0.0,0.0
2016-06-01 00:00:00-04:00,15.834388858120231,15.856849498636715,15.744549152007059,15.759521484375,4800,0.0,0.0
2016-06-02 00:00:00-04:00,15.569359722900483,15.759521914944422,15.569359722900483,15.647221565246582,4100,0.0,0.0
2016-06-03 00:00:00-04:00,15.774494704418315,15.961662418382417,15.774494704418315,15.82690143585205,2500,0.0,0.0
2016-06-06 00:00:00-04:00,16.006582350998467,16.029042990859438,15.901768887599955,15.995352745056152,6100,0.0,0.0
2016-06-07 00:00:00-04:00,16.201235770393307,16.216209529214208,16.088935435189022,16.141342163085938,12800,0.0,0.0
2016-06-08 00:00:00-04:00,15.961663542326042,16.171291910798338,15.849363191635197,15.984124183654785,5500,0.0,0.0
2016-06-09 00:00:00-04:00,15.689146939155586,15.789469422543457,15.63224779072383,15.767008781433105,3000,0.0,0.0
2016-06-10 00:00:00-04:00,15.123152315932707,15.362726768561313,15.010850541783718,15.115665435791016,14300,0.0,0.0
2016-06-13 00:00:00-04:00,15.089463800687158,15.198020005256755,15.02582602616901,15.078232765197754,4200,0.0,0.0
2016-06-14 00:00:00-04:00,14.838656416686478,15.123152146987035,14.838656416686478,14.958443641662598,28300,0.0,0.0
2016-06-15 00:00:00-04:00,14.876091280486065,15.100691977320311,14.876091280486065,14.947962760925293,24100,0.0,0.0
2016-06-16 00:00:00-04:00,14.629027495549206,14.883574242990305,14.614053737471446,14.793734550476074,6000,0.0,0.0
2016-06-17 00:00:00-04:00,14.973415792560541,15.025822519358309,14.879831943857036,14.980902671813965,7200,0.0,0.0
2016-06-20 00:00:00-04:00,15.377701454945214,15.452567404918067,15.332780171389746,15.41513442993164,13100,0.0,0.0
2016-06-21 00:00:00-04:00,15.332779637310352,15.512460481344096,15.32529275697856,15.42262077331543,18400,0.0,0.0
2016-06-22 00:00:00-04:00,15.28411634891742,15.460053030644906,15.272885314951925,15.392672538757324,6100,0.0,0.0
2016-06-23 00:00:00-04:00,15.737061701287498,15.94668862660246,15.737061701287498,15.890539169311523,4300,0.0,0.0
2016-06-24 00:00:00-04:00,14.786249243625278,15.490000240370433,14.4792943102742,14.954700469970703,14500,0.0,0.0
2016-06-27 00:00:00-04:00,14.262179272374187,14.262179272374187,13.835437111830354,13.97768497467041,22600,0.0,0.0
2016-06-28 00:00:00-04:00,14.569133935217353,14.70389491558032,14.494267993216871,14.666461944580078,19500,0.0,0.0
2016-06-29 00:00:00-04:00,14.718870995129326,14.868605758683799,14.711384114153947,14.733844757080078,140900,0.0,0.0
2016-06-30 00:00:00-04:00,15.108180412379621,15.355241775512695,15.108180412379621,15.355241775512695,81500,0.0,0.0
2016-07-01 00:00:00-04:00,15.527433573280886,15.647220797477786,15.510213606461745,15.564867973327637,120900,0.0,0.0
2016-07-05 00:00:00-04:00,15.220479159295628,15.220479159295628,15.108178811223313,15.166574478149414,6100,0.0,0.0
2016-07-06 00:00:00-04:00,14.86112058339983,15.1156688538724,14.808713838533718,15.048288345336914,33900,0.0,0.0
2016-07-07 00:00:00-04:00,15.055772371978076,15.055772371978076,14.928498260878195,14.988391876220703,10000,0.0,0.0
2016-07-08 00:00:00-04:00,15.194275024733322,15.194275024733322,15.078230528401177,15.119407653808594,6800,0.0,0.0
2016-07-11 00:00:00-04:00,15.452566201163735,15.564867973327637,15.452566201163735,15.564867973327637,8500,0.0,0.0
2016-07-12 00:00:00-04:00,15.677170163825515,15.707116259413334,15.564869806412279,15.632248878479004,13300,0.0,0.0
2016-07-13 00:00:00-04:00,15.728076678370615,15.728076678370615,15.617274284362793,15.617274284362793,6200,0.0,0.0
2016-07-14 00:00:00-04:00,15.287858246771844,15.37021249416802,15.175557909034682,15.25791072845459,8500,0.0,0.0
2016-07-15 00:00:00-04:00,15.190532814340765,15.202510680190398,15.048284947553546,15.055771827697754,4400,0.0,0.0
2016-07-18 00:00:00-04:00,15.115665430747113,15.235452657021444,15.115665430747113,15.175559043884277,15200,0.0,0.0
2016-07-19 00:00:00-04:00,15.003364685878982,15.014594291801142,14.928497314453123,14.928497314453125,11400,0.0,0.0
2016-07-20 00:00:00-04:00,15.130637676926803,15.257911782615894,15.115665344710015,15.1268949508667,12700,0.0,0.0
2016-07-21 00:00:00-04:00,15.063257245737885,15.085716456014149,15.025822848650382,15.059513092041016,11500,0.0,0.0
2016-07-22 00:00:00-04:00,14.980903445747423,14.980903445747423,14.891062318041216,14.943469047546387,10500,0.0,0.0
2016-07-25 00:00:00-04:00,15.085718783891528,15.105933218640445,15.018338286712774,15.067002296447754,18800,0.0,0.0
2016-07-26 00:00:00-04:00,15.031064683401238,15.040797770194017,14.965930398207727,15.033310890197754,17400,0.0,0.0
2016-07-27 00:00:00-04:00,14.988391686894893,15.070744514465332,14.906037431348043,15.070744514465332,11800,0.0,0.0
2016-07-28 00:00:00-04:00,15.000369946904483,15.055772577134151,14.973418319424852,15.022082328796387,5000,0.0,0.0
2016-07-29 00:00:00-04:00,15.138126373291016,15.190534540254976,15.138126373291016,15.138126373291016,7100,0.0,0.0
2016-08-01 00:00:00-04:00,15.055772606086594,15.235453454908047,15.018338203430176,15.018338203430176,10200,0.0,0.0
2016-08-02 00:00:00-04:00,15.257911030271822,15.257911030271822,15.123151479107307,15.160584449768066,14900,0.0,0.0
2016-08-03 00:00:00-04:00,15.055772153054741,15.123152647832347,15.040798392442738,15.074488639831543,13400,0.0,0.0
2016-08-04 00:00:00-04:00,15.190530601584694,15.325290140621336,15.190530601584694,15.272883415222168,5300,0.0,0.0
2016-08-05 00:00:00-04:00,15.295343938747507,15.41513114676313,15.295343938747507,15.347750663757324,5900,0.0,0.0
2016-08-08 00:00:00-04:00,15.377697671389685,15.377697671389685,15.34400743100052,15.351492881774902,4800,0.0,0.0
2016-08-09 00:00:00-04:00,15.52743516136438,15.783481343156664,15.52743516136438,15.662196159362793,6500,0.0,0.0
2016-08-10 00:00:00-04:00,15.632247804493158,15.714602060660571,15.602301710962731,15.647221565246582,6300,0.0,0.0
2016-08-11 00:00:00-04:00,15.733319779374243,15.87182493522234,15.733319779374243,15.789470672607422,2400,0.0,0.0
2016-08-12 00:00:00-04:00,15.759521133616724,15.759521133616724,15.677168309508634,15.68465518951416,5500,0.0,0.0
2016-08-15 00:00:00-04:00,15.759521745913952,15.886795855000123,15.759521745913952,15.845620155334473,12500,0.0,0.0
2016-08-16 00:00:00-04:00,15.814924537145131,15.814924537145131,15.632247797582243,15.707115173339844,5000,0.0,0.0
2016-08-17 00:00:00-04:00,15.434598428004577,15.557381550192073,15.407646801560508,15.448823928833008,4000,0.0,0.0
2016-08-18 00:00:00-04:00,15.684654354611942,15.722087324670648,15.60230010691126,15.66968059539795,8700,0.0,0.0
2016-08-19 00:00:00-04:00,15.51994745479532,15.647221565246582,15.497488241641603,15.647221565246582,5100,0.0,0.0
2016-08-22 00:00:00-04:00,14.995880787413716,15.025826885152126,14.93748368346005,14.973420143127441,7600,0.0,0.0
2016-08-23 00:00:00-04:00,14.980902791561928,15.10817688393509,14.980902791561928,15.025822639465332,4200,0.0,0.0
2016-08-24 00:00:00-04:00,14.995879182227872,15.040799038015498,14.935985565185547,14.935985565185547,5900,0.0,0.0
2016-08-25 00:00:00-04:00,14.889567474719415,14.913524635478689,14.793737403705883,14.853631019592285,18600,0.0,0.0
2016-08-26 00:00:00-04:00,14.688922819850344,14.81619692246185,14.688922819850344,14.69640827178955,3500,0.0,0.0
2016-08-29 00:00:00-04:00,14.876092087555778,14.876092087555778,14.801224708557127,14.801224708557129,4300,0.0,0.0
2016-08-30 00:00:00-04:00,14.599081277363005,14.636514247909316,14.561648306816695,14.569133758544922,8400,0.0,0.0
2016-08-31 00:00:00-04:00,14.550417482839697,14.621542127068897,14.486781146399164,14.542930603027344,4700,0.0,0.0
2016-09-01 00:00:00-04:00,14.52421587259872,14.584109490358813,14.449348493404486,14.561650276184082,5500,0.0,0.0
2016-09-02 00:00:00-04:00,14.561648905463976,14.630525916815117,14.51672762539008,14.55416202545166,5800,0.0,0.0
2016-09-06 00:00:00-04:00,14.703894495290738,14.861116110545684,14.703894495290738,14.838655471801758,25600,0.0,0.0
2016-09-07 00:00:00-04:00,14.786249367790292,14.838656099098653,14.763788728096854,14.819939613342285,4100,0.0,0.0
2016-09-08 00:00:00-04:00,14.808710039280031,14.808710039280031,14.711382028375816,14.756301879882812,2600,0.0,0.0
2016-09-09 00:00:00-04:00,14.65148818960832,14.65148818960832,14.5092403294052,14.546674728393555,5500,0.0,0.0
2016-09-12 00:00:00-04:00,14.38196907141534,14.538442462554128,14.374483618114468,14.486783981323242,14900,0.0,0.0
2016-09-13 00:00:00-04:00,14.379721787175557,14.419400965854827,14.28389172268543,14.325817108154297,14700,0.0,0.0
2016-09-14 00:00:00-04:00,14.599082107947941,14.75630230675872,14.576621467556526,14.644001960754395,11500,0.0,0.0
2016-09-15 00:00:00-04:00,14.66646256277475,14.786249788596155,14.66646256277475,14.767533302307129,22700,0.0,0.0
2016-09-16 00:00:00-04:00,14.554161608191224,14.634269651252358,14.539187848595883,14.546674728393555,7600,0.0,0.0
2016-09-19 00:00:00-04:00,14.62154370944846,14.62154370944846,14.569135545090244,14.58410930633545,9100,0.0,0.0
2016-09-20 00:00:00-04:00,14.651488840884868,14.681436361406753,14.546675375011015,14.644001960754395,8900,0.0,0.0
2016-09-21 00:00:00-04:00,14.419403477802659,14.561651366121287,14.366996736837004,14.486783981323242,8600,0.0,0.0
2016-09-22 00:00:00-04:00,14.823682761174204,14.861117161728625,14.756302268152618,14.767533302307129,17600,0.0,0.0
2016-09-23 00:00:00-04:00,14.658976434322932,14.681437075807283,14.62903034032024,14.6739501953125,5900,0.0,0.0
2016-09-26 00:00:00-04:00,14.419402752301744,14.464322609729829,14.37448289487366,14.400686264038086,7600,0.0,0.0
2016-09-27 00:00:00-04:00,14.217259904215481,14.359507771892936,14.149879410472288,14.333304405212402,14100,0.0,0.0
2016-09-28 00:00:00-04:00,14.337048920643575,14.464323043823244,14.299615942992846,14.464323043823242,4800,0.0,0.0
2016-09-29 00:00:00-04:00,14.389454448720098,14.404428209709984,14.194799839780938,14.202286720275879,11500,0.0,0.0
2016-09-30 00:00:00-04:00,14.329559323012676,14.486780940889119,14.329559323012676,14.449346542358398,79000,0.0,0.0
2016-10-03 00:00:00-04:00,14.516727331045134,14.516727331045134,14.434374508532173,14.471807479858398,17600,0.0,0.0
2016-10-04 00:00:00-04:00,14.47180873751876,14.486782498541062,14.411915121406002,14.434375762939453,9100,0.0,0.0
2016-10-05 00:00:00-04:00,14.3407909550763,14.396940413251354,14.322073041041598,14.374481201171875,10100,0.0,0.0
2016-10-06 00:00:00-04:00,14.239721327140998,14.271165368885223,14.202286924128972,14.235977172851562,4500,0.0,0.0
2016-10-07 00:00:00-04:00,14.32207244646408,14.344533085587464,14.194798347384154,14.329559326171875,8600,0.0,0.0
2016-10-10 00:00:00-04:00,14.213517514227595,14.292127616128155,14.213517514227595,14.232234001159668,3800,0.0,0.0
2016-10-11 00:00:00-04:00,13.809234178845337,13.820463785113812,13.700676558328803,13.745597839355469,16900,0.0,0.0
2016-10-12 00:00:00-04:00,13.476076968851,13.476076968851,13.386235827415666,13.431157112121582,12600,0.0,0.0
2016-10-13 00:00:00-04:00,13.416181886863768,13.506023018497542,13.416181886863768,13.494791984558105,16900,0.0,0.0
2016-10-14 00:00:00-04:00,13.446127777822046,13.446127777822046,13.296394464638453,13.341314315795898,11000,0.0,0.0
2016-10-17 00:00:00-04:00,13.281421005128074,13.326340857300845,13.229014272930447,13.303881645202637,33600,0.0,0.0
2016-10-18 00:00:00-04:00,14.32207456842672,14.32207456842672,14.060040879712382,14.127421379089355,27100,0.0,0.0
2016-10-19 00:00:00-04:00,13.666985721742087,13.670729875654253,13.573401865606428,13.640782356262207,17000,0.0,0.0
2016-10-20 00:00:00-04:00,13.041847524761355,13.10922802201255,13.034360644180504,13.064308166503906,20800,0.0,0.0
2016-10-21 00:00:00-04:00,12.922060041657458,12.94452068296588,12.892112519912894,12.918315887451172,13000,0.0,0.0
2016-10-24 00:00:00-04:00,12.824730963769893,12.884624574331305,12.772324233025696,12.813501358032227,23000,0.0,0.0
2016-10-25 00:00:00-04:00,12.71243116495221,12.749865565635757,12.652537551834909,12.686227798461914,46100,0.0,0.0
2016-10-26 00:00:00-04:00,12.579915530165664,12.660023571409116,12.570183871828187,12.615103721618652,34200,0.0,0.0
2016-10-27 00:00:00-04:00,12.383018024225303,12.46537085654274,12.32312297821045,12.32312297821045,17200,0.0,0.0
2016-10-28 00:00:00-04:00,12.42044967400252,12.45788264578897,12.390502154192285,12.427936553955078,12300,0.0,0.0
2016-10-31 00:00:00-04:00,12.285689900698104,12.315637423457556,12.195850188372713,12.21830940246582,14300,0.0,0.0
2016-11-01 00:00:00-04:00,12.248254592420446,12.248254592420446,12.113493621622478,12.15092658996582,45700,0.0,0.0
2016-11-02 00:00:00-04:00,12.233282930562442,12.255743572203716,12.1434417919738,12.188363075256348,20400,0.0,0.0
2016-11-03 00:00:00-04:00,12.577671088455073,12.592644849811863,12.338096618652344,12.338096618652344,54800,0.0,0.0
2016-11-04 00:00:00-04:00,12.016167936063558,12.108255283586876,12.016167936063558,12.038628578186035,11100,0.0,0.0
2016-11-07 00:00:00-05:00,12.22953760878798,12.31563601287178,12.173388152009874,12.21456527709961,22800,0.0,0.0
2016-11-08 00:00:00-05:00,12.165901510256848,12.330608585862686,12.128468538338904,12.18461799621582,47000,0.0,0.0
2016-11-09 00:00:00-05:00,12.061089081447964,12.22055549754979,11.986221703211482,12.173389434814453,34300,0.0,0.0
2016-11-10 00:00:00-05:00,12.031141464687991,12.065579972894918,11.911354231638848,12.008682250976562,52500,0.0,0.0
2016-11-11 00:00:00-05:00,11.963761284135053,11.978735045656482,11.836487881144139,11.881407737731934,32700,0.0,0.0
2016-11-14 00:00:00-05:00,11.566965667408905,11.626859284388004,11.551992620158247,11.58568286895752,29100,0.0,0.0
2016-11-15 00:00:00-05:00,11.653062009619454,11.791566437484393,11.653062009619454,11.724185943603516,52700,0.0,0.0
2016-11-16 00:00:00-05:00,11.75413215414459,11.821512644607207,11.694238543508524,11.709212303161621,46600,0.0,0.0
2016-11-17 00:00:00-05:00,11.686751479316264,11.791565653269952,11.671778433887535,11.696484565734863,103000,0.0,0.0
2016-11-18 00:00:00-05:00,11.776593152024013,11.791566913040633,11.739160177458906,11.754133224487305,38100,0.0,0.0
2016-11-21 00:00:00-05:00,11.769107740080845,11.866435050964355,11.769107740080845,11.866435050964355,60700,0.0,0.0
2016-11-22 00:00:00-05:00,11.739159646638488,11.739159646638488,11.671779153086947,11.701725959777832,96200,0.0,0.0
2016-11-23 00:00:00-05:00,11.499584819467607,11.606645209896959,11.499584819467607,11.540761947631836,92900,0.0,0.0
2016-11-25 00:00:00-05:00,11.814026980435154,11.873920597234228,11.7990539332295,11.825257301330566,28400,0.0,0.0
2016-11-28 00:00:00-05:00,11.656805392747406,11.746645812820066,11.604398659535404,11.701725959777832,74600,0.0,0.0
2016-11-29 00:00:00-05:00,11.66803571300206,11.739159646638488,11.64931922656583,11.701725959777832,99000,0.0,0.0
2016-11-30 00:00:00-05:00,11.484612542188215,11.499585589985964,11.349851542067187,11.387285232543945,53200,0.0,0.0
2016-12-01 00:00:00-05:00,11.342363936813372,11.372310744484626,11.18514301804224,11.241293907165527,51800,0.0,0.0
2016-12-02 00:00:00-05:00,11.327390676898988,11.334877557173023,11.230063375301128,11.267497062683105,71400,0.0,0.0
2016-12-05 00:00:00-05:00,11.25252314854209,11.372310375338804,11.230063222014754,11.316160202026367,116800,0.0,0.0
2016-12-06 00:00:00-05:00,11.551993089964443,11.641833519086795,11.488356030087575,11.615630149841309,78100,0.0,0.0
2016-12-07 00:00:00-05:00,11.477123264793876,11.671777843437217,11.477123264793876,11.656804084777832,74100,0.0,0.0
2016-12-08 00:00:00-05:00,11.544505130778834,11.634345551510053,11.424717903137207,11.424717903137207,58600,0.0,0.0
2016-12-09 00:00:00-05:00,11.447177136679707,11.619371801479055,11.432204091125241,11.600654602050781,40100,0.0,0.0
2016-12-12 00:00:00-05:00,11.619373301863524,11.769107346683777,11.619373301863524,11.739160537719727,95800,0.0,0.0
2016-12-13 00:00:00-05:00,11.967503758710462,12.016167051751374,11.903866705356538,11.941300392150879,91800,0.0,0.0
2016-12-14 00:00:00-05:00,11.8724235042262,11.95627499712884,11.690496444702148,11.690496444702148,63600,0.0,0.0
2016-12-15 00:00:00-05:00,11.754133909381236,11.829001290850293,11.731673980535826,11.757877349853516,89600,0.0,0.0
2016-12-16 00:00:00-05:00,11.746647028436678,11.821514409905735,11.731673980535826,11.757877349853516,56800,0.0,0.0
2016-12-19 00:00:00-05:00,11.664292272917177,11.754132692989835,11.619372419874942,11.701725959777832,136200,0.0,0.0
2016-12-20 00:00:00-05:00,11.629105871973987,11.686753283856314,11.581939807706627,11.626859664916992,86600,0.0,0.0
2016-12-21 00:00:00-05:00,11.664291740736566,11.664291740736566,11.604398130087425,11.64931869506836,75200,0.0,0.0
2016-12-22 00:00:00-05:00,11.948788667232316,11.989965084923737,11.829001426696777,11.829001426696777,38500,0.0,0.0
2016-12-23 00:00:00-05:00,11.971247347536515,12.05360160230499,11.918840613766175,11.952530860900879,36400,0.0,0.0
2016-12-27 00:00:00-05:00,11.993708721917566,12.113495957284472,11.993708721917566,12.038628578186035,62700,0.0,0.0
2016-12-28 00:00:00-05:00,12.064830453359379,12.091033818604059,11.978733477844528,12.046113967895508,59100,0.0,0.0
2016-12-29 00:00:00-05:00,12.150928489907564,12.218308985842288,12.135954729038419,12.210822105407715,49600,0.0,0.0
2016-12-30 00:00:00-05:00,12.001194532650011,12.16590160960081,11.956273966398225,12.053601264953613,59500,0.0,0.0
2017-01-03 00:00:00-05:00,12.08354842487618,12.128469709085527,12.068576091449549,12.098522186279297,104000,0.0,0.0
2017-01-04 00:00:00-05:00,12.210820171889601,12.330607383922239,12.195847841367675,12.274457931518555,21700,0.0,0.0
2017-01-05 00:00:00-05:00,12.368044334525798,12.457884048116668,12.349327846525743,12.431680679321289,52400,0.0,0.0
2017-01-06 00:00:00-05:00,12.420449376000933,12.420449376000933,12.34558200624797,12.405475616455078,31700,0.0,0.0
2017-01-09 00:00:00-05:00,12.165902243433088,12.270715713500977,12.135954721712874,12.270715713500977,89900,0.0,0.0
2017-01-10 00:00:00-05:00,12.240767713156536,12.240767713156536,12.128467380150298,12.15092658996582,12000,0.0,0.0
2017-01-11 00:00:00-05:00,12.21082271419367,12.323123070358275,12.180876618938811,12.311893463134766,14100,0.0,0.0
2017-01-12 00:00:00-05:00,12.996928001829174,13.034360977714833,12.989441121056743,13.023131370544434,32800,0.0,0.0
2017-01-13 00:00:00-05:00,13.101740710264103,13.214041059328228,13.0643077365682,13.176608085632324,29200,0.0,0.0
2017-01-17 00:00:00-05:00,13.097248126571515,13.116714300783888,12.966979551989796,13.079279899597168,117900,0.0,0.0
2017-01-18 00:00:00-05:00,12.959493092216187,13.086767204427586,12.959493092216187,13.026873588562012,9200,0.0,0.0
2017-01-19 00:00:00-05:00,12.734892532459012,12.854679765532849,12.719918771330669,12.832219123840332,21400,0.0,0.0
2017-01-20 00:00:00-05:00,12.966980084538703,13.09425419784786,12.963237358254515,13.071793556213379,21500,0.0,0.0
2017-01-23 00:00:00-05:00,12.884626440621954,12.952006940760398,12.86965410679515,12.937034606933594,42900,0.0,0.0
2017-01-24 00:00:00-05:00,12.892111536829873,12.996926426966791,12.877139205075732,12.981952667236328,15900,0.0,0.0
2017-01-25 00:00:00-05:00,13.049332500345944,13.13168674673642,13.049332500345944,13.124199867248535,18900,0.0,0.0
2017-01-26 00:00:00-05:00,12.15093014417046,12.263230510025087,12.113497164877794,12.240771293640137,18400,0.0,0.0
2017-01-27 00:00:00-05:00,11.971247347536515,12.008681748784184,11.911353733516641,11.952530860900879,5100,0.0,0.0
2017-01-30 00:00:00-05:00,11.903867332314336,11.933814140529423,11.842476482571643,11.922584533691406,16700,0.0,0.0
2017-01-31 00:00:00-05:00,12.033387065693493,12.10600823271993,12.033387065693493,12.083547592163086,10400,0.0,0.0
2017-02-01 00:00:00-05:00,12.023654513126809,12.106008770852974,12.001195299548,12.076061248779297,8600,0.0,0.0
2017-02-02 00:00:00-05:00,12.0236534190759,12.106007669308521,12.008681087377866,12.034884452819824,11400,0.0,0.0
2017-02-03 00:00:00-05:00,12.102266036526768,12.180876139953174,12.053602027177657,12.135954856872559,14700,0.0,0.0
2017-02-06 00:00:00-05:00,11.91883897895797,11.948785781860352,11.851458493930583,11.948785781860352,6400,0.0,0.0
2017-02-07 00:00:00-05:00,11.948786909612982,12.016166687011719,11.948786909612982,12.016166687011719,8400,0.0,0.0
2017-02-08 00:00:00-05:00,12.233281969757154,12.270714941576161,12.203334449920876,12.248255729675293,17100,0.0,0.0
2017-02-09 00:00:00-05:00,12.248256500187248,12.315636996081299,12.225795858897087,12.270715713500977,97000,0.0,0.0
2017-02-10 00:00:00-05:00,12.195848492292344,12.25948482734153,12.195848492292344,12.251997947692871,112900,0.0,0.0
2017-02-13 00:00:00-05:00,12.25574326729291,12.285689360759793,12.22579574584961,12.22579574584961,8200,0.0,0.0
2017-02-14 00:00:00-05:00,12.203335641086095,12.293176781387967,12.174886065655208,12.21830940246582,111700,0.0,0.0
2017-02-15 00:00:00-05:00,12.09103446161783,12.233282329065489,12.09103446161783,12.20333480834961,25800,0.0,0.0
2017-02-16 00:00:00-05:00,12.235528017974751,12.30814918186261,12.235528017974751,12.291677474975586,9400,0.0,0.0
2017-02-17 00:00:00-05:00,12.240769619757193,12.27820259393103,12.203335217606925,12.270715713500977,7800,0.0,0.0
2017-02-21 00:00:00-05:00,12.203333914668324,12.315635681152344,12.203333914668324,12.315635681152344,6100,0.0,0.0
2017-02-22 00:00:00-05:00,12.300661416336252,12.405474870905493,12.300661416336252,12.379271507263184,27400,0.0,0.0
2017-02-23 00:00:00-05:00,12.442910524886747,12.442910524886747,12.38301691222685,12.4017333984375,22200,0.0,0.0
2017-02-24 00:00:00-05:00,12.381518878332413,12.39798915760625,12.323121785311464,12.353069305419922,7400,0.0,0.0
2017-02-27 00:00:00-05:00,12.330609201331018,12.38151941653784,12.308149988249763,12.345582962036133,6300,0.0,0.0
2017-02-28 00:00:00-05:00,12.570184521675655,12.67499798593076,12.570184521675655,12.65253734588623,11200,0.0,0.0
2017-03-01 00:00:00-05:00,12.674998608551695,12.72740534325357,12.652537967403854,12.69371509552002,7300,0.0,0.0
2017-03-02 00:00:00-05:00,12.701201467567266,12.749865474118385,12.689971861430994,12.697457313537598,9300,0.0,0.0
2017-03-03 00:00:00-05:00,12.81724613473733,12.854679107666016,12.787298614013272,12.854679107666016,5500,0.0,0.0
2017-03-06 00:00:00-05:00,12.697458238275777,12.72740576078869,12.660773522780985,12.701202392578125,18900,0.0,0.0
2017-03-07 00:00:00-05:00,12.630078344426686,12.637563796589998,12.60761770400762,12.626334190368652,3000,0.0,0.0
2017-03-08 00:00:00-05:00,12.577670279814471,12.615104680799723,12.555211067199707,12.555211067199707,8900,0.0,0.0
2017-03-09 00:00:00-05:00,12.794786332346046,12.809760093688965,12.742379595622308,12.809760093688965,40200,0.0,0.0
2017-03-10 00:00:00-05:00,12.757353771406143,12.869654129173316,12.757353771406143,12.81724739074707,19000,0.0,0.0
2017-03-13 00:00:00-04:00,12.937032695000982,13.065055055153305,12.937032695000982,13.056819915771484,10000,0.0,0.0
2017-03-14 00:00:00-04:00,13.011899707359643,13.049334109414973,13.011899707359643,13.041847229003906,4600,0.0,0.0
2017-03-15 00:00:00-04:00,12.952006487625797,13.169121742248535,12.952006487625797,13.169121742248535,17900,0.0,0.0
2017-03-16 00:00:00-04:00,13.139174744607356,13.221529006958008,13.124202410706214,13.221529006958008,5200,0.0,0.0
2017-03-17 00:00:00-04:00,13.19158226326154,13.243988999282845,13.18409538269043,13.18409538269043,10300,0.0,0.0
2017-03-20 00:00:00-04:00,13.243988032980157,13.303881645202637,13.243988032980157,13.303881645202637,6600,0.0,0.0
2017-03-21 00:00:00-04:00,13.251475162310145,13.251475162310145,13.154147148132324,13.154147148132324,11900,0.0,0.0
2017-03-22 00:00:00-04:00,13.071791947494448,13.124200104858474,13.056819616223862,13.094252586364746,6500,0.0,0.0
2017-03-23 00:00:00-04:00,13.18035073470129,13.273934596369962,13.18035073470129,13.23350715637207,9600,0.0,0.0
2017-03-24 00:00:00-04:00,13.180351349219892,13.22152847875017,13.139174219689616,13.169121742248535,16900,0.0,0.0
2017-03-27 00:00:00-04:00,13.176607360830316,13.363775074967176,13.176607360830316,13.326340675354004,8100,0.0,0.0
2017-03-28 00:00:00-04:00,13.131687402870739,13.131687402870739,13.064306912089314,13.101739883422852,4200,0.0,0.0
2017-03-29 00:00:00-04:00,13.001610744052426,13.107809252339287,13.001610744052426,13.100223541259766,12500,0.228,0.0
2017-03-30 00:00:00-04:00,13.107809697273552,13.160908229806145,13.085052563262513,13.111601829528809,6100,0.0,0.0
2017-03-31 00:00:00-04:00,13.308826236732795,13.308826236732795,13.274691258480784,13.278483390808105,3300,0.0,0.0
2017-04-03 00:00:00-04:00,13.138151168823242,13.191249701650984,13.024368391788583,13.138151168823242,6400,0.0,0.0
2017-04-04 00:00:00-04:00,12.895413186167582,12.910584607742585,12.834728946693968,12.865070343017578,8400,0.0,0.0
2017-04-05 00:00:00-04:00,12.861277133807262,12.872654975622336,12.781629347449199,12.849899291992188,5900,0.0,0.0
2017-04-06 00:00:00-04:00,12.844590515400359,12.884035343399528,12.754321569807571,12.865070343017578,25700,0.0,0.0
2017-04-07 00:00:00-04:00,12.901480990377344,12.953063244259376,12.872655868530273,12.872655868530273,5900,0.0,0.0
2017-04-10 00:00:00-04:00,13.15332203430354,13.19504272170815,13.01678212891625,13.160907745361328,9100,0.0,0.0
2017-04-11 00:00:00-04:00,13.236763969926054,13.236763969926054,13.130565457444066,13.138151168823242,5100,0.0,0.0
2017-04-12 00:00:00-04:00,13.289863400047132,13.327790512677245,13.221593439851643,13.297449111938477,16200,0.0,0.0
2017-04-13 00:00:00-04:00,13.274690155663064,13.274690155663064,13.206420204830685,13.225383758544922,1600,0.0,0.0
2017-04-17 00:00:00-04:00,13.464329214676056,13.464329214676056,13.085052335389406,13.327789306640625,21700,0.0,0.0
2017-04-18 00:00:00-04:00,13.289862762689559,13.365718431138491,13.289862762689559,13.355098724365234,8600,0.0,0.0
2017-04-19 00:00:00-04:00,13.403644226563687,13.411229937346798,13.358131408691406,13.358131408691406,3000,0.0,0.0
2017-04-20 00:00:00-04:00,13.532598464531734,13.532598464531734,13.346752166748047,13.346752166748047,6600,0.0,0.0
2017-04-21 00:00:00-04:00,13.145736372909992,13.16849350616933,12.994025044833963,13.00161075592041,5700,0.0,0.0
2017-04-24 00:00:00-04:00,13.456745194040074,13.47950233051378,13.312619556693251,13.396060943603516,15100,0.0,0.0
2017-04-25 00:00:00-04:00,14.906338474408615,15.087633056904991,14.412520707787802,14.518717765808105,23700,0.0,0.0
2017-04-26 00:00:00-04:00,14.655258550267341,14.685601395430929,14.586988595475757,14.640087127685547,36400,0.0,0.0
2017-04-27 00:00:00-04:00,14.753869319321332,14.753869319321332,14.586986587546338,14.674220085144043,344000,0.0,0.0
2017-04-28 00:00:00-04:00,14.784211377598998,14.784211377598998,14.715941429138184,14.715941429138184,165300,0.0,0.0
2017-05-01 00:00:00-04:00,14.678016761228113,14.806970968983176,14.678016761228113,14.791799545288086,41900,0.0,0.0
2017-05-02 00:00:00-04:00,15.026950715588347,15.080049251307047,14.96930046342902,15.011780738830566,116700,0.0,0.0
2017-05-03 00:00:00-04:00,15.15590462598881,15.15590462598881,15.07246469155985,15.102806091308594,7800,0.0,0.0
2017-05-04 00:00:00-04:00,15.269685005486842,15.330369242266904,15.254515031411573,15.300027847290039,4400,0.0,0.0
2017-05-05 00:00:00-04:00,15.262100496360121,15.330368995666504,15.262100496360121,15.330368995666504,6200,0.0,0.0
2017-05-08 00:00:00-04:00,15.14073183796087,15.17866039276123,15.117976151907081,15.17866039276123,4500,0.0,0.0
2017-05-09 00:00:00-04:00,15.277272112497545,15.33037064368077,15.277272112497545,15.311407089233398,4600,0.0,0.0
2017-05-10 00:00:00-04:00,15.307614211757308,15.307614211757308,15.15590288991213,15.193831443786621,36200,0.0,0.0
2017-05-11 00:00:00-04:00,15.155901306628024,15.155901306628024,15.072461390473608,15.091424942016602,8000,0.0,0.0
2017-05-12 00:00:00-04:00,15.315199598909988,15.444153785705566,15.315199598909988,15.444153785705566,2600,0.0,0.0
2017-05-15 00:00:00-04:00,15.353127665129438,15.375884798396173,15.315200556511332,15.345541954040527,6500,0.0,0.0
2017-05-16 00:00:00-04:00,15.383469334768213,15.422914161322586,15.375883624258563,15.413810729980469,4400,0.0,0.0
2017-05-17 00:00:00-04:00,15.353127741336072,15.353127741336072,15.201417859284168,15.224173545837402,4900,0.0,0.0
2017-05-18 00:00:00-04:00,15.155904026573,15.262102538559844,15.155904026573,15.186246871948242,5600,0.0,0.0
2017-05-19 00:00:00-04:00,15.406226949806252,15.466911194660586,15.383471262252453,15.451741218566895,4000,0.0,0.0
2017-05-22 00:00:00-04:00,15.513942540854467,15.664136163157236,15.513942540854467,15.595866203308105,9800,0.0,0.0
2017-05-23 00:00:00-04:00,15.815848565899406,15.815848565899406,15.7020657741386,15.709650039672852,5600,0.0,0.0
2017-05-24 00:00:00-04:00,15.717234842367535,15.717234842367535,15.603452057192134,15.648964881896973,12700,0.0,0.0
2017-05-25 00:00:00-04:00,15.671719551086428,15.71723236862799,15.618621022816873,15.671719551086426,12200,0.0,0.0
2017-05-26 00:00:00-04:00,15.868943214416502,15.891700345919125,15.846186082913881,15.868943214416504,6200,0.0,0.0
2017-05-30 00:00:00-04:00,15.664132518174418,15.717231041962012,15.648961097999031,15.6868896484375,7000,0.0,0.0
2017-05-31 00:00:00-04:00,15.756679840029305,15.793090678902248,15.717235005721387,15.739992141723633,9900,0.0,0.0
2017-06-01 00:00:00-04:00,15.777918216562076,15.88411673075705,15.777918216562076,15.861359596252441,7000,0.0,0.0
2017-06-02 00:00:00-04:00,16.11168251965036,16.187538188927483,16.11168251965036,16.126853942871094,8600,0.0,0.0
2017-06-05 00:00:00-04:00,15.88411673075705,15.89928670693359,15.853773884750906,15.861359596252441,4700,0.0,0.0
2017-06-06 00:00:00-04:00,15.831019401550293,15.868946515117065,15.826467684937754,15.831019401550293,4200,0.0,0.0
2017-06-07 00:00:00-04:00,15.99031390204454,16.020656748247877,15.92204394491357,15.975142478942871,8400,0.0,0.0
2017-06-08 00:00:00-04:00,15.91445735931268,15.91445735931268,15.85377311706543,15.85377311706543,2700,0.0,0.0
2017-06-09 00:00:00-04:00,15.808261662770983,15.856050344901206,15.777918815612791,15.777918815612793,3100,0.0,0.0
2017-06-12 00:00:00-04:00,15.706611337204492,15.706611337204492,15.618619704474519,15.6868896484375,5200,0.0,0.0
2017-06-13 00:00:00-04:00,15.975139771478618,16.02823829650879,15.959969797774495,16.02823829650879,4000,0.0,0.0
2017-06-14 00:00:00-04:00,15.246931906889959,15.292444730487546,15.076257009865785,15.095220565795898,7800,0.0,0.0
2017-06-15 00:00:00-04:00,14.951093477425097,15.064877695555209,14.951093477425097,15.057291984558105,4300,0.0,0.0
2017-06-16 00:00:00-04:00,15.368301018542633,15.391058154669112,15.345543882416155,15.383472442626953,16900,0.0,0.0
2017-06-19 00:00:00-04:00,14.966264947483932,14.966264947483932,14.882825019900698,14.897994995117188,2500,0.0,0.0
2017-06-20 00:00:00-04:00,14.765248409420444,14.765248409420444,14.662843482672784,14.73111343383789,11900,0.0,0.0
2017-06-21 00:00:00-04:00,14.769041272073624,14.799384117126465,14.738699873847265,14.799384117126465,4200,0.0,0.0
2017-06-22 00:00:00-04:00,14.860068612571684,14.96626567840576,14.860068612571684,14.966265678405762,2100,0.0,0.0
2017-06-23 00:00:00-04:00,15.011779016891296,15.011779016891296,14.905580510808903,15.004193305969238,2000,0.0,0.0
2017-06-26 00:00:00-04:00,14.970817288301538,14.970817288301538,14.85248279571533,14.852482795715332,8100,0.0,0.0
2017-06-27 00:00:00-04:00,14.905582635689823,14.935925483703612,14.85248409849232,14.935925483703613,4400,0.0,0.0
2017-06-28 00:00:00-04:00,14.822141606704573,14.88282585144043,14.746285939078124,14.88282585144043,7700,0.0,0.0
2017-06-29 00:00:00-04:00,14.753868840979637,14.753868840979637,14.655256057795892,14.723526000976562,3000,0.0,0.0
2017-06-30 00:00:00-04:00,14.810762332776205,14.86765444526664,14.761455931739595,14.784213066101074,3200,0.0,0.0
2017-07-03 00:00:00-04:00,14.708354949951172,14.776624894844474,14.662842135631065,14.708354949951172,6100,0.0,0.0
2017-07-05 00:00:00-04:00,14.700769239760108,14.71063080769112,14.647670715248935,14.708354949951172,4400,0.0,0.0
2017-07-06 00:00:00-04:00,14.571816471007201,14.624916447485791,14.564232206908109,14.609745025634766,6700,0.0,0.0
2017-07-07 00:00:00-04:00,14.640085736630176,14.806968475520252,14.640085736630176,14.776625633239746,5100,0.0,0.0
2017-07-10 00:00:00-04:00,14.76903992266962,14.81455418609038,14.738698527215467,14.776625633239746,3700,0.0,0.0
2017-07-11 00:00:00-04:00,14.613536534478252,14.761454274151632,14.609744402590424,14.753870010375977,20500,0.0,0.0
2017-07-12 00:00:00-04:00,14.928337035019624,14.996606983708693,14.905579903181147,14.951092720031738,6300,0.0,0.0
2017-07-13 00:00:00-04:00,15.057291772393876,15.07246319417431,15.01177895387899,15.026948928833008,2800,0.0,0.0
2017-07-14 00:00:00-04:00,15.102805493992827,15.18624687194824,15.072464095444086,15.186246871948242,5900,0.0,0.0
2017-07-17 00:00:00-04:00,13.69189427275742,13.94980265717422,13.69189427275742,13.82084846496582,12800,0.0,0.0
2017-07-18 00:00:00-04:00,13.532598504138747,13.596316738939164,13.433985710144043,13.433985710144043,34900,0.0,0.0
2017-07-19 00:00:00-04:00,13.51742825314237,13.51742825314237,13.44157258507541,13.464329719543457,117900,0.0,0.0
2017-07-20 00:00:00-04:00,13.388472187227077,13.449156423865489,13.373300766360892,13.403643608093262,56200,0.0,0.0
2017-07-21 00:00:00-04:00,13.19124867308917,13.312617152039538,13.17607869834017,13.25951862335205,31400,0.0,0.0
2017-07-24 00:00:00-04:00,13.1419448931424,13.217799114119344,13.115395626435165,13.19124984741211,12500,0.0,0.0
2017-07-25 00:00:00-04:00,13.23676304522888,13.23676304522888,13.077466011047363,13.077466011047363,44500,0.0,0.0
2017-07-26 00:00:00-04:00,13.138150905332274,13.289862236220193,13.122979482878188,13.267105102539062,62200,0.0,0.0
2017-07-27 00:00:00-04:00,13.122979452506407,13.138150874925381,13.031953811645508,13.031953811645508,5000,0.0,0.0
2017-07-28 00:00:00-04:00,13.031953626056744,13.062295023636125,12.986440806274446,13.039539337158203,5300,0.0,0.0
2017-07-31 00:00:00-04:00,13.115392869292144,13.138148552070875,13.107807159423828,13.107807159423828,2100,0.0,0.0
2017-08-01 00:00:00-04:00,13.198834268886506,13.21021355838211,13.130564319218403,13.145735740661621,9500,0.0,0.0
2017-08-02 00:00:00-04:00,13.111601902409372,13.20642112440934,13.109326044312969,13.138151168823242,4800,0.0,0.0
2017-08-03 00:00:00-04:00,13.183662847443285,13.24434708638978,13.06988008027191,13.145735740661621,14100,0.0,0.0
2017-08-04 00:00:00-04:00,13.11539496341881,13.168493494149015,13.069880696941675,13.100223541259766,9300,0.0,0.0
2017-08-07 00:00:00-04:00,13.069879378645897,13.069879378645897,13.016780853271484,13.016780853271484,3700,0.0,0.0
2017-08-08 00:00:00-04:00,13.418817608546766,13.433987585502848,13.259520552481757,13.297449111938477,10800,0.0,0.0
2017-08-09 00:00:00-04:00,13.39605984526546,13.39605984526546,13.312618465196524,13.342961311340332,20200,0.0,0.0
2017-08-10 00:00:00-04:00,13.30048242163465,13.301998695838785,13.138151378547265,13.16849422454834,9600,0.0,0.0
2017-08-11 00:00:00-04:00,13.107808845615823,13.214005903781036,13.107808845615823,13.176078796386719,7000,0.0,0.0
2017-08-14 00:00:00-04:00,13.471914662469624,13.525013193039305,13.449157529299857,13.456743240356445,12100,0.0,0.0
2017-08-15 00:00:00-04:00,13.517427407268718,13.57811164855957,13.456743165977866,13.57811164855957,65000,0.0,0.0
2017-08-16 00:00:00-04:00,13.411230669585414,13.456743489942644,13.402127237418084,13.42640209197998,5500,0.0,0.0
2017-08-17 00:00:00-04:00,13.502258020160829,13.502258020160829,13.396060943603516,13.396060943603516,16800,0.0,0.0
2017-08-18 00:00:00-04:00,13.29744790864746,13.335375017845536,13.24434793021309,13.327789306640625,5900,0.0,0.0
2017-08-21 00:00:00-04:00,13.327788678929513,13.481775860166408,13.312617257234237,13.471914291381836,5700,0.0,0.0
2017-08-22 00:00:00-04:00,13.411229654879088,13.494671024909485,13.403643944255748,13.449156761169434,13500,0.0,0.0
2017-08-23 00:00:00-04:00,13.41123236791932,13.471916618355877,13.396060943603516,13.396060943603516,6000,0.0,0.0
2017-08-24 00:00:00-04:00,13.267104168135797,13.616039625871865,13.267104168135797,13.587972640991211,6300,0.0,0.0
2017-08-25 00:00:00-04:00,13.551562754114174,13.66913910781798,13.532599199472008,13.56294059753418,4500,0.0,0.0
2017-08-28 00:00:00-04:00,13.578111674651172,13.707065868495336,13.578111674651172,13.616040229797363,5200,0.0,0.0
2017-08-29 00:00:00-04:00,13.63120992039341,13.744994136629586,13.63120992039341,13.70706558227539,10100,0.0,0.0
2017-08-30 00:00:00-04:00,13.623623875774188,13.669138139884225,13.494671134608208,13.661552429199219,4900,0.0,0.0
2017-08-31 00:00:00-04:00,14.234259777380263,14.238811493136176,14.177369117736816,14.177369117736816,6100,0.0,0.0
2017-09-01 00:00:00-04:00,14.086342837411093,14.139441368160284,13.904290111916817,14.124271392822266,4400,0.0,0.0
2017-09-05 00:00:00-04:00,13.851192269110127,13.964975047341955,13.828435134733152,13.845882415771484,5700,0.0,0.0
2017-09-06 00:00:00-04:00,13.858778208589394,13.938426009979477,13.555356979370115,13.555356979370117,7500,0.0,0.0
2017-09-07 00:00:00-04:00,13.942217194939165,14.114409797854638,13.942217194939165,14.086342811584473,8500,0.0,0.0
2017-09-08 00:00:00-04:00,13.84360555171947,14.002901140303672,13.790507022191404,13.980145454406738,9300,0.0,0.0
2017-09-11 00:00:00-04:00,14.382178888531433,14.427693156775025,14.313910379819058,14.397350311279297,5100,0.0,0.0
2017-09-12 00:00:00-04:00,14.602159274575456,14.602159274575456,14.37459373474121,14.374593734741211,7500,0.0,0.0
2017-09-13 00:00:00-04:00,14.397349580062288,14.41252100203962,14.329079627990723,14.329079627990723,3900,0.0,0.0
2017-09-14 00:00:00-04:00,14.473204790368559,14.564231872558594,14.46561907961719,14.564231872558594,13700,0.0,0.0
2017-09-15 00:00:00-04:00,14.623399908756253,14.623399908756253,14.541476249694824,14.541476249694824,4800,0.0,0.0
2017-09-18 00:00:00-04:00,14.624917151930243,14.655258550267341,14.594574306766654,14.640087127685547,8700,0.0,0.0
2017-09-19 00:00:00-04:00,14.51871849499018,14.58698844909668,14.51871849499018,14.58698844909668,1900,0.0,0.0
2017-09-20 00:00:00-04:00,14.652472222272495,14.690990225139599,14.567730852723717,14.60624885559082,9600,0.295,0.0
2017-09-21 00:00:00-04:00,14.737211001950449,15.037656985067253,14.706396895873155,14.752618789672852,4800,0.0,0.0
2017-09-22 00:00:00-04:00,14.629359972932694,14.675581868458455,14.621656078783806,14.644767761230469,309600,0.0,0.0
2017-09-25 00:00:00-04:00,14.536915155706112,14.536915155706112,14.402869170218983,14.413654327392578,235400,0.0,0.0
2017-09-26 00:00:00-04:00,14.24417343908597,14.28269290809265,14.13632186460226,14.196410179138184,181300,0.0,0.0
2017-09-27 00:00:00-04:00,14.128618466243557,14.128618466243557,14.059284888967737,14.113210678100586,429900,0.0,0.0
2017-09-28 00:00:00-04:00,13.8898017115916,13.986868118641759,13.8898017115916,13.943727493286133,616700,0.0,0.0
2017-09-29 00:00:00-04:00,14.382839819770664,14.405951499938965,14.267284357663998,14.405951499938965,242400,0.0,0.0
2017-10-02 00:00:00-04:00,14.60624829048603,14.660175549528246,14.583138077406934,14.644767761230469,2400,0.0,0.0
2017-10-03 00:00:00-04:00,14.906692280912168,14.960618063337561,14.906692280912168,14.922100067138672,4200,0.0,0.0
2017-10-04 00:00:00-04:00,15.091582073526117,15.114693754038942,15.083878180021841,15.106989860534668,2100,0.0,0.0
2017-10-05 00:00:00-04:00,15.091581150022808,15.106988936088506,14.945210121133387,14.968321800231934,19900,0.0,0.0
2017-10-06 00:00:00-04:00,14.775730086087552,14.814248085021973,14.737210617785658,14.814248085021973,1200,0.0,0.0
2017-10-09 00:00:00-04:00,14.87587788366966,14.906693458557129,14.863552829208658,14.906693458557129,800,0.0,0.0
2017-10-10 00:00:00-04:00,14.852768057129701,14.868174375605568,14.845064163208008,14.845064163208008,4200,0.0,0.0
2017-10-11 00:00:00-04:00,14.888204295101945,14.914397239685059,14.883581665030226,14.914397239685059,1700,0.0,0.0
2017-10-12 00:00:00-04:00,14.845063772488691,14.848145036102766,14.806544303894043,14.806544303894043,1600,0.0,0.0
2017-10-13 00:00:00-04:00,14.922101633057432,14.922101633057432,14.845064163208008,14.845064163208008,400,0.0,0.0
2017-10-16 00:00:00-04:00,14.860471725463867,14.883581937510607,14.821952256440134,14.860471725463867,1800,0.0,0.0
2017-10-17 00:00:00-04:00,14.760322345686905,14.791137920426376,14.760322345686905,14.77573013305664,1000,0.0,0.0
2017-10-18 00:00:00-04:00,14.12861763116744,14.344322244317103,14.082395738838036,14.205655097961426,6400,0.0,0.0
2017-10-19 00:00:00-04:00,14.606248177821614,14.660175436447863,14.606248177821614,14.652471542358398,8300,0.0,0.0
2017-10-20 00:00:00-04:00,14.845063775328722,14.868173987122448,14.845063775328722,14.856618881225586,1800,0.0,0.0
2017-10-23 00:00:00-04:00,14.845063434418158,14.88358143276814,14.845063434418158,14.865863800048828,1100,0.0,0.0
2017-10-24 00:00:00-04:00,14.768026625544234,14.768026625544234,14.698693049934882,14.71410083770752,14100,0.0,0.0
2017-10-25 00:00:00-04:00,14.795758855959107,14.795758855959107,14.768026014609646,14.7911376953125,1300,0.0,0.0
2017-10-26 00:00:00-04:00,15.230249217868186,15.230249217868186,15.106989860534668,15.106989860534668,3100,0.0,0.0
2017-10-27 00:00:00-04:00,15.2610641909747,15.291879766745414,15.222546190628835,15.284175872802734,8900,0.0,0.0
2017-10-30 00:00:00-04:00,15.168619996949277,15.20713799626558,15.145508315739002,15.176323890686035,8700,0.0,0.0
2017-10-31 00:00:00-04:00,15.299583416960862,15.299583416960862,15.137804585476855,15.14396858215332,3400,0.0,0.0
2017-11-01 00:00:00-04:00,14.721804908826396,14.737211227416992,14.70639712086827,14.737211227416992,10400,0.0,0.0
2017-11-02 00:00:00-04:00,14.93750772015261,14.93750772015261,14.744914783196057,14.760322570800781,7200,0.0,0.0
2017-11-03 00:00:00-04:00,14.914397739135737,14.914397739135737,14.845064163208008,14.845064163208008,1900,0.0,0.0
2017-11-06 00:00:00-05:00,14.829655386734778,14.991432740202795,14.829655386734778,14.98373031616211,1700,0.0,0.0
2017-11-07 00:00:00-05:00,14.968324272498347,14.991434486046574,14.93442743142866,14.979879379272461,3200,0.0,0.0
2017-11-08 00:00:00-05:00,14.714101515283064,14.76802730560303,14.706397621041985,14.768027305603027,1400,0.0,0.0
2017-11-09 00:00:00-05:00,14.552323052302151,14.552323052302151,14.536916732788086,14.536916732788086,600,0.0,0.0
2017-11-10 00:00:00-05:00,13.681802845937495,13.681802845937495,13.45069043273566,13.504617691040039,15700,0.0,0.0
2017-11-13 00:00:00-05:00,13.797357096410849,14.036171913146973,13.797357096410849,14.036171913146973,1600,0.0,0.0
2017-11-14 00:00:00-05:00,13.874395549425945,13.947580337524414,13.874395549425945,13.947580337524414,4700,0.0,0.0
2017-11-15 00:00:00-05:00,13.851283417471143,13.966838883637577,13.851283417471143,13.92832088470459,11700,0.0,0.0
2017-11-16 00:00:00-05:00,14.09780266456318,14.151729922201396,14.09780266456318,14.128618240356445,3400,0.0,0.0
2017-11-17 00:00:00-05:00,13.92061637971376,13.974542163598754,13.912912486391988,13.955283164978027,2000,0.0,0.0
2017-11-20 00:00:00-05:00,13.820469014954362,13.828172908448762,13.812765121459961,13.812765121459961,1400,0.0,0.0
2017-11-21 00:00:00-05:00,13.959136415782291,14.144025454945089,13.959136415782291,14.016913414001465,7200,0.0,0.0
2017-11-22 00:00:00-05:00,14.120915135838612,14.267286190304452,14.097803452701603,14.174840927124023,6600,0.0,0.0
2017-11-24 00:00:00-05:00,14.051580541772275,14.051580541772275,14.043876647949219,14.043876647949219,2500,0.0,0.0
2017-11-27 00:00:00-05:00,14.205655204235835,14.205655204235835,14.09780216217041,14.09780216217041,1400,0.0,0.0
2017-11-28 00:00:00-05:00,14.028468750347042,14.120914006131628,14.028468750347042,14.101655006408691,9200,0.0,0.0
2017-11-29 00:00:00-05:00,14.08239650648246,14.344323026239383,14.028469248229822,14.03232192993164,3600,0.0,0.0
2017-11-30 00:00:00-05:00,13.951432379182144,13.97454259048601,13.80506134033203,13.805061340332031,19400,0.0,0.0
2017-12-01 00:00:00-05:00,13.778098218685479,13.789653324145458,13.77039432525635,13.770394325256348,2000,0.0,0.0
2017-12-04 00:00:00-05:00,13.912913531560655,13.912913531560655,13.789654167887612,13.828173637390137,10800,0.0,0.0
2017-12-05 00:00:00-05:00,13.550839650531826,13.943729432417106,13.527727968291202,13.585506439208984,21400,0.0,0.0
2017-12-06 00:00:00-05:00,13.45068997420346,13.45068997420346,13.327430612444727,13.335134506225586,7800,0.0,0.0
2017-12-07 00:00:00-05:00,12.996172258494264,13.858987808227539,12.996172258494264,13.858987808227539,5900,0.0,0.0
2017-12-08 00:00:00-05:00,13.080912946276536,13.866692543029785,13.080912946276536,13.866692543029785,1800,0.0,0.0
2017-12-11 00:00:00-05:00,13.088615600785008,14.09780216217041,13.088615600785008,14.09780216217041,13500,0.0,0.0
2017-12-12 00:00:00-05:00,13.905210128523919,14.328915491803686,13.481506234611722,13.48921012878418,6500,0.0,0.0
2017-12-13 00:00:00-05:00,14.251878447002834,14.251878447002834,13.48921053346031,13.866692543029785,10800,0.0,0.0
2017-12-14 00:00:00-05:00,13.489209715484707,13.858987808227539,13.489209715484707,13.858987808227539,3500,0.0,0.0
2017-12-15 00:00:00-05:00,13.489210241893305,13.822010244475678,13.104024346245984,13.48150634765625,4900,0.0,0.0
2017-12-18 00:00:00-05:00,13.858987649692441,13.858987649692441,13.21957915395943,13.427579879760742,3400,0.0,0.0
2017-12-19 00:00:00-05:00,13.096319965277004,13.85898783398962,13.096319965277004,13.500764846801758,6700,0.0,0.0
2017-12-20 00:00:00-05:00,13.427579532306256,13.600913465988796,13.057801453361817,13.300467491149902,6600,0.0,0.0
2017-12-21 00:00:00-05:00,13.319727505259852,13.319727505259852,12.518540225529597,13.281208038330078,12800,0.0,0.0
2017-12-22 00:00:00-05:00,13.057802401575348,14.868174928883443,13.026986824741853,14.637063980102539,1900,0.0,0.0
2017-12-26 00:00:00-05:00,13.412171407945328,13.412171407945328,12.96535587310791,12.96535587310791,1900,0.0,0.0
2017-12-27 00:00:00-05:00,13.142541887831982,13.396764511282024,13.088616099428569,13.242691040039062,3100,0.0,0.0
2017-12-28 00:00:00-05:00,13.242691779137495,13.389061364582327,13.150246515738155,13.327431678771973,5300,0.0,0.0
2017-12-29 00:00:00-05:00,13.41718682021302,13.42273835718651,13.37092048227261,13.393128395080566,3600,2.897,0.0
2018-01-02 00:00:00-05:00,13.287642649457954,14.7126405368198,13.241377189103494,13.31540298461914,4100,0.0,0.0
2018-01-03 00:00:00-05:00,13.278387802442206,13.278387802442206,13.213614580666807,13.232121467590332,4900,0.0,0.0
2018-01-04 00:00:00-05:00,13.222868938317195,13.274686813354492,13.222868938317195,13.274686813354492,7400,0.0,0.0
2018-01-05 00:00:00-05:00,13.30614831539582,13.50971967556377,13.30614831539582,13.481959342956543,2200,0.0,0.0
2018-01-08 00:00:00-05:00,13.333908992269507,13.370921890027331,13.278390086861316,13.31540298461914,6100,0.0,0.0
2018-01-09 00:00:00-05:00,13.232123317802522,13.232123317802522,13.158097524671472,13.222869873046875,6000,0.0,0.0
2018-01-10 00:00:00-05:00,13.250630223905935,13.250630223905935,13.168276677889978,13.213617324829102,7000,0.0,0.0
2018-01-11 00:00:00-05:00,13.324655646375911,13.370921989531771,13.27839018567715,13.343162536621094,3500,0.0,0.0
2018-01-12 00:00:00-05:00,13.870594964445521,13.870594964445521,13.019297524793831,13.426440238952637,6800,0.0,0.0
2018-01-16 00:00:00-05:00,13.426441777810222,13.46345467584349,13.343162536621094,13.343162536621094,7100,0.0,0.0
2018-01-17 00:00:00-05:00,13.269135417466515,13.3339077619519,13.232122523123866,13.259881973266602,8600,0.0,0.0
2018-01-18 00:00:00-05:00,13.000793340609293,13.0581636428833,12.982286449892342,13.0581636428833,5000,0.0,0.0
2018-01-19 00:00:00-05:00,13.222869873046875,13.278389659123693,13.204363865992644,13.222869873046875,7900,0.0,0.0
2018-01-22 00:00:00-05:00,13.296895128475263,13.343161467925507,13.241376227100591,13.324654579162598,5300,0.0,0.0
2018-01-23 00:00:00-05:00,13.435693740844727,13.481959196439957,13.42644029674288,13.435693740844727,18400,0.0,0.0
2018-01-24 00:00:00-05:00,13.491212640541804,13.509719528745498,13.435693740844727,13.435693740844727,6300,0.0,0.0
2018-01-25 00:00:00-05:00,13.62075837229793,13.62075837229793,13.39868012350218,13.47270679473877,11400,0.0,0.0
2018-01-26 00:00:00-05:00,13.528225208725186,13.611504438722392,13.528225208725186,13.592997550964355,9600,0.0,0.0
2018-01-29 00:00:00-05:00,12.167999117182003,12.177252560507911,12.010694110469249,12.121733665466309,9100,0.0,0.0
2018-01-30 00:00:00-05:00,12.18650582387656,12.191132545471191,12.15874637676568,12.191132545471191,3500,0.0,0.0
2018-01-31 00:00:00-05:00,12.723194539409262,12.723194539409262,12.593648968232571,12.60290241241455,5200,0.0,0.0
2018-02-01 00:00:00-05:00,12.630661390808644,12.72319406425877,12.621408829429212,12.713940620422363,9600,0.0,0.0
2018-02-02 00:00:00-05:00,12.584396769091589,12.584396769091589,12.454851194182408,12.473357200622559,23500,0.0,0.0
2018-02-05 00:00:00-05:00,12.334559688897523,12.399332038406577,11.955177271846651,12.061589241027832,29300,0.0,0.0
2018-02-06 00:00:00-05:00,11.84413835071146,12.112482070922852,11.825631461234853,12.112482070922852,48300,0.0,0.0
2018-02-07 00:00:00-05:00,11.82933284592729,11.92741706143112,11.723845698468503,11.770112037658691,82500,0.0,0.0
2018-02-08 00:00:00-05:00,11.760859024014346,11.760859024014346,11.427742958068848,11.427742958068848,54000,0.0,0.0
2018-02-09 00:00:00-05:00,11.566540456351946,11.566540456351946,11.335209647224907,11.501768112182617,10500,0.0,0.0
2018-02-12 00:00:00-05:00,11.501767686753256,11.705338155886306,11.501767686753256,11.631312370300293,32300,0.0,0.0
2018-02-13 00:00:00-05:00,11.44624799649769,11.520273782666806,11.436994552612305,11.436994552612305,140200,0.0,0.0
2018-02-14 00:00:00-05:00,11.511020238847628,11.760857926842148,11.511020238847628,11.728471755981445,61300,0.0,0.0
2018-02-15 00:00:00-05:00,11.6498197508425,11.816378216686797,11.6498197508425,11.733098983764648,24800,0.0,0.0
2018-02-16 00:00:00-05:00,11.890403689624774,11.955176032418688,11.871896801708234,11.881150245666504,15300,0.0,0.0
2018-02-20 00:00:00-05:00,11.538781210007366,11.668325900632526,11.529527765689279,11.557287216186523,12900,0.0,0.0
2018-02-21 00:00:00-05:00,11.649819688830801,11.742351483007415,11.501768112182617,11.501768112182617,17600,0.0,0.0
2018-02-22 00:00:00-05:00,11.640567680971504,11.65907457156454,11.585048774106623,11.612808227539062,10800,0.0,0.0
2018-02-23 00:00:00-05:00,11.723846244761218,11.793245315551758,11.714592800000595,11.793245315551758,18600,0.0,0.0
2018-02-26 00:00:00-05:00,11.807124643610111,11.98293566928247,11.770111749655037,11.811751365661621,8500,0.0,0.0
2018-02-27 00:00:00-05:00,11.696087018717419,11.751605923438762,11.585048326817653,11.61743450164795,22100,0.0,0.0
2018-02-28 00:00:00-05:00,11.640565606916994,11.723844834833177,11.548032935353021,11.575793266296387,15200,0.0,0.0
2018-03-01 00:00:00-05:00,11.56654140108101,11.612807743176749,11.427743257250869,11.511021614074707,6600,0.0,0.0
2018-03-02 00:00:00-05:00,11.427741718364292,11.469381332397461,11.381475382498886,11.469381332397461,10500,0.0,0.0
2018-03-05 00:00:00-05:00,11.409235263314823,11.474007606506348,11.409235263314823,11.474007606506348,12000,0.0,0.0
2018-03-06 00:00:00-05:00,11.48326105052142,11.511020500109646,11.409235263314823,11.474007606506348,28900,0.0,0.0
2018-03-07 00:00:00-05:00,11.390728710319804,11.474007055082245,11.372221823179073,11.450874328613281,15700,0.0,0.0
2018-03-08 00:00:00-05:00,12.130988312995685,12.149495202830888,12.047709956108507,12.061589241027832,31000,0.0,0.0
2018-03-09 00:00:00-05:00,12.390078689989483,12.436344146728516,12.362318356997639,12.436344146728516,8000,0.0,0.0
2018-03-12 00:00:00-04:00,11.982937322416475,11.982937322416475,11.908911524293924,11.9690580368042,33100,0.0,0.0
2018-03-13 00:00:00-04:00,12.112480736121562,12.112480736121562,11.982935171432473,12.02920150756836,28600,0.0,0.0
2018-03-14 00:00:00-04:00,12.153195992331504,12.177254419176858,12.112482070922852,12.112482070922852,9700,0.0,0.0
2018-03-15 00:00:00-04:00,12.140239936174007,12.223519163021553,12.140239936174007,12.186506271362305,30200,0.0,0.0
2018-03-16 00:00:00-04:00,12.029202562112342,12.071766995018047,12.024575839847454,12.056962013244629,6000,0.0,0.0
2018-03-19 00:00:00-04:00,12.010695195782988,12.01994863994506,11.899656513209148,11.9459228515625,14100,0.0,0.0
2018-03-20 00:00:00-04:00,11.788618000704545,11.87189723445061,11.649819866099117,11.66369915008545,16400,0.0,0.0
2018-03-21 00:00:00-04:00,11.094624907592454,11.131637800131982,10.724495982197189,10.849414825439453,29100,0.0,0.0
2018-03-22 00:00:00-04:00,10.530178427723275,10.631963664994919,10.3728734085581,10.400632858276367,20000,0.0,0.0
2018-03-23 00:00:00-04:00,10.530178571767077,10.530178571767077,10.29884776188412,10.312727928161621,16400,0.0,0.0
2018-03-26 00:00:00-04:00,10.511672019958496,10.530178908921048,10.40988677803557,10.511672019958496,23200,0.0,0.0
2018-03-27 00:00:00-04:00,10.548683854220938,10.604203633066225,10.428392617893888,10.483911514282227,43600,0.0,0.0
2018-03-28 00:00:00-04:00,10.363619906820507,10.493165475546421,10.354366462813585,10.391379356384277,32400,0.0,0.0
2018-03-29 00:00:00-04:00,10.48391233840649,10.678230255954608,10.48391233840649,10.562564849853516,25100,0.0,0.0
2018-04-02 00:00:00-04:00,10.511671331745502,10.511671331745502,10.261834524307451,10.345113754272461,17600,0.0,0.0
2018-04-03 00:00:00-04:00,10.317353086541177,10.317353086541177,10.187808406333055,10.280340194702148,24700,0.0,0.0
2018-04-04 00:00:00-04:00,10.104530915018234,10.29884885117078,10.104530915018234,10.234076499938965,35200,0.0,0.0
2018-04-05 00:00:00-04:00,10.382126967872962,10.585697444676173,10.382126967872962,10.419139862060547,26800,0.0,0.0
2018-04-06 00:00:00-04:00,10.548684915426563,10.613458144338457,10.502419457934256,10.511672019958496,17400,0.0,0.0
2018-04-09 00:00:00-04:00,10.705990218616769,10.715243663337322,10.567192077636719,10.567192077636719,8400,0.0,0.0
2018-04-10 00:00:00-04:00,10.5486854439428,10.631964683532715,10.530179436510085,10.631964683532715,22400,0.0,0.0
2018-04-11 00:00:00-04:00,10.483911514282227,10.67822941655531,10.446898622537685,10.483911514282227,7900,0.0,0.0
2018-04-12 00:00:00-04:00,10.520924120635474,10.696736013495675,10.49316467319431,10.525550842285156,5500,0.0,0.0
2018-04-13 00:00:00-04:00,10.752255530312091,10.752255530312091,10.511671285354275,10.557937622070312,7600,0.0,0.0
2018-04-16 00:00:00-04:00,10.548685887169311,10.622711684924687,10.474660089413936,10.502420425415039,20000,0.0,0.0
2018-04-17 00:00:00-04:00,10.66897694253843,10.74300273275454,10.659724380604187,10.705989837646484,48100,0.0,0.0
2018-04-18 00:00:00-04:00,10.604203949164306,10.70598918388165,10.5949505053381,10.655097007751465,7900,0.0,0.0
2018-04-19 00:00:00-04:00,10.539431535841924,10.539431535841924,10.382126521690779,10.423766136169434,13200,0.0,0.0
2018-04-20 00:00:00-04:00,10.40340873638119,10.539431535841924,10.391379082997283,10.423766136169434,11900,0.0,0.0
2018-04-23 00:00:00-04:00,10.409886233006656,10.604204144654393,10.409886233006656,10.48853874206543,15700,0.0,0.0
2018-04-24 00:00:00-04:00,10.474659230211742,10.530179015202725,10.280341306428868,10.317354202270508,21500,0.0,0.0
2018-04-25 00:00:00-04:00,10.465405877282254,10.539431663371824,10.308100861227677,10.345113754272461,7400,0.0,0.0
2018-04-26 00:00:00-04:00,9.577096144011573,9.808426960219998,9.521576359840457,9.61410903930664,28300,0.0,0.0
2018-04-27 00:00:00-04:00,9.058885927835957,9.143724756650592,9.058885927835957,9.110732078552246,7500,0.191,0.0
2018-04-30 00:00:00-04:00,8.879782347464838,8.879782347464838,8.75723747357615,8.842076301574707,23000,0.0,0.0
2018-05-01 00:00:00-04:00,8.757238721117988,8.7666654586792,8.662973143472216,8.7666654586792,22000,0.0,0.0
2018-05-02 00:00:00-04:00,8.804370558330671,8.842076605516931,8.710104990873486,8.738385200500488,17200,0.0,0.0
2018-05-03 00:00:00-04:00,8.797772652775357,8.926916075910665,8.797772652775357,8.898635864257812,12600,0.0,0.0
2018-05-04 00:00:00-04:00,9.049461319334462,9.049461319334462,8.983475055194456,9.021181106567383,8400,0.0,0.0
2018-05-07 00:00:00-04:00,9.237990398169137,9.332255065089223,9.237990398169137,9.280409812927246,22500,0.0,0.0
2018-05-08 00:00:00-04:00,9.313403089868096,9.313403089868096,9.256843566894531,9.256843566894531,31000,0.0,0.0
2018-05-09 00:00:00-04:00,9.388814297374674,9.45479965209961,9.388814297374674,9.45479965209961,21200,0.0,0.0
2018-05-10 00:00:00-04:00,9.508532931566746,9.508532931566746,9.454801603494003,9.483081817626953,8700,0.0,0.0
2018-05-11 00:00:00-04:00,9.360534409234035,9.36996024576685,9.256842116526263,9.281351089477539,8300,0.0,0.0
2018-05-14 00:00:00-04:00,9.275696431477163,9.285123167850617,9.209711074829102,9.209711074829102,6500,0.0,0.0
2018-05-15 00:00:00-04:00,9.049460722479113,9.153152132169925,9.040033985511824,9.143725395202637,14300,0.0,0.0
2018-05-16 00:00:00-04:00,9.068312356063384,9.115445137023926,9.05888562007467,9.115445137023926,4200,0.0,0.0
2018-05-17 00:00:00-04:00,9.087166469862197,9.157865196804906,9.077739733207679,9.120159149169922,10500,0.0,0.0
2018-05-18 00:00:00-04:00,9.096592289865503,9.12487249977413,9.077739715576172,9.077739715576172,12800,0.0,0.0
2018-05-21 00:00:00-04:00,9.332255078224998,9.360535287425586,9.303975768007474,9.35110855102539,4200,0.0,0.0
2018-05-22 00:00:00-04:00,9.219138444097277,9.237991919976933,9.153153076484902,9.172005653381348,48200,0.0,0.0
2018-05-23 00:00:00-04:00,8.964621218316406,9.181430758475301,8.964621218316406,9.05417251586914,20300,0.0,0.0
2018-05-24 00:00:00-04:00,8.981588615591663,8.983473783045874,8.955194473266602,8.955194473266602,12500,0.0,0.0
2018-05-25 00:00:00-04:00,8.945768356323242,8.955195093229957,8.945768356323242,8.945768356323242,3400,0.0,0.0
2018-05-29 00:00:00-04:00,8.79494473572709,8.813798210770942,8.691253319935411,8.710105895996094,12600,0.0,0.0
2018-05-30 00:00:00-04:00,8.842076930915596,8.955195076637251,8.832650194026346,8.903348922729492,38800,0.0,0.0
2018-05-31 00:00:00-04:00,8.98347443051319,9.124872787566675,8.921259405124928,9.058886528015137,23700,0.0,0.0
2018-06-01 00:00:00-04:00,9.445374440821809,9.483080488731986,9.417094230651855,9.417094230651855,18700,0.0,0.0
2018-06-04 00:00:00-04:00,9.577344906281597,9.577344906281597,9.52078628540039,9.52078628540039,13500,0.0,0.0
2018-06-05 00:00:00-04:00,9.537754313118544,9.539639480739632,9.483080856174428,9.511360168457031,23000,0.0,0.0
2018-06-06 00:00:00-04:00,9.520788377399283,9.558494432599579,9.435949528452797,9.458573341369629,9000,0.0,0.0
2018-06-07 00:00:00-04:00,9.266269017535917,9.299261693447459,9.181430194344527,9.219136238098145,17100,0.0,0.0
2018-06-08 00:00:00-04:00,8.908061993672776,8.908061993672776,8.842076635617957,8.851503372192383,6200,0.0,0.0
2018-06-11 00:00:00-04:00,8.945768356323242,8.959908461683316,8.945768356323242,8.945768356323242,10000,0.0,0.0
2018-06-12 00:00:00-04:00,9.04946008216778,9.058885919485007,9.011754035949707,9.011754035949707,12400,0.0,0.0
2018-06-13 00:00:00-04:00,8.90806232217545,8.940112868117193,8.889209747314453,8.889209747314453,7600,0.0,0.0
2018-06-14 00:00:00-04:00,9.106018401035213,9.181430490978869,9.106018401035213,9.115445137023926,6500,0.0,0.0
2018-06-15 00:00:00-04:00,8.955195125947727,9.040033960451899,8.936341652065416,9.030607223510742,13200,0.0,0.0
2018-06-18 00:00:00-04:00,8.842076635617957,8.860929209783729,8.813797324877761,8.851503372192383,15500,0.0,0.0
2018-06-19 00:00:00-04:00,8.578134877192413,8.658260345458984,8.559281402784684,8.658260345458984,6800,0.0,0.0
2018-06-20 00:00:00-04:00,8.590389520345227,8.644120847405237,8.590389520345227,8.606414794921875,10000,0.0,0.0
2018-06-21 00:00:00-04:00,8.540428161621094,8.559280735576097,8.521574688683021,8.540428161621094,7500,0.0,0.0
2018-06-22 00:00:00-04:00,8.615839928422078,8.644119237772872,8.56870714684873,8.629979133605957,8800,0.0,0.0
2018-06-25 00:00:00-04:00,8.700679476638678,8.700679476638678,8.549855266705231,8.606414794921875,16500,0.0,0.0
2018-06-26 00:00:00-04:00,8.568709041051601,8.578135779246757,8.531002987254212,8.559282302856445,11000,0.0,0.0
2018-06-27 00:00:00-04:00,8.540428093822083,8.540428093822083,8.469728469848633,8.469728469848633,4500,0.0,0.0
2018-06-28 00:00:00-04:00,8.295337339360799,8.314189910888672,8.248204562066684,8.314189910888672,7100,0.0,0.0
2018-06-29 00:00:00-04:00,8.483868932763317,8.521574980949607,8.483868932763317,8.493295669555664,4100,0.0,0.0
2018-07-02 00:00:00-04:00,8.351897274119038,8.460302948739146,8.351897274119038,8.436736106872559,4800,0.0,0.0
2018-07-03 00:00:00-04:00,8.596986770629883,8.596986770629883,8.596986770629883,8.596986770629883,2600,0.0,0.0
2018-07-05 00:00:00-04:00,8.751582893271383,8.751582893271383,8.728959083557129,8.728959083557129,1100,0.0,0.0
2018-07-06 00:00:00-04:00,8.851503976136009,8.90806260147543,8.832650501700773,8.898635864257812,12100,0.0,0.0
2018-07-09 00:00:00-04:00,8.991015346566464,9.021179823782235,8.974047940505473,8.983473777770996,5500,0.0,0.0
2018-07-10 00:00:00-04:00,9.04946038055324,9.063599586486816,9.007040964786343,9.063599586486816,20200,0.0,0.0
2018-07-11 00:00:00-04:00,8.926914501816423,8.94576707394422,8.879781723022461,8.879781723022461,1600,0.0,0.0
2018-07-12 00:00:00-04:00,8.926916122436523,8.945768697986875,8.926916122436523,8.926916122436523,2700,0.0,0.0
2018-07-13 00:00:00-04:00,8.91748969516762,8.922203063964844,8.90806295757317,8.922203063964844,1600,0.0,0.0
2018-07-16 00:00:00-04:00,9.190857596478022,9.237990379333496,9.181430860110316,9.237990379333496,1700,0.0,0.0
2018-07-17 00:00:00-04:00,10.07695110300848,10.246628777936685,10.058098527451536,10.190070152282715,22200,0.0,0.0
2018-07-18 00:00:00-04:00,9.888419781128611,9.888419781128611,9.822434425354004,9.822434425354004,3400,0.0,0.0
2018-07-19 00:00:00-04:00,9.596198694944956,9.629191374708295,9.596198694944956,9.61505126953125,8500,0.0,0.0
2018-07-20 00:00:00-04:00,9.751736919430641,9.761162757873535,9.751736919430641,9.761162757873535,2400,0.0,0.0
2018-07-23 00:00:00-04:00,9.784729290598392,9.784729290598392,9.75644997820176,9.765875816345215,800,0.0,0.0
2018-07-24 00:00:00-04:00,9.867683332897299,9.869568500597394,9.822435712162354,9.831862449645996,1800,0.0,0.0
2018-07-25 00:00:00-04:00,9.841287363057022,9.944979667663574,9.841287363057022,9.944979667663574,4500,0.0,0.0
2018-07-26 00:00:00-04:00,9.992114067077637,9.992114067077637,9.992114067077637,9.992114067077637,300,0.0,0.0
2018-07-27 00:00:00-04:00,10.022278550286646,10.022278550286646,9.992114067077637,9.992114067077637,800,0.0,0.0
2018-07-30 00:00:00-04:00,10.152362823486328,10.152362823486328,10.152362823486328,10.152362823486328,2100,0.0,0.0
2018-07-31 00:00:00-04:00,10.086378430330349,10.095805168151855,10.086378430330349,10.095805168151855,600,0.0,0.0
2018-08-01 00:00:00-04:00,10.501145212268332,10.501145212268332,10.435158950851681,10.500202178955078,12600,0.0,0.0
2018-08-02 00:00:00-04:00,10.444584846496582,10.444584846496582,10.444584846496582,10.444584846496582,100,0.0,0.0
2018-08-03 00:00:00-04:00,10.369173106470218,10.390853881835938,10.369173106470218,10.390853881835938,9700,0.0,0.0
2018-08-06 00:00:00-04:00,10.359746319872224,10.359746319872224,10.322040271989408,10.340893745422363,3100,0.0,0.0
2018-08-07 00:00:00-04:00,10.397451430158409,10.397451430158409,10.383312225341797,10.383312225341797,800,0.0,0.0
2018-08-08 00:00:00-04:00,10.322040258762156,10.407822124399226,10.322040258762156,10.397452354431152,3300,0.0,0.0
2018-08-09 00:00:00-04:00,10.402165058270457,10.402165058270457,10.350318908691406,10.350318908691406,2900,0.0,0.0
2018-08-10 00:00:00-04:00,10.039243781216518,10.075064659118652,10.020391208047677,10.075064659118652,1600,0.0,0.0
2018-08-13 00:00:00-04:00,10.010965642130506,10.010965642130506,9.96383285522461,9.96383285522461,1200,0.0,0.0
2018-08-14 00:00:00-04:00,10.010966644337461,10.010966644337461,9.992114067077637,9.992114067077637,2000,0.0,0.0
2018-08-15 00:00:00-04:00,9.813008974678713,9.831862449645996,9.813008974678713,9.831862449645996,1000,0.0,0.0
2018-08-16 00:00:00-04:00,9.954407327000423,9.95911979675293,9.954407327000423,9.95911979675293,600,0.0,0.0
2018-08-17 00:00:00-04:00,10.010965347290039,10.010965347290039,10.010965347290039,10.010965347290039,400,0.0,0.0
2018-08-20 00:00:00-04:00,10.010965347290039,10.010965347290039,10.010965347290039,10.010965347290039,0,0.0,0.0
2018-08-21 00:00:00-04:00,10.373886065069012,10.373886065069012,10.317326545715332,10.317326545715332,1300,0.0,0.0
2018-08-22 00:00:00-04:00,10.840498989113371,11.038455963134766,10.840498989113371,11.038455963134766,2100,0.0,0.0
2018-08-23 00:00:00-04:00,11.283546481545086,11.283546481545086,11.192109107971191,11.192109107971191,3500,0.0,0.0
2018-08-24 00:00:00-04:00,11.0686211324236,11.170428276062012,11.066735964779337,11.170428276062012,2000,0.0,0.0
2018-08-27 00:00:00-04:00,11.349532460235276,11.358959197998047,11.349532460235276,11.358959197998047,600,0.0,0.0
2018-08-28 00:00:00-04:00,11.191165372252353,11.29297161102295,11.18928020471706,11.29297161102295,3200,0.0,0.0
2018-08-29 00:00:00-04:00,11.161001205444336,11.161001205444336,11.161001205444336,11.161001205444336,300,0.0,0.0
2018-08-30 00:00:00-04:00,11.198707270569754,11.203420639038086,11.18928053363309,11.203420639038086,3400,0.0,0.0
2018-08-31 00:00:00-04:00,11.19399359249586,11.208133697509766,11.19399359249586,11.208133697509766,300,0.0,0.0
2018-09-04 00:00:00-04:00,11.060137359585662,11.060137359585662,11.01017727088317,11.029029846191406,1100,0.0,0.0
2018-09-05 00:00:00-04:00,11.069563802227036,11.076162338256836,11.069563802227036,11.076162338256836,300,0.0,0.0
2018-09-06 00:00:00-04:00,11.010176658630371,11.010176658630371,11.010176658630371,11.010176658630371,200,0.0,0.0
2018-09-07 00:00:00-04:00,10.95644474029541,10.95644474029541,10.95644474029541,10.95644474029541,300,0.0,0.0
2018-09-10 00:00:00-04:00,11.095015525817871,11.095015525817871,11.095015525817871,11.095015525817871,1300,0.0,0.0
2018-09-11 00:00:00-04:00,11.095015525817871,11.095015525817871,11.095015525817871,11.095015525817871,0,0.0,0.0
2018-09-12 00:00:00-04:00,11.415516884411446,11.415516884411446,11.40137767791748,11.40137767791748,800,0.0,0.0
2018-09-13 00:00:00-04:00,11.47207640854599,11.50035572052002,11.47207640854599,11.50035572052002,1900,0.0,0.0
2018-09-14 00:00:00-04:00,11.241126457688573,11.2439546585083,11.241126457688573,11.2439546585083,1500,0.0,0.0
2018-09-17 00:00:00-04:00,11.161000617487556,11.28354549407959,11.132721307191877,11.28354549407959,3300,0.0,0.0
2018-09-18 00:00:00-04:00,11.264692295371711,11.264692295371711,11.19399356842041,11.19399356842041,5300,0.0,0.0
2018-09-19 00:00:00-04:00,11.311825824300877,11.349531874422555,11.276947975158691,11.276947975158691,20800,0.0,0.0
2018-09-20 00:00:00-04:00,11.611588105148341,11.626670344163227,11.604047435132435,11.622900009155273,1800,0.0,0.0
2018-09-21 00:00:00-04:00,11.660606384277344,11.660606384277344,11.651179647509148,11.660606384277344,500,0.0,0.0
2018-09-24 00:00:00-04:00,11.52863503249405,11.52863503249405,11.481503145531706,11.50035572052002,1900,0.0,0.0
2018-09-25 00:00:00-04:00,11.453222942031916,11.500355728008067,11.406091055038885,11.472076416015625,12600,0.0,0.0
2018-09-26 00:00:00-04:00,10.944191040218223,11.113868713378906,10.944191040218223,11.113868713378906,11300,0.0,0.0
2018-09-27 00:00:00-04:00,11.038455963134766,11.038455963134766,11.038455963134766,11.038455963134766,200,0.0,0.0
2018-09-28 00:00:00-04:00,10.843326809896919,10.873491287231445,10.843326809896919,10.873491287231445,2200,0.0,0.0
2018-10-01 00:00:00-04:00,10.708527874608263,10.708527874608263,10.604836463928223,10.604836463928223,600,0.0,0.0
2018-10-02 00:00:00-04:00,10.406879480195379,10.505858421325684,10.406879480195379,10.505858421325684,800,0.0,0.0
2018-10-03 00:00:00-04:00,10.661395067692098,10.689674377441406,10.661395067692098,10.689674377441406,400,0.0,0.0
2018-10-04 00:00:00-04:00,10.256054543994553,10.256054543994553,10.237201071239822,10.246627807617188,800,0.0,0.0
2018-10-05 00:00:00-04:00,10.180642729967031,10.199495304255402,10.128796577453613,10.128796577453613,7300,0.0,0.0
2018-10-08 00:00:00-04:00,9.520786671870246,9.765875537275958,9.483080623424513,9.756449699401855,3900,0.0,0.0
2018-10-09 00:00:00-04:00,9.681036949157715,9.681036949157715,9.681036949157715,9.681036949157715,300,0.0,0.0
2018-10-10 00:00:00-04:00,9.596198694944956,9.641445413341922,9.596198694944956,9.61505126953125,2400,0.0,0.0
2018-10-11 00:00:00-04:00,9.82243542755418,9.82243542755418,9.773417472839355,9.773417472839355,900,0.0,0.0
2018-10-12 00:00:00-04:00,9.64332995480634,9.652756690979004,9.60091143999544,9.652756690979004,2700,0.0,0.0
2018-10-15 00:00:00-04:00,8.116233614949488,8.116233614949488,7.833438726519763,7.871144771575928,15600,0.0,0.0
2018-10-16 00:00:00-04:00,8.275543005576633,8.285911876560148,8.208614613357833,8.25291919708252,9300,0.0,0.0
2018-10-17 00:00:00-04:00,8.48386892798705,8.48386892798705,8.314191261752716,8.31701946258545,12500,0.0,0.0
2018-10-18 00:00:00-04:00,8.172794108875463,8.832650425718947,8.144514796449021,8.488582611083984,19100,0.0,0.0
2018-10-19 00:00:00-04:00,8.9174887177624,8.947653195978633,8.889209407061795,8.908061981201172,34600,0.0,0.0
2018-10-22 00:00:00-04:00,8.892036739280968,8.903348643396546,8.892036739280968,8.893922805786133,700,0.0,0.0
2018-10-23 00:00:00-04:00,8.474442565916181,8.681826289485507,8.474442565916181,8.658260345458984,3100,0.0,0.0
2018-10-24 00:00:00-04:00,8.804371509940871,8.804371509940871,8.7666654586792,8.7666654586792,1900,0.0,0.0
2018-10-25 00:00:00-04:00,8.672399881033428,8.851504298763757,8.672399881033428,8.7666654586792,3200,0.0,0.0
2018-10-26 00:00:00-04:00,8.804371183282548,8.832650495933795,8.69125303369442,8.728959083557129,7100,0.0,0.0
2018-10-29 00:00:00-04:00,9.002327542605327,9.002327542605327,8.936341285705566,8.936341285705566,3000,0.0,0.0
2018-10-30 00:00:00-04:00,9.115446702028132,9.153152753473602,9.077740650582664,9.134299278259277,3600,0.0,0.0
2018-10-31 00:00:00-04:00,9.313403419039076,9.313403419039076,9.190858530751084,9.195571899414062,5900,0.0,0.0
2018-11-01 00:00:00-04:00,9.473653824946064,9.473653824946064,8.31419126956104,8.592273712158203,22000,0.0,0.0
2018-11-02 00:00:00-04:00,9.115447006949543,9.115447006949543,8.81379858529533,8.917490005493164,6000,0.0,0.0
2018-11-05 00:00:00-05:00,8.983473497799402,8.983473497799402,8.936340717008491,8.974047660827637,1700,0.0,0.0
2018-11-06 00:00:00-05:00,8.898636529648172,8.945769320277444,8.898636529648172,8.917490005493164,1900,0.0,0.0
2018-11-07 00:00:00-05:00,9.04945957123883,9.13901086408631,9.04945957123883,9.121100425720215,3500,0.0,0.0
2018-11-08 00:00:00-05:00,9.058886533657555,9.058886533657555,8.931629180908203,8.931629180908203,3100,0.0,0.0
2018-11-09 00:00:00-05:00,8.898634973583532,8.898634973583532,8.892036437988281,8.892036437988281,800,0.0,0.0
2018-11-12 00:00:00-05:00,8.549854944776415,8.580962459378473,8.549854944776415,8.568708419799805,1100,0.0,0.0
2018-11-13 00:00:00-05:00,8.559281682288109,8.618668510442083,8.531002368736194,8.568708419799805,4800,0.0,0.0
2018-11-14 00:00:00-05:00,8.49800932477091,8.49800932477091,8.474442481994629,8.474442481994629,1600,0.0,0.0
2018-11-15 00:00:00-05:00,8.351896954474386,8.399029737420593,8.295338334125386,8.370750427246094,7200,0.0,0.0
2018-11-16 00:00:00-05:00,8.351896954474386,8.408456473806448,8.351896954474386,8.370750427246094,800,0.0,0.0
2018-11-19 00:00:00-05:00,8.366036683116281,8.380176787059662,8.269885954063945,8.276484489440918,4600,0.0,0.0
2018-11-20 00:00:00-05:00,8.172794391879593,8.17750776061107,8.12377643585205,8.12377643585205,2900,0.0,0.0
2018-11-21 00:00:00-05:00,8.785517809674255,9.294549938153597,8.785517809674255,9.124873161315918,15100,0.0,0.0
2018-11-23 00:00:00-05:00,9.407667493928537,9.417094230651855,9.388814919464997,9.417094230651855,2300,0.0,0.0
2018-11-26 00:00:00-05:00,9.69046279468101,9.709316267139167,9.624477439043547,9.674437522888184,27900,0.0,0.0
2018-11-27 00:00:00-05:00,9.55849203622307,9.63390412771736,9.55849203622307,9.596198081970215,7500,0.0,0.0
2018-11-28 00:00:00-05:00,9.60562392871565,9.756449010837157,9.567917882931033,9.695176124572754,247600,0.0,0.0
2018-11-29 00:00:00-05:00,9.699889449635924,9.744194030761719,9.699889449635924,9.744194030761719,400,0.0,0.0
2018-11-30 00:00:00-05:00,9.671610832214355,9.671610832214355,9.671610832214355,9.671610832214355,1200,0.0,0.0
2018-12-03 00:00:00-05:00,9.577344643587322,9.70931625366211,9.577344643587322,9.70931625366211,1100,0.0,0.0
2018-12-04 00:00:00-05:00,9.586771233854085,9.596197969926566,9.25684266318148,9.285122871398926,11500,0.0,0.0
2018-12-06 00:00:00-05:00,9.068312972545405,9.139011699300946,9.044747029954587,9.106019020080566,8400,0.0,0.0
2018-12-07 00:00:00-05:00,9.021180484883097,9.021180484883097,8.920317276377554,8.931629180908203,10500,0.0,0.0
2018-12-10 00:00:00-05:00,9.124873736134186,9.143726312977916,8.961794586367354,9.016468048095703,11000,0.0,0.0
2018-12-11 00:00:00-05:00,9.185202504426222,9.205940246582031,9.185202504426222,9.205940246582031,800,0.0,0.0
2018-12-12 00:00:00-05:00,9.332255363464355,9.360535573529326,9.322829525759124,9.332255363464355,1000,0.0,0.0
2018-12-13 00:00:00-05:00,9.237991006935147,9.237991006935147,9.200284957885742,9.200284957885742,700,0.0,0.0
2018-12-14 00:00:00-05:00,9.190857392228317,9.190857392228317,9.081509590148926,9.081509590148926,400,0.0,0.0
2018-12-17 00:00:00-05:00,9.081509590148926,9.081509590148926,9.081509590148926,9.081509590148926,100,0.0,0.0
2018-12-18 00:00:00-05:00,8.97404825624552,8.97404825624552,8.950481414794922,8.950481414794922,2500,0.0,0.0
2018-12-19 00:00:00-05:00,8.974049152711007,8.974049152711007,8.700679158474166,8.710105895996094,19500,0.0,0.0
2018-12-20 00:00:00-05:00,8.634692835985499,8.639406204223633,8.634692835985499,8.639406204223633,1400,0.0,0.0
2018-12-21 00:00:00-05:00,8.427309648237825,8.427309648237825,8.347184181213379,8.347184181213379,500,0.0,0.0
2018-12-24 00:00:00-05:00,8.248206477019147,8.32833194732666,8.191646951338425,8.32833194732666,1400,0.0,0.0
2018-12-26 00:00:00-05:00,8.32833194732666,8.32833194732666,8.32833194732666,8.32833194732666,200,0.0,0.0
2018-12-27 00:00:00-05:00,8.11623479937367,8.238779688435272,8.087955486200427,8.229352951049805,2800,0.0,0.0
2018-12-28 00:00:00-05:00,8.455590521040268,8.455590521040268,8.32361888885498,8.32361888885498,6100,0.0,0.0
2018-12-31 00:00:00-05:00,8.408458099093329,8.493296944998551,8.3707520452447,8.460304260253906,9100,0.0,0.0
2019-01-02 00:00:00-05:00,8.163366313492922,8.21992582999693,8.163366313492922,8.191645622253418,9500,0.0,0.0
2019-01-03 00:00:00-05:00,8.069103195945209,8.069103195945209,7.993690193176071,8.040822982788086,2900,0.0,0.0
2019-01-04 00:00:00-05:00,8.08795518075476,8.172794016053668,8.078528443725299,8.135087966918945,10500,0.0,0.0
2019-01-07 00:00:00-05:00,8.342471117071593,8.399029737420593,8.33304438068574,8.370750427246094,13400,0.0,0.0
2019-01-08 00:00:00-05:00,8.465015791523538,8.504607907809204,8.465015791523538,8.50272274017334,13700,0.0,0.0
2019-01-09 00:00:00-05:00,8.7666654495127,8.794944763183594,8.7666654495127,8.794944763183594,7800,0.0,0.0
2019-01-10 00:00:00-05:00,8.700678254331153,8.738385200500488,8.700678254331153,8.738385200500488,3600,0.0,0.0
2019-01-11 00:00:00-05:00,8.653546976857053,8.69125302668937,8.653546976857053,8.658260345458984,3500,0.0,0.0
2019-01-14 00:00:00-05:00,8.596988356653835,8.596988356653835,8.559282302856445,8.559282302856445,200,0.0,0.0
2019-01-15 00:00:00-05:00,8.625266734743114,8.625266734743114,8.573421478271484,8.573421478271484,7000,0.0,0.0
2019-01-16 00:00:00-05:00,8.681826258043749,8.681826258043749,8.653546945517709,8.672399520874023,10500,0.0,0.0
2019-01-17 00:00:00-05:00,8.691252708435059,8.691252708435059,8.691252708435059,8.691252708435059,1600,0.0,0.0
2019-01-18 00:00:00-05:00,8.813796666446047,8.813796666446047,8.776090621948242,8.776090621948242,11600,0.0,0.0
2019-01-22 00:00:00-05:00,8.521575905367456,8.521575905367456,8.493296590905782,8.50743579864502,1000,0.0,0.0
2019-01-23 00:00:00-05:00,8.7666654586792,8.7666654586792,8.7666654586792,8.7666654586792,300,0.0,0.0
2019-01-24 00:00:00-05:00,8.559281063083692,8.578134536743164,8.553625560375712,8.578134536743164,900,0.0,0.0
2019-01-25 00:00:00-05:00,8.691252708435059,8.691252708435059,8.691252708435059,8.691252708435059,300,0.0,0.0
2019-01-28 00:00:00-05:00,8.790231084436336,8.799657821655273,8.790231084436336,8.799657821655273,800,0.0,0.0
2019-01-29 00:00:00-05:00,8.964622497558594,8.964622497558594,8.936342284732968,8.964622497558594,9600,0.0,0.0
2019-01-30 00:00:00-05:00,10.444585152354337,10.482291200237153,10.067524673526167,10.340893745422363,31700,0.0,0.0
2019-01-31 00:00:00-05:00,10.538850833755665,10.699101763709535,10.519997360121984,10.588810920715332,9800,0.0,0.0
2019-02-01 00:00:00-05:00,10.708527960405453,10.887632369995117,10.680248647990345,10.887632369995117,48900,0.0,0.0
2019-02-04 00:00:00-05:00,10.510570560432683,10.595409393310547,10.510570560432683,10.595409393310547,900,0.0,0.0
2019-02-05 00:00:00-05:00,10.699102401733398,10.699102401733398,10.699102401733398,10.699102401733398,1200,0.0,0.0
2019-02-06 00:00:00-05:00,10.699102401733398,10.699102401733398,10.699102401733398,10.699102401733398,100,0.0,0.0
2019-02-07 00:00:00-05:00,10.46343792235242,10.46343792235242,10.095803305972932,10.152362823486328,8200,0.0,0.0
2019-02-08 00:00:00-05:00,10.251340866088867,10.251340866088867,10.251340866088867,10.251340866088867,200,0.0,0.0
2019-02-11 00:00:00-05:00,10.251340866088867,10.251340866088867,10.251340866088867,10.251340866088867,100,0.0,0.0
2019-02-12 00:00:00-05:00,10.538850811381037,10.651968955993652,10.538850811381037,10.651968955993652,500,0.0,0.0
2019-02-13 00:00:00-05:00,10.670822040958123,10.680248778205803,10.599181175231934,10.599181175231934,4700,0.0,0.0
2019-02-14 00:00:00-05:00,10.798080444335938,10.798080444335938,10.798080444335938,10.798080444335938,200,0.0,0.0
2019-02-15 00:00:00-05:00,10.798080444335938,10.798080444335938,10.798080444335938,10.798080444335938,100,0.0,0.0
2019-02-19 00:00:00-05:00,11.06202220916748,11.06202220916748,11.06202220916748,11.06202220916748,100,0.0,0.0
2019-02-20 00:00:00-05:00,11.118581771850586,11.118581771850586,11.118581771850586,11.118581771850586,400,0.0,0.0
2019-02-21 00:00:00-05:00,11.161001212743859,11.170427949672868,11.132721900939941,11.132721900939941,1800,0.0,0.0
2019-02-22 00:00:00-05:00,11.01960277557373,11.01960277557373,11.01960277557373,11.01960277557373,1500,0.0,0.0
2019-02-25 00:00:00-05:00,10.92533811097005,10.991323471069336,10.92533811097005,10.991323471069336,200,0.0,0.0
2019-02-26 00:00:00-05:00,10.981896767274172,11.076162338256836,10.981896767274172,11.076162338256836,900,0.0,0.0
2019-02-27 00:00:00-05:00,11.076162338256836,11.076162338256836,11.076162338256836,11.076162338256836,100,0.0,0.0
2019-02-28 00:00:00-05:00,11.076162338256836,11.076162338256836,11.076162338256836,11.076162338256836,0,0.0,0.0
2019-03-01 00:00:00-05:00,11.128008842468262,11.128008842468262,11.128008842468262,11.128008842468262,200,0.0,0.0
2019-03-04 00:00:00-05:00,11.047883033752441,11.047883033752441,11.047883033752441,11.047883033752441,1600,0.0,0.0
2019-03-05 00:00:00-05:00,11.029029846191406,11.029029846191406,11.029029846191406,11.029029846191406,300,0.0,0.0
2019-03-06 00:00:00-05:00,11.01960277557373,11.01960277557373,11.01960277557373,11.01960277557373,100,0.0,0.0
2019-03-07 00:00:00-05:00,10.628402147640742,10.736807823181152,10.60483620455719,10.736807823181152,500,0.0,0.0
2019-03-08 00:00:00-05:00,10.501145303622,10.501145303622,10.322040891197027,10.331467628479004,1700,0.0,0.0
2019-03-11 00:00:00-04:00,10.331467628479004,10.331467628479004,10.331467628479004,10.331467628479004,0,0.0,0.0
2019-03-12 00:00:00-04:00,10.55770492553711,10.55770492553711,10.55770492553711,10.55770492553711,400,0.0,0.0
2019-03-13 00:00:00-04:00,10.689674705413184,10.727380752563477,10.689674705413184,10.727380752563477,3100,0.0,0.0
2019-03-14 00:00:00-04:00,10.746232986450195,10.746232986450195,10.746232986450195,10.746232986450195,1400,0.0,0.0
2019-03-15 00:00:00-04:00,10.831072711399074,10.849926185429954,10.830130577087402,10.830130577087402,900,0.0,0.0
2019-03-18 00:00:00-04:00,10.840498305177432,10.84992504119873,10.812218996096565,10.84992504119873,2400,0.0,0.0
2019-03-19 00:00:00-04:00,10.944190994825334,10.944190994825334,10.887632369995117,10.887632369995117,500,0.0,0.0
2019-03-20 00:00:00-04:00,11.0761626329367,11.0761626329367,11.029029846191406,11.029029846191406,900,0.0,0.0
2019-03-21 00:00:00-04:00,11.029029846191406,11.029029846191406,11.029029846191406,11.029029846191406,0,0.0,0.0
2019-03-22 00:00:00-04:00,10.727381668601424,10.727381668601424,10.670822143554688,10.670822143554688,200,0.0,0.0
2019-03-25 00:00:00-04:00,10.793367385864258,10.793367385864258,10.793367385864258,10.793367385864258,100,0.0,0.0
2019-03-26 00:00:00-04:00,10.793367385864258,10.793367385864258,10.793367385864258,10.793367385864258,0,0.0,0.0
2019-03-27 00:00:00-04:00,10.897058773064959,10.897058773064959,10.821645777297995,10.878205299377441,2100,0.0,0.0
2019-03-28 00:00:00-04:00,11.06673526763916,11.06673526763916,10.953617125260962,11.06673526763916,4500,0.0,0.0
2019-03-29 00:00:00-04:00,10.944191320961353,10.944191320961353,10.925338745117188,10.925338745117188,5200,0.0,0.0
2019-04-01 00:00:00-04:00,11.128008819136676,11.128008819136676,11.113868713378906,11.113868713378906,200,0.0,0.0
2019-04-02 00:00:00-04:00,10.74623299168127,10.74623299168127,10.7179536819458,10.7179536819458,8900,0.0,0.0
2019-04-03 00:00:00-04:00,10.98189648396367,11.104441363486481,10.98189648396367,11.095015525817871,5500,0.0,0.0
2019-04-04 00:00:00-04:00,10.835785865783691,10.835785865783691,10.835785865783691,10.835785865783691,500,0.0,0.0
2019-04-05 00:00:00-04:00,10.793367385864258,10.793367385864258,10.793367385864258,10.793367385864258,100,0.0,0.0
2019-04-08 00:00:00-04:00,10.953617095947266,10.953617095947266,10.953617095947266,10.953617095947266,300,0.0,0.0
2019-04-09 00:00:00-04:00,11.132721900939941,11.132721900939941,11.132721900939941,11.132721900939941,100,0.0,0.0
2019-04-10 00:00:00-04:00,11.443796777616534,11.472076088802378,11.434370040893555,11.434370040893555,1400,0.0,0.0
2019-04-11 00:00:00-04:00,11.717165249680844,11.726591086938045,11.556914329528809,11.556914329528809,700,0.0,0.0
2019-04-12 00:00:00-04:00,11.556914329528809,11.556914329528809,11.556914329528809,11.556914329528809,0,0.0,0.0
2019-04-15 00:00:00-04:00,11.556914329528809,11.556914329528809,11.556914329528809,11.556914329528809,100,0.0,0.0
2019-04-16 00:00:00-04:00,11.556914329528809,11.556914329528809,11.556914329528809,11.556914329528809,100,0.0,0.0
2019-04-17 00:00:00-04:00,11.556914329528809,11.556914329528809,11.556914329528809,11.556914329528809,100,0.0,0.0
2019-04-18 00:00:00-04:00,11.556914329528809,11.556914329528809,11.556914329528809,11.556914329528809,0,0.0,0.0
2019-04-22 00:00:00-04:00,11.556914329528809,11.556914329528809,11.556914329528809,11.556914329528809,0,0.0,0.0
2019-04-23 00:00:00-04:00,12.710720072969346,12.710720072969346,12.38644790649414,12.38644790649414,400,0.0,0.0
2019-04-24 00:00:00-04:00,13.059377064856797,13.135414123535156,13.021358535517619,13.135414123535156,2900,0.108,0.0
2019-04-25 00:00:00-04:00,13.135414123535156,13.135414123535156,13.135414123535156,13.135414123535156,0,0.0,0.0
2019-04-26 00:00:00-04:00,13.026110649108887,13.026110649108887,13.026110649108887,13.026110649108887,800,0.0,0.0
2019-04-29 00:00:00-04:00,12.992844581604004,12.992844581604004,12.992844581604004,12.992844581604004,100,0.0,0.0
2019-04-30 00:00:00-04:00,13.211450576782227,13.211450576782227,13.211450576782227,13.211450576782227,400,0.0,0.0
2019-05-01 00:00:00-04:00,13.211450576782227,13.211450576782227,13.211450576782227,13.211450576782227,0,0.0,0.0
2019-05-02 00:00:00-04:00,13.211450576782227,13.211450576782227,13.211450576782227,13.211450576782227,0,0.0,0.0
2019-05-03 00:00:00-04:00,13.211450576782227,13.211450576782227,13.211450576782227,13.211450576782227,0,0.0,0.0
2019-05-06 00:00:00-04:00,13.211450576782227,13.211450576782227,13.211450576782227,13.211450576782227,100,0.0,0.0
2019-05-07 00:00:00-04:00,13.211451164716516,13.211451164716516,13.201947212219238,13.201947212219238,200,0.0,0.0
2019-05-08 00:00:00-04:00,13.27798452030921,13.377782821655273,13.27798452030921,13.377782821655273,300,0.0,0.0
2019-05-09 00:00:00-04:00,13.377782821655273,13.377782821655273,13.377782821655273,13.377782821655273,0,0.0,0.0
2019-05-10 00:00:00-04:00,13.116405899603315,13.125910758972168,13.116405899603315,13.125910758972168,1300,0.0,0.0
2019-05-13 00:00:00-04:00,12.992844581604004,12.992844581604004,12.992844581604004,12.992844581604004,100,0.0,0.0
2019-05-14 00:00:00-04:00,12.992844581604004,12.992844581604004,12.992844581604004,12.992844581604004,0,0.0,0.0
2019-05-15 00:00:00-04:00,13.144918441772461,13.144918441772461,13.144918441772461,13.144918441772461,100,0.0,0.0
2019-05-16 00:00:00-04:00,13.13066258763673,13.13066258763673,13.087892532348633,13.087892532348633,300,0.0,0.0
2019-05-17 00:00:00-04:00,12.973834991455078,12.973834991455078,12.973834991455078,12.973834991455078,1300,0.0,0.0
2019-05-20 00:00:00-04:00,12.992844851952087,12.992844851952087,12.988092422485352,12.988092422485352,400,0.0,0.0
2019-05-21 00:00:00-04:00,12.988092422485352,12.988092422485352,12.988092422485352,12.988092422485352,0,0.0,0.0
2019-05-22 00:00:00-04:00,12.988092422485352,12.988092422485352,12.988092422485352,12.988092422485352,0,0.0,0.0
2019-05-23 00:00:00-04:00,12.945321083068848,12.945321083068848,12.945321083068848,12.945321083068848,100,0.0,0.0
2019-05-24 00:00:00-04:00,13.325508117675781,13.325508117675781,13.325508117675781,13.325508117675781,2500,0.0,0.0
2019-05-28 00:00:00-04:00,13.20194679894059,13.20194679894059,13.192441940307617,13.192441940307617,300,0.0,0.0
2019-05-29 00:00:00-04:00,13.192441940307617,13.192441940307617,13.192441940307617,13.192441940307617,100,0.0,0.0
2019-05-30 00:00:00-04:00,13.192441940307617,13.192441940307617,13.192441940307617,13.192441940307617,100,0.0,0.0
2019-05-31 00:00:00-04:00,12.802751541137695,12.802751541137695,12.802751541137695,12.802751541137695,1000,0.0,0.0
2019-06-03 00:00:00-04:00,12.92631268454214,12.954826354980469,12.916807825584948,12.954826354980469,4500,0.0,0.0
2019-06-04 00:00:00-04:00,13.23996558312615,13.23996558312615,13.04036808013916,13.04036808013916,600,0.0,0.0
2019-06-05 00:00:00-04:00,13.62965625074455,13.639161109924316,13.62965625074455,13.639161109924316,400,0.0,0.0
2019-06-06 00:00:00-04:00,13.686683654785156,13.686683654785156,13.686683654785156,13.686683654785156,2600,0.0,0.0
2019-06-07 00:00:00-04:00,13.686683654785156,13.686683654785156,13.686683654785156,13.686683654785156,100,0.0,0.0
2019-06-10 00:00:00-04:00,13.686683654785156,13.686683654785156,13.686683654785156,13.686683654785156,100,0.0,0.0
2019-06-11 00:00:00-04:00,13.686683654785156,13.686683654785156,13.686683654785156,13.686683654785156,100,0.0,0.0
2019-06-12 00:00:00-04:00,14.352008533670183,14.418540731821937,14.323493957519531,14.323493957519531,21000,0.0,0.0
2019-06-13 00:00:00-04:00,14.399531364440918,14.399531364440918,14.399531364440918,14.399531364440918,100,0.0,0.0
2019-06-14 00:00:00-04:00,14.523091618452893,14.523091618452893,14.456559419567954,14.48507308959961,800,0.0,0.0
2019-06-17 00:00:00-04:00,14.65615731834269,14.675166130065918,14.65615731834269,14.675166130065918,300,0.0,0.0
2019-06-18 00:00:00-04:00,14.76070785522461,14.76070785522461,14.76070785522461,14.76070785522461,200,0.0,0.0
2019-06-19 00:00:00-04:00,14.884268760681152,14.884268760681152,14.884268760681152,14.884268760681152,900,0.0,0.0
2019-06-20 00:00:00-04:00,15.197920748995044,15.197920748995044,15.08386516571045,15.08386516571045,2600,0.0,0.0
2019-06-21 00:00:00-04:00,15.121884887069914,15.121884887069914,15.112380027770996,15.112380027770996,600,0.0,0.0
2019-06-24 00:00:00-04:00,14.94129753112793,14.94129753112793,14.94129753112793,14.94129753112793,100,0.0,0.0
2019-06-25 00:00:00-04:00,15.017334309571476,15.017334309571476,14.912782669067383,14.912782669067383,500,0.0,0.0
2019-06-26 00:00:00-04:00,14.912782669067383,14.912782669067383,14.912782669067383,14.912782669067383,0,0.0,0.0
2019-06-27 00:00:00-04:00,14.912782669067383,14.912782669067383,14.912782669067383,14.912782669067383,0,0.0,0.0
2019-06-28 00:00:00-04:00,14.931791305541992,14.931791305541992,14.931791305541992,14.931791305541992,100,0.0,0.0
2019-07-01 00:00:00-04:00,14.874763122847721,14.874763122847721,14.865259170532227,14.865259170532227,1700,0.0,0.0
2019-07-02 00:00:00-04:00,14.865259170532227,14.865259170532227,14.865259170532227,14.865259170532227,1000,0.0,0.0
2019-07-03 00:00:00-04:00,15.216931343078613,15.216931343078613,15.216931343078613,15.216931343078613,100,0.0,0.0
2019-07-05 00:00:00-04:00,14.47556875233104,14.542101860046387,14.47556875233104,14.542101860046387,2900,0.0,0.0
2019-07-08 00:00:00-04:00,14.76070785522461,14.76070785522461,14.76070785522461,14.76070785522461,100,0.0,0.0
2019-07-09 00:00:00-04:00,14.76070785522461,14.76070785522461,14.76070785522461,14.76070785522461,0,0.0,0.0
2019-07-10 00:00:00-04:00,14.96030634385046,14.96030634385046,14.94129753112793,14.94129753112793,2700,0.0,0.0
2019-07-11 00:00:00-04:00,14.94129753112793,14.94129753112793,14.94129753112793,14.94129753112793,0,0.0,0.0
2019-07-12 00:00:00-04:00,15.254949291521688,15.254949291521688,15.112380027770996,15.112380027770996,200,0.0,0.0
2019-07-15 00:00:00-04:00,15.140894889831543,15.140894889831543,15.140894889831543,15.140894889831543,100,0.0,0.0
2019-07-16 00:00:00-04:00,14.751203664438377,14.789222193205147,14.732193946838379,14.732193946838379,3400,0.0,0.0
2019-07-17 00:00:00-04:00,13.990832170442172,13.990832170442172,13.829253196716309,13.829253196716309,4100,0.0,0.0
2019-07-18 00:00:00-04:00,13.829253196716309,13.829253196716309,13.829253196716309,13.829253196716309,100,0.0,0.0
2019-07-19 00:00:00-04:00,13.829253196716309,13.829253196716309,13.829253196716309,13.829253196716309,0,0.0,0.0
2019-07-22 00:00:00-04:00,13.971822738647461,13.971822738647461,13.971822738647461,13.971822738647461,100,0.0,0.0
2019-07-23 00:00:00-04:00,13.971822738647461,13.971822738647461,13.971822738647461,13.971822738647461,0,0.0,0.0
2019-07-24 00:00:00-04:00,13.857767105102539,13.857767105102539,13.857767105102539,13.857767105102539,3000,0.0,0.0
2019-07-25 00:00:00-04:00,13.857767105102539,13.857767105102539,13.857767105102539,13.857767105102539,0,0.0,0.0
2019-07-26 00:00:00-04:00,13.639161109924316,13.639161109924316,13.639161109924316,13.639161109924316,400,0.0,0.0
2019-07-29 00:00:00-04:00,13.639161109924316,13.639161109924316,13.639161109924316,13.639161109924316,100,0.0,0.0
2019-07-30 00:00:00-04:00,13.639161109924316,13.639161109924316,13.639161109924316,13.639161109924316,100,0.0,0.0
2019-07-31 00:00:00-04:00,14.000336559459706,14.000336559459706,13.772225379943848,13.772225379943848,1500,0.0,0.0
2019-08-01 00:00:00-04:00,14.218943985822799,14.266467375497037,14.047860145568848,14.047860145568848,8500,0.0,0.0
2019-08-02 00:00:00-04:00,14.04786062688709,14.04786062688709,13.990833282470703,13.990833282470703,200,0.0,0.0
2019-08-05 00:00:00-04:00,13.772225820189925,13.772225820189925,13.601142883300781,13.601142883300781,8700,0.0,0.0
2019-08-06 00:00:00-04:00,13.772225820189925,13.772225820189925,13.601142883300781,13.601142883300781,8700,0.0,0.0
2019-08-07 00:00:00-04:00,13.5346097946167,13.5346097946167,13.5346097946167,13.5346097946167,3000,0.0,0.0
2019-08-08 00:00:00-04:00,13.5346097946167,13.5346097946167,13.5346097946167,13.5346097946167,3000,0.0,0.0
2019-08-09 00:00:00-04:00,13.5346097946167,13.5346097946167,13.5346097946167,13.5346097946167,300,0.0,0.0
2019-08-12 00:00:00-04:00,13.705691877533587,13.705691877533587,13.696187019348145,13.696187019348145,200,0.0,0.0
2019-08-13 00:00:00-04:00,13.658168493039538,13.696187019348145,13.658168493039538,13.696187019348145,1600,0.0,0.0
2019-08-14 00:00:00-04:00,13.144918791122391,13.220955848693848,13.144918791122391,13.220955848693848,1300,0.0,0.0
2019-08-15 00:00:00-04:00,12.97383456356774,13.030862808227539,12.97383456356774,13.030862808227539,3100,0.0,0.0
2019-08-16 00:00:00-04:00,13.030862808227539,13.030862808227539,13.030862808227539,13.030862808227539,0,0.0,0.0
2019-08-19 00:00:00-04:00,13.51560115814209,13.51560115814209,13.51560115814209,13.51560115814209,100,0.0,0.0
2019-08-20 00:00:00-04:00,13.51560115814209,13.51560115814209,13.51560115814209,13.51560115814209,0,0.0,0.0
2019-08-21 00:00:00-04:00,13.715197563171387,13.715197563171387,13.715197563171387,13.715197563171387,200,0.0,0.0
2019-08-22 00:00:00-04:00,13.306498527526855,13.306498527526855,13.306498527526855,13.306498527526855,3000,0.0,0.0
2019-08-23 00:00:00-04:00,13.211451835050854,13.211451835050854,13.173433303833008,13.173433303833008,5500,0.0,0.0
2019-08-26 00:00:00-04:00,13.173433303833008,13.173433303833008,13.173433303833008,13.173433303833008,0,0.0,0.0
2019-08-27 00:00:00-04:00,13.220955134964075,13.249468803405762,13.220955134964075,13.249468803405762,1400,0.0,0.0
2019-08-28 00:00:00-04:00,13.026110649108887,13.026110649108887,13.026110649108887,13.026110649108887,200,0.0,0.0
2019-08-29 00:00:00-04:00,13.040368016621738,13.106900215148926,13.040368016621738,13.106900215148926,200,0.0,0.0
2019-08-30 00:00:00-04:00,13.0783876727587,13.087892532348633,13.0783876727587,13.087892532348633,200,0.0,0.0
2019-09-03 00:00:00-04:00,13.211450576782227,13.211450576782227,13.211450576782227,13.211450576782227,400,0.0,0.0
2019-09-04 00:00:00-04:00,13.211450576782227,13.211450576782227,13.211450576782227,13.211450576782227,0,0.0,0.0
2019-09-05 00:00:00-04:00,13.477581453180639,13.477581453180639,13.41104834869473,13.420553207397461,6900,0.0,0.0
2019-09-06 00:00:00-04:00,13.420552553625278,13.420552553625278,13.38253402709961,13.38253402709961,300,0.0,0.0
2019-09-09 00:00:00-04:00,13.38253402709961,13.38253402709961,13.38253402709961,13.38253402709961,0,0.0,0.0
2019-09-10 00:00:00-04:00,12.584144352840195,12.584144352840195,12.555630683898926,12.555630683898926,300,0.0,0.0
2019-09-11 00:00:00-04:00,12.555630683898926,12.555630683898926,12.555630683898926,12.555630683898926,0,0.0,0.0
2019-09-12 00:00:00-04:00,12.555630683898926,12.555630683898926,12.555630683898926,12.555630683898926,100,0.0,0.0
2019-09-13 00:00:00-04:00,13.354022026062012,13.354022026062012,13.354022026062012,13.354022026062012,100,0.0,0.0
2019-09-16 00:00:00-04:00,13.354022026062012,13.354022026062012,13.354022026062012,13.354022026062012,100,0.0,0.0
2019-09-17 00:00:00-04:00,13.354022026062012,13.354022026062012,13.354022026062012,13.354022026062012,0,0.0,0.0
2019-09-18 00:00:00-04:00,13.857766994531142,13.857766994531142,13.810243606567383,13.810243606567383,600,0.0,0.0
2019-09-19 00:00:00-04:00,13.810243606567383,13.810243606567383,13.810243606567383,13.810243606567383,100,0.0,0.0
2019-09-20 00:00:00-04:00,13.867271725449852,13.867271725449852,13.819748337924617,13.829253196716309,2000,0.0,0.0
2019-09-23 00:00:00-04:00,13.829253196716309,13.829253196716309,13.829253196716309,13.829253196716309,0,0.0,0.0
2019-09-24 00:00:00-04:00,14.180926146475494,14.199934959411621,14.180926146475494,14.199934959411621,400,0.0,0.0
2019-09-25 00:00:00-04:00,14.199934959411621,14.199934959411621,14.199934959411621,14.199934959411621,0,0.0,0.0
2019-09-26 00:00:00-04:00,14.199934959411621,14.199934959411621,14.199934959411621,14.199934959411621,0,0.0,0.0
2019-09-27 00:00:00-04:00,14.199934959411621,14.199934959411621,14.199934959411621,14.199934959411621,0,0.0,0.0
2019-09-30 00:00:00-04:00,13.296993255615234,13.296993255615234,13.296993255615234,13.296993255615234,200,0.0,0.0
2019-10-01 00:00:00-04:00,13.296993255615234,13.296993255615234,13.296993255615234,13.296993255615234,100,0.0,0.0
2019-10-02 00:00:00-04:00,12.878789664601163,12.878789664601163,12.850275993347168,12.850275993347168,1400,0.0,0.0
2019-10-03 00:00:00-04:00,13.030862808227539,13.030862808227539,13.030862808227539,13.030862808227539,200,0.0,0.0
2019-10-04 00:00:00-04:00,13.125909742743225,13.192441940307617,13.125909742743225,13.192441940307617,700,0.0,0.0
2019-10-07 00:00:00-04:00,13.116405073919445,13.13541388502726,13.106900215148926,13.106900215148926,2900,0.0,0.0
2019-10-08 00:00:00-04:00,13.106900215148926,13.106900215148926,13.106900215148926,13.106900215148926,0,0.0,0.0
2019-10-09 00:00:00-04:00,12.96433103905933,12.973834991455078,12.96433103905933,12.973834991455078,1900,0.0,0.0
2019-10-10 00:00:00-04:00,12.593649753565495,12.593649753565495,12.546126365661621,12.546126365661621,2800,0.0,0.0
2019-10-11 00:00:00-04:00,12.840770435510914,12.86928410521361,12.812255859375,12.812255859375,2100,0.0,0.0
2019-10-14 00:00:00-04:00,12.812255859375,12.812255859375,12.812255859375,12.812255859375,0,0.0,0.0
2019-10-15 00:00:00-04:00,12.935817353318736,12.935817353318736,12.926313400268555,12.926313400268555,1500,0.0,0.0
2019-10-16 00:00:00-04:00,13.030862797305096,13.211450576782227,13.030862797305096,13.211450576782227,3000,0.0,0.0
2019-10-17 00:00:00-04:00,13.154424667358398,13.154424667358398,13.154424667358398,13.154424667358398,200,0.0,0.0
2019-10-18 00:00:00-04:00,15.22643600721202,15.41652774810791,15.22643600721202,15.41652774810791,300,0.0,0.0
2019-10-21 00:00:00-04:00,15.977302904128734,15.977302904128734,15.939285278320312,15.939285278320312,2700,0.0,0.0
2019-10-22 00:00:00-04:00,15.88225485860307,15.88225485860307,15.61612606048584,15.61612606048584,3700,0.0,0.0
2019-10-23 00:00:00-04:00,15.625630633384107,15.625630633384107,15.587611198425293,15.587611198425293,600,0.0,0.0
2019-10-24 00:00:00-04:00,15.32148332793644,15.32148332793644,15.29296875,15.29296875,200,0.0,0.0
2019-10-25 00:00:00-04:00,15.29296875,15.29296875,15.29296875,15.29296875,100,0.0,0.0
2019-10-28 00:00:00-04:00,15.56860148021438,15.56860148021438,15.473556518554688,15.473556518554688,400,0.0,0.0
2019-10-29 00:00:00-04:00,15.39751886361166,15.549592971801758,15.39751886361166,15.549592971801758,3100,0.0,0.0
2019-10-30 00:00:00-04:00,15.730181436993417,15.768200874328613,15.72067839052617,15.768200874328613,4400,0.0,0.0
2019-10-31 00:00:00-04:00,16.129377907058778,16.21491983584605,16.11036999955794,16.119873046875,2300,0.0,0.0
2019-11-01 00:00:00-04:00,16.119873046875,16.119873046875,16.119873046875,16.119873046875,0,0.0,0.0
2019-11-04 00:00:00-05:00,16.195909468946713,16.195909468946713,16.129375457763672,16.129375457763672,2100,0.0,0.0
2019-11-05 00:00:00-05:00,15.977301597595215,15.977301597595215,15.977301597595215,15.977301597595215,700,0.0,0.0
2019-11-06 00:00:00-05:00,16.17690086364746,16.17690086364746,16.17690086364746,16.17690086364746,100,0.0,0.0
2019-11-07 00:00:00-05:00,16.271945666022887,16.271945666022887,16.243431091308594,16.243431091308594,200,0.0,0.0
2019-11-08 00:00:00-05:00,16.36699340875007,16.523820877075195,16.36699340875007,16.523820877075195,3100,0.0,0.0
2019-11-11 00:00:00-05:00,16.523820877075195,16.523820877075195,16.523820877075195,16.523820877075195,100,0.0,0.0
2019-11-12 00:00:00-05:00,16.523820877075195,16.523820877075195,16.523820877075195,16.523820877075195,0,0.0,0.0
2019-11-13 00:00:00-05:00,16.5285701751709,16.5285701751709,16.5285701751709,16.5285701751709,200,0.0,0.0
2019-11-14 00:00:00-05:00,16.3955078125,16.3955078125,16.3955078125,16.3955078125,100,0.0,0.0
2019-11-15 00:00:00-05:00,16.557083129882812,16.557083129882812,16.557083129882812,16.557083129882812,200,0.0,0.0
2019-11-18 00:00:00-05:00,16.557083129882812,16.557083129882812,16.557083129882812,16.557083129882812,100,0.0,0.0
2019-11-19 00:00:00-05:00,16.34798361539515,16.34798361539515,15.87275155463211,15.882254600524902,6100,0.0,0.0
2019-11-20 00:00:00-05:00,15.882254600524902,15.882254600524902,15.882254600524902,15.882254600524902,1300,0.0,0.0
2019-11-21 00:00:00-05:00,16.129377106561947,16.167396545410156,16.129377106561947,16.167396545410156,1900,0.0,0.0
2019-11-22 00:00:00-05:00,16.32897323000843,16.338478088378906,16.32897323000843,16.338478088378906,1600,0.0,0.0
2019-11-25 00:00:00-05:00,16.538074493408203,16.538074493408203,16.538074493408203,16.538074493408203,200,0.0,0.0
2019-11-26 00:00:00-05:00,16.98479610244353,17.108355651151655,16.98479610244353,17.089345932006836,800,0.0,0.0
2019-11-27 00:00:00-05:00,16.95628023119033,17.013307571411133,16.95628023119033,17.013307571411133,800,0.0,0.0
2019-11-29 00:00:00-05:00,16.47154426574707,16.47154426574707,16.47154426574707,16.47154426574707,100,0.0,0.0
2019-12-02 00:00:00-05:00,16.29095638051831,16.29095638051831,16.195911407470703,16.195911407470703,200,0.0,0.0
2019-12-03 00:00:00-05:00,16.328974246009285,16.409762827885515,16.328974246009285,16.386001586914062,13000,0.0,0.0
2019-12-04 00:00:00-05:00,16.386001586914062,16.386001586914062,16.386001586914062,16.386001586914062,0,0.0,0.0
2019-12-05 00:00:00-05:00,16.386001586914062,16.386001586914062,16.386001586914062,16.386001586914062,0,0.0,0.0
2019-12-06 00:00:00-05:00,17.25092232920602,17.25092232920602,17.23191261291504,17.23191261291504,1700,0.0,0.0
2019-12-09 00:00:00-05:00,17.23191261291504,17.23191261291504,17.23191261291504,17.23191261291504,0,0.0,0.0
2019-12-10 00:00:00-05:00,17.23191261291504,17.23191261291504,17.23191261291504,17.23191261291504,0,0.0,0.0
2019-12-11 00:00:00-05:00,17.20340073900035,17.20340073900035,17.184391021728516,17.184391021728516,200,0.0,0.0
2019-12-12 00:00:00-05:00,17.089345932006836,17.089345932006836,17.089345932006836,17.089345932006836,100,0.0,0.0
2019-12-13 00:00:00-05:00,17.089345932006836,17.089345932006836,17.089345932006836,17.089345932006836,0,0.0,0.0
2019-12-16 00:00:00-05:00,17.089345932006836,17.089345932006836,17.089345932006836,17.089345932006836,0,0.0,0.0
2019-12-17 00:00:00-05:00,17.089345932006836,17.089345932006836,17.089345932006836,17.089345932006836,0,0.0,0.0
2019-12-18 00:00:00-05:00,16.813711356767826,16.870738698286175,16.794701638639545,16.84222412109375,700,0.0,0.0
2019-12-19 00:00:00-05:00,17.165382669139728,17.193897247314453,17.165382669139728,17.193897247314453,1900,0.0,0.0
2019-12-20 00:00:00-05:00,17.193897247314453,17.193897247314453,17.193897247314453,17.193897247314453,0,0.0,0.0
2019-12-23 00:00:00-05:00,17.193897247314453,17.193897247314453,17.193897247314453,17.193897247314453,0,0.0,0.0
2019-12-24 00:00:00-05:00,17.288944244384766,17.288944244384766,17.288944244384766,17.288944244384766,400,0.0,0.0
2019-12-26 00:00:00-05:00,17.288944244384766,17.288944244384766,17.288944244384766,17.288944244384766,0,0.0,0.0
2019-12-27 00:00:00-05:00,17.70714569091797,17.70714569091797,17.70714569091797,17.70714569091797,100,0.0,0.0
2019-12-30 00:00:00-05:00,17.792688469209978,17.792688469209978,17.692890167236328,17.692890167236328,500,0.0,0.0
2019-12-31 00:00:00-05:00,17.59309196472168,17.59309196472168,17.59309196472168,17.59309196472168,100,0.0,0.0
2020-01-02 00:00:00-05:00,17.754669189453125,17.754669189453125,17.754669189453125,17.754669189453125,100,0.0,0.0
2020-01-03 00:00:00-05:00,17.754669189453125,17.754669189453125,17.754669189453125,17.754669189453125,0,0.0,0.0
2020-01-06 00:00:00-05:00,17.5075488075561,17.5075488075561,17.45052146911621,17.45052146911621,800,0.0,0.0
2020-01-07 00:00:00-05:00,17.57408059373292,17.57408059373292,17.555070877075195,17.555070877075195,300,0.0,0.0
2020-01-08 00:00:00-05:00,17.555070877075195,17.555070877075195,17.555070877075195,17.555070877075195,0,0.0,0.0
2020-01-09 00:00:00-05:00,17.678632736206055,17.678632736206055,17.678632736206055,17.678632736206055,200,0.0,0.0
2020-01-10 00:00:00-05:00,17.87822914123535,17.887733999740956,17.87822914123535,17.87822914123535,4500,0.0,0.0
2020-01-13 00:00:00-05:00,17.87822914123535,17.87822914123535,17.87822914123535,17.87822914123535,0,0.0,0.0
2020-01-14 00:00:00-05:00,17.87822914123535,17.87822914123535,17.87822914123535,17.87822914123535,0,0.0,0.0
2020-01-15 00:00:00-05:00,17.87822914123535,17.87822914123535,17.87822914123535,17.87822914123535,0,0.0,0.0
2020-01-16 00:00:00-05:00,17.773678559074938,17.840210752886648,17.735659126687494,17.792686462402344,600,0.0,0.0
2020-01-17 00:00:00-05:00,17.792686462402344,17.792686462402344,17.792686462402344,17.792686462402344,0,0.0,0.0
2020-01-21 00:00:00-05:00,17.792686462402344,17.792686462402344,17.792686462402344,17.792686462402344,0,0.0,0.0
2020-01-22 00:00:00-05:00,17.792686462402344,17.792686462402344,17.792686462402344,17.792686462402344,0,0.0,0.0
2020-01-23 00:00:00-05:00,17.963773727416992,17.963773727416992,17.963773727416992,17.963773727416992,100,0.0,0.0
2020-01-24 00:00:00-05:00,17.963773727416992,17.963773727416992,17.963773727416992,17.963773727416992,0,0.0,0.0
2020-01-27 00:00:00-05:00,17.764175415039062,17.764175415039062,17.764175415039062,17.764175415039062,300,0.0,0.0
2020-01-28 00:00:00-05:00,17.659623494955092,17.764175129562222,17.659623494955092,17.735660552978516,2300,0.0,0.0
2020-01-29 00:00:00-05:00,17.87822914123535,17.87822914123535,17.87822914123535,17.87822914123535,200,0.0,0.0
2020-01-30 00:00:00-05:00,16.024826739078108,16.17690086364746,15.682659052363778,16.17690086364746,4500,0.0,0.0
2020-01-31 00:00:00-05:00,16.157890033984977,16.157890033984977,16.129375457763672,16.129375457763672,3200,0.0,0.0
2020-02-03 00:00:00-05:00,16.433524170676044,16.514312744140625,16.433524170676044,16.514312744140625,200,0.0,0.0
2020-02-04 00:00:00-05:00,16.514312744140625,16.514312744140625,16.514312744140625,16.514312744140625,0,0.0,0.0
2020-02-05 00:00:00-05:00,17.536063926467488,17.536063926467488,17.441017150878906,17.441017150878906,500,0.0,0.0
2020-02-06 00:00:00-05:00,17.441017150878906,17.441017150878906,17.441017150878906,17.441017150878906,0,0.0,0.0
2020-02-07 00:00:00-05:00,16.93727029178774,16.93727029178774,16.91826057434082,16.91826057434082,300,0.0,0.0
2020-02-10 00:00:00-05:00,16.90875816345215,16.918261209666035,16.889748445291364,16.90875816345215,2000,0.0,0.0
2020-02-11 00:00:00-05:00,16.84222412109375,16.84222412109375,16.84222412109375,16.84222412109375,200,0.0,0.0
2020-02-12 00:00:00-05:00,16.83271926202961,16.84222412109375,16.83271926202961,16.84222412109375,10200,0.0,0.0
2020-02-13 00:00:00-05:00,16.519065856933594,16.519065856933594,16.519065856933594,16.519065856933594,4400,0.0,0.0
2020-02-14 00:00:00-05:00,16.519065856933594,16.519065856933594,16.519065856933594,16.519065856933594,0,0.0,0.0
2020-02-18 00:00:00-05:00,16.519065856933594,16.519065856933594,16.519065856933594,16.519065856933594,0,0.0,0.0
2020-02-19 00:00:00-05:00,16.519065856933594,16.519065856933594,16.519065856933594,16.519065856933594,0,0.0,0.0
2020-02-20 00:00:00-05:00,16.519065856933594,16.519065856933594,16.519065856933594,16.519065856933594,100,0.0,0.0
2020-02-21 00:00:00-05:00,16.519065856933594,16.519065856933594,16.519065856933594,16.519065856933594,0,0.0,0.0
2020-02-24 00:00:00-05:00,16.32897323000843,16.40501028410588,16.32897323000843,16.338478088378906,4400,0.0,0.0
2020-02-25 00:00:00-05:00,16.186405903150366,16.186405903150366,15.910770416259766,15.910770416259766,7300,0.0,0.0
2020-02-26 00:00:00-05:00,16.405012268265647,16.405012268265647,16.271947860717773,16.271947860717773,7200,0.0,0.0
2020-02-27 00:00:00-05:00,15.986807342635702,16.376497514455643,15.929779998992107,16.043834686279297,18300,0.0,0.0
2020-02-28 00:00:00-05:00,15.559099275567384,15.901265144348145,15.407023340383502,15.901265144348145,17600,0.0,0.0
2020-03-02 00:00:00-05:00,16.04383210438032,16.319467544555664,15.901262861781408,16.319467544555664,12000,0.0,0.0
2020-03-03 00:00:00-05:00,17.051325636244655,17.364978701547834,16.908756390718903,17.003801345825195,22500,0.0,0.0
2020-03-04 00:00:00-05:00,17.003806031751456,17.250926971435547,16.91351257437079,17.250926971435547,18400,0.0,0.0
2020-03-05 00:00:00-05:00,17.640613957634212,18.62909753491391,17.640613957634212,18.191883087158203,18900,0.0,0.0
2020-03-06 00:00:00-05:00,18.03030428241219,18.03030428241219,17.645367461692985,17.697643280029297,40800,0.0,0.0
2020-03-09 00:00:00-04:00,16.899252315249246,17.23191329925962,16.728168487548828,16.728168487548828,42900,0.0,0.0
2020-03-10 00:00:00-04:00,17.488540925259574,17.51705550390432,16.880244417104436,17.222412109375,17600,0.0,0.0
2020-03-11 00:00:00-04:00,16.04383396811541,16.04383396811541,15.321482813320012,15.483061790466309,13000,0.0,0.0
2020-03-12 00:00:00-04:00,14.12389705501774,14.779717831336395,13.9147955929866,14.247457504272461,40700,0.0,0.0
2020-03-13 00:00:00-04:00,14.2569624896175,15.048699313909445,13.563124083544082,14.950800895690918,28900,0.0,0.0
2020-03-16 00:00:00-04:00,14.760707863471744,16.062843628535173,14.760707863471744,15.1218843460083,63500,0.0,0.0
2020-03-17 00:00:00-04:00,15.411775399818557,16.7471781019712,15.411775399818557,16.500057220458984,19400,0.0,0.0
2020-03-18 00:00:00-04:00,16.233928244573164,16.78995073676591,15.44504304172583,15.635136604309082,33400,0.0,0.0
2020-03-19 00:00:00-04:00,15.83948490499805,16.181650744108257,15.4925639173738,15.563849449157715,10800,0.0,0.0
2020-03-20 00:00:00-04:00,15.863247149957012,16.268143630065136,15.530584335327148,15.530584335327148,13800,0.0,0.0
2020-03-23 00:00:00-04:00,15.80621706680706,16.671141059158035,15.80621706680706,15.825226783752441,18300,0.0,0.0
2020-03-24 00:00:00-04:00,15.93453208519065,16.832720483990684,15.77295309510352,16.3955078125,9100,0.0,0.0
2020-03-25 00:00:00-04:00,16.395508768280443,16.865989382770724,16.26244434969871,16.57609748840332,3200,0.0,0.0
2020-03-26 00:00:00-04:00,17.422008208681945,17.5455677534405,17.417256685480922,17.427711486816406,4300,0.0,0.0
2020-03-27 00:00:00-04:00,17.09885046626527,17.358327870342226,17.070335888090543,17.193897247314453,2100,0.0,0.0
2020-03-30 00:00:00-04:00,18.534050401228242,18.657609939575195,18.391481145330545,18.657609939575195,25100,0.0,0.0
2020-03-31 00:00:00-04:00,17.963772322772016,18.324949720010665,17.963772322772016,18.08733367919922,5700,0.0,0.0
2020-04-01 00:00:00-04:00,17.659622918640068,17.78318245407089,17.40299717636097,17.45052146911621,4600,0.0,0.0
2020-04-02 00:00:00-04:00,17.555073136817438,17.555073136817438,17.51705551147461,17.51705551147461,900,0.0,0.0
2020-04-03 00:00:00-04:00,17.631108218689555,17.697642228077836,17.55507116368362,17.583585739135742,1000,0.0,0.0
2020-04-06 00:00:00-04:00,17.821202372511134,17.935258865356445,17.792687796083193,17.935258865356445,7600,0.0,0.0
2020-04-07 00:00:00-04:00,17.37258231061359,17.835457852744348,17.299396895634356,17.555070877075195,8300,0.0,0.0
2020-04-08 00:00:00-04:00,17.326959550195266,17.65962233706086,17.249022613229588,17.393491744995117,3400,0.0,0.0
2020-04-09 00:00:00-04:00,17.726156418744118,17.854469299316406,17.583587155730424,17.854469299316406,12600,0.0,0.0
2020-04-13 00:00:00-04:00,18.210891896151274,18.210891896151274,17.545566305199582,17.583585739135742,3900,0.0,0.0
2020-04-14 00:00:00-04:00,18.115846594568666,18.29643529469032,18.115846594568666,18.248912811279297,4600,0.0,0.0
2020-04-15 00:00:00-04:00,17.9067440032959,18.16336974845454,17.84021180555842,17.9067440032959,6700,0.0,0.0
2020-04-16 00:00:00-04:00,17.783180708797783,17.783180708797783,17.469527658861267,17.479032516479492,5000,0.0,0.0
2020-04-17 00:00:00-04:00,17.003802333378893,17.211953842766185,16.92776527715796,17.184391021728516,9500,0.0,0.0
2020-04-20 00:00:00-04:00,17.954264405786454,18.286927168839647,17.944759548228795,18.106338500976562,5200,0.0,0.0
2020-04-21 00:00:00-04:00,18.391482765509377,18.58157451916343,17.954268287658504,18.40098762512207,5200,0.0,0.0
2020-04-22 00:00:00-04:00,17.616851938352156,17.84971644037962,17.616851938352156,17.811697006225586,5800,0.0,0.0
2020-04-23 00:00:00-04:00,17.859222412109375,17.859222412109375,17.859222412109375,17.859222412109375,1700,0.0,0.0
2020-04-24 00:00:00-04:00,17.526557952267446,17.59309014708554,17.41725480179967,17.4932918548584,4600,0.0,0.0
2020-04-27 00:00:00-04:00,17.683385747062502,17.783184051513672,17.678634223793356,17.783184051513672,6200,0.0,0.0
2020-04-28 00:00:00-04:00,17.83070630343102,17.9447609774746,17.68813705444336,17.68813705444336,32100,0.0,0.0
2020-04-29 00:00:00-04:00,17.68813705444336,17.68813705444336,17.68813705444336,17.68813705444336,0,0.0,0.0
2020-04-30 00:00:00-04:00,18.01129608234661,18.058818563947252,17.973276646772923,17.997037887573242,8600,0.0,0.0
2020-05-01 00:00:00-04:00,17.578834533691406,17.578834533691406,17.578834533691406,17.578834533691406,2100,0.0,0.0
2020-05-04 00:00:00-04:00,17.67387994098339,17.678633276864495,17.564576782982016,17.66912841796875,19100,0.0,0.0
2020-05-05 00:00:00-04:00,17.66912841796875,17.66912841796875,17.66912841796875,17.66912841796875,3400,0.0,0.0
2020-05-06 00:00:00-04:00,17.650117794794287,17.75086784362793,17.650117794794287,17.75086784362793,6700,0.0,0.0
2020-05-07 00:00:00-04:00,17.621605050707643,17.778430682439335,17.621605050707643,17.716650009155273,1100,0.0,0.0
2020-05-08 00:00:00-04:00,17.7641748116236,17.868724631493063,17.7641748116236,17.840211868286133,2200,0.0,0.0
2020-05-11 00:00:00-04:00,17.593092217677807,17.735661482334105,17.593092217677807,17.71950340270996,2900,0.0,0.0
2020-05-12 00:00:00-04:00,18.229901918698232,18.343956596685775,18.229901918698232,18.267919540405273,2600,0.0,0.0
2020-05-13 00:00:00-04:00,17.935260702102553,18.001792907714844,17.935260702102553,18.001792907714844,900,0.0,0.0
2020-05-14 00:00:00-04:00,16.633121490478516,16.633121490478516,16.633121490478516,16.633121490478516,100,0.0,0.0
2020-05-15 00:00:00-04:00,16.528570013797516,16.528570013797516,16.357486186826605,16.4667911529541,1400,0.0,0.0
2020-05-18 00:00:00-04:00,16.471542214302048,16.737672805786133,16.471542214302048,16.737672805786133,2900,0.0,0.0
2020-05-19 00:00:00-04:00,16.728170249007835,16.728170249007835,16.566591262817383,16.566591262817383,4500,0.0,0.0
2020-05-20 00:00:00-04:00,16.870737767775434,17.597842223846815,16.870737767775434,17.384939193725586,1600,0.0,0.0
2020-05-21 00:00:00-04:00,17.868727775329877,17.868727775329877,17.326963424682617,17.326963424682617,2500,0.0,0.0
2020-05-22 00:00:00-04:00,16.91826057434082,16.91826057434082,16.91826057434082,16.91826057434082,500,0.0,0.0
2020-05-26 00:00:00-04:00,17.1748866110133,17.1748866110133,16.946775436401367,16.946775436401367,1000,0.0,0.0
2020-05-27 00:00:00-04:00,16.633123651023478,16.633123651023478,16.300460815429688,16.300460815429688,1600,0.0,0.0
2020-05-28 00:00:00-04:00,16.89164826402472,17.003803062726256,16.89164826402472,16.975290298461914,1000,0.0,0.0
2020-05-29 00:00:00-04:00,17.269933700561523,17.269933700561523,17.269933700561523,17.269933700561523,400,0.0,0.0
2020-06-01 00:00:00-04:00,17.2034015000333,17.269933700561523,17.18534172396621,17.269933700561523,2700,0.0,0.0
2020-06-02 00:00:00-04:00,16.984795092295446,17.04182243347168,16.984795092295446,17.04182243347168,1000,0.0,0.0
2020-06-03 00:00:00-04:00,17.2034015000333,17.269933700561523,17.2034015000333,17.269933700561523,300,0.0,0.0
2020-06-04 00:00:00-04:00,17.21290397644043,17.355473216818506,17.21290397644043,17.21290397644043,2000,0.0,0.0
2020-06-05 00:00:00-04:00,17.165381974831266,17.165381974831266,17.04182243347168,17.04182243347168,2800,0.0,0.0
2020-06-08 00:00:00-04:00,16.675895394585407,16.747180938720703,16.675895394585407,16.747180938720703,2000,0.0,0.0
2020-06-09 00:00:00-04:00,17.479032516479492,17.479032516479492,17.479032516479492,17.479032516479492,800,0.0,0.0
2020-06-10 00:00:00-04:00,17.82120262636742,17.897239685058594,17.82120262636742,17.897239685058594,300,0.0,0.0
2020-06-11 00:00:00-04:00,17.09885025024414,17.09885025024414,17.003803470395745,17.09885025024414,1000,0.0,0.0
2020-06-12 00:00:00-04:00,17.203401324904718,17.203401324904718,16.878341674804688,16.878341674804688,300,0.0,0.0
2020-06-15 00:00:00-04:00,17.250922247120602,17.43151092529297,17.250922247120602,17.43151092529297,1200,0.0,0.0
2020-06-16 00:00:00-04:00,17.5826358795166,17.5826358795166,17.5826358795166,17.5826358795166,600,0.0,0.0
2020-06-17 00:00:00-04:00,18.277423798202364,18.343955993652344,18.277423798202364,18.343955993652344,900,0.0,0.0
2020-06-18 00:00:00-04:00,18.343955993652344,18.343955993652344,18.343955993652344,18.343955993652344,100,0.0,0.0
2020-06-19 00:00:00-04:00,17.621604285183437,17.631107330322266,17.621604285183437,17.631107330322266,600,0.0,0.0
2020-06-22 00:00:00-04:00,17.773681640625,17.773681640625,17.773681640625,17.773681640625,600,0.0,0.0
2020-06-23 00:00:00-04:00,17.773681640625,17.773681640625,17.773681640625,17.773681640625,0,0.0,0.0
2020-06-24 00:00:00-04:00,17.773681640625,17.773681640625,17.773681640625,17.773681640625,0,0.0,0.0
2020-06-25 00:00:00-04:00,17.773681640625,17.773681640625,17.773681640625,17.773681640625,0,0.0,0.0
2020-06-26 00:00:00-04:00,17.773681640625,17.773681640625,17.773681640625,17.773681640625,0,0.0,0.0
2020-06-29 00:00:00-04:00,17.74491801723312,17.74491801723312,17.725744247436523,17.725744247436523,700,0.16,0.0
2020-06-30 00:00:00-04:00,17.725744247436523,17.725744247436523,17.725744247436523,17.725744247436523,0,0.0,0.0
2020-07-01 00:00:00-04:00,18.00375939306496,18.166732788085938,18.00375939306496,18.166732788085938,3500,0.0,0.0
2020-07-02 00:00:00-04:00,18.32011906355858,18.491719373301386,18.32011906355858,18.463918685913086,11300,0.0,0.0
2020-07-06 00:00:00-04:00,18.463918685913086,18.463918685913086,18.463918685913086,18.463918685913086,0,0.0,0.0
2020-07-07 00:00:00-04:00,18.713172912597656,18.713172912597656,18.713172912597656,18.713172912597656,300,0.0,0.0
2020-07-08 00:00:00-04:00,18.713172912597656,18.713172912597656,18.713172912597656,18.713172912597656,0,0.0,0.0
2020-07-09 00:00:00-04:00,19.134984356338443,19.134984356338443,18.885732650756836,18.885732650756836,1800,0.0,0.0
2020-07-10 00:00:00-04:00,18.454334259033203,18.454334259033203,18.454334259033203,18.454334259033203,300,0.0,0.0
2020-07-13 00:00:00-04:00,18.454334259033203,18.454334259033203,18.454334259033203,18.454334259033203,0,0.0,0.0
2020-07-14 00:00:00-04:00,18.559785347631294,18.665237426757812,18.559785347631294,18.665237426757812,1900,0.0,0.0
2020-07-15 00:00:00-04:00,19.441761740570897,19.585561382873795,19.441761740570897,19.460933685302734,3900,0.0,0.0
2020-07-16 00:00:00-04:00,20.92769230667921,20.92769230667921,20.26141929626465,20.26141929626465,2200,0.0,0.0
2020-07-17 00:00:00-04:00,21.119425492307396,21.119425492307396,21.04273223876953,21.04273223876953,10500,0.0,0.0
2020-07-20 00:00:00-04:00,22.049331422357884,22.183544158935547,22.049331422357884,22.183544158935547,500,0.0,0.0
2020-07-21 00:00:00-04:00,21.972637591851242,21.972637591851242,21.867183685302734,21.867183685302734,1800,0.0,0.0
2020-07-22 00:00:00-04:00,22.39445415262562,22.39445415262562,22.375280380249023,22.375280380249023,1200,0.0,0.0
2020-07-23 00:00:00-04:00,23.0367603765982,23.29559898376465,23.0367603765982,23.29559898376465,900,0.0,0.0
2020-07-24 00:00:00-04:00,23.29559898376465,23.29559898376465,23.29559898376465,23.29559898376465,0,0.0,0.0
2020-07-27 00:00:00-04:00,23.611958905655587,23.621545791625977,23.611958905655587,23.621545791625977,1500,0.0,0.0
2020-07-28 00:00:00-04:00,23.621545791625977,23.621545791625977,23.621545791625977,23.621545791625977,0,0.0,0.0
2020-07-29 00:00:00-04:00,23.343530654907227,23.343530654907227,23.343530654907227,23.343530654907227,100,0.0,0.0
2020-07-30 00:00:00-04:00,23.103865352545995,23.19014549255371,23.103865352545995,23.19014549255371,2600,0.0,0.0
2020-07-31 00:00:00-04:00,23.29559898376465,23.29559898376465,23.29559898376465,23.29559898376465,1600,0.0,0.0
2020-08-03 00:00:00-04:00,23.29559898376465,23.29559898376465,23.29559898376465,23.29559898376465,0,0.0,0.0
2020-08-04 00:00:00-04:00,22.72519171124028,22.80667932317875,22.701225411909473,22.79709243774414,1900,0.0,0.0
2020-08-05 00:00:00-04:00,22.79709243774414,22.79709243774414,22.79709243774414,22.79709243774414,0,0.0,0.0
2020-08-06 00:00:00-04:00,22.298586443392843,22.298586443392843,22.288999557495117,22.288999557495117,500,0.0,0.0
2020-08-07 00:00:00-04:00,22.24969482421875,22.24969482421875,22.24969482421875,22.24969482421875,300,0.0,0.0
2020-08-10 00:00:00-04:00,22.24969482421875,22.24969482421875,22.24969482421875,22.24969482421875,0,0.0,0.0
2020-08-11 00:00:00-04:00,22.10685212931822,22.10685212931822,22.097265243530273,22.097265243530273,2400,0.0,0.0
2020-08-12 00:00:00-04:00,22.490318298339844,22.490318298339844,22.490318298339844,22.490318298339844,200,0.0,0.0
2020-08-13 00:00:00-04:00,22.356104999634987,22.499904625091766,22.336931228637695,22.336931228637695,1400,0.0,0.0
2020-08-14 00:00:00-04:00,22.356103897094727,22.356103897094727,22.356103897094727,22.356103897094727,200,0.0,0.0
2020-08-17 00:00:00-04:00,22.356103897094727,22.356103897094727,22.356103897094727,22.356103897094727,0,0.0,0.0
2020-08-18 00:00:00-04:00,22.356103897094727,22.356103897094727,22.356103897094727,22.356103897094727,100,0.0,0.0
2020-08-19 00:00:00-04:00,22.356103897094727,22.356103897094727,22.356103897094727,22.356103897094727,0,0.0,0.0
2020-08-20 00:00:00-04:00,22.356103897094727,22.356103897094727,22.356103897094727,22.356103897094727,0,0.0,0.0
2020-08-21 00:00:00-04:00,22.356103897094727,22.356103897094727,22.356103897094727,22.356103897094727,0,0.0,0.0
2020-08-24 00:00:00-04:00,22.356103897094727,22.356103897094727,22.356103897094727,22.356103897094727,0,0.0,0.0
2020-08-25 00:00:00-04:00,22.183544158935547,22.183544158935547,22.183544158935547,22.183544158935547,100,0.0,0.0
2020-08-26 00:00:00-04:00,22.183544158935547,22.183544158935547,22.183544158935547,22.183544158935547,0,0.0,0.0
2020-08-27 00:00:00-04:00,21.85280418395996,21.85280418395996,21.85280418395996,21.85280418395996,200,0.0,0.0
2020-08-28 00:00:00-04:00,21.50289221450954,21.50289221450954,21.426198959350586,21.426198959350586,900,0.0,0.0
2020-08-31 00:00:00-04:00,21.397439832612413,21.407026718756548,21.301572799682617,21.301572799682617,1200,0.0,0.0
2020-09-01 00:00:00-04:00,20.884552001953125,20.884552001953125,20.884552001953125,20.884552001953125,800,0.0,0.0
2020-09-02 00:00:00-04:00,20.884552001953125,20.884552001953125,20.884552001953125,20.884552001953125,0,0.0,0.0
2020-09-03 00:00:00-04:00,20.419600193999017,20.43398143803862,19.92109489440918,19.92109489440918,2700,0.0,0.0
2020-09-04 00:00:00-04:00,19.41299819946289,19.42258508466177,19.00077127846803,19.41299819946289,3300,0.0,0.0
2020-09-08 00:00:00-04:00,19.115812864638883,19.460931603545774,19.115812864638883,19.432172775268555,1600,0.0,0.0
2020-09-09 00:00:00-04:00,20.16076075204786,20.275799728616526,20.16076075204786,20.227867126464844,7100,0.0,0.0
2020-09-10 00:00:00-04:00,20.247038387552845,20.247038387552845,19.748531341552734,19.748531341552734,4200,0.0,0.0
2020-09-11 00:00:00-04:00,20.0361328125,20.0361328125,20.0361328125,20.0361328125,300,0.0,0.0
2020-09-14 00:00:00-04:00,20.21827917787759,20.21827917787759,20.016958236694336,20.016958236694336,600,0.0,0.0
2020-09-15 00:00:00-04:00,20.314146931811027,20.553813595565483,20.23745367255006,20.51067352294922,62100,0.0,0.0
2020-09-16 00:00:00-04:00,20.371665602153122,20.371665602153122,19.978612435639555,20.002578735351562,57700,0.0,0.0
2020-09-17 00:00:00-04:00,20.055307380555682,20.218280792236328,20.0169598349783,20.218280792236328,5700,0.0,0.0
2020-09-18 00:00:00-04:00,20.505877226817113,20.5921573638916,20.505877226817113,20.5921573638916,3300,0.0,0.0
2020-09-21 00:00:00-04:00,20.395630616769864,20.596951544391022,20.362077433584897,20.563398361206055,1500,0.0,0.0
2020-09-22 00:00:00-04:00,20.275799301962152,20.275799301962152,20.122412784090532,20.170347213745117,4300,0.0,0.0
2020-09-23 00:00:00-04:00,20.208691991714865,20.247039533660047,20.026544824498146,20.05530548095703,4900,0.0,0.0
2020-09-24 00:00:00-04:00,19.556798506917765,19.556798506917765,19.326718739602434,19.499279022216797,3900,0.0,0.0
2020-09-25 00:00:00-04:00,19.949852788851594,20.294973373413086,19.949852788851594,20.294973373413086,700,0.0,0.0
2020-09-28 00:00:00-04:00,20.371665826020404,20.371665826020404,20.151172940628584,20.275798797607422,3100,0.0,0.0
2020-09-29 00:00:00-04:00,20.23745346069336,20.23745346069336,20.23745346069336,20.23745346069336,3300,0.0,0.0
2020-09-30 00:00:00-04:00,20.707200620085434,20.97562611980225,20.688026847673783,20.908519744873047,17700,0.0,0.0
2020-10-01 00:00:00-04:00,21.25843076887081,21.287191424655013,21.205705642700195,21.205705642700195,9900,0.0,0.0
2020-10-02 00:00:00-04:00,20.99479781248874,21.100251721795082,20.99479781248874,21.04273223876953,1300,0.0,0.0
2020-10-05 00:00:00-04:00,21.339919031493732,21.339919031493732,21.071491721505428,21.28911018371582,3600,0.0,0.0
2020-10-06 00:00:00-04:00,20.87017138297232,20.95645151937595,20.72637176513672,20.72637176513672,1800,0.0,0.0
2020-10-07 00:00:00-04:00,21.100252702962695,21.100252702962695,21.090665817260742,21.090665817260742,1200,0.0,0.0
2020-10-08 00:00:00-04:00,20.937280398974256,21.07149314880371,20.913314097720647,21.07149314880371,3400,0.0,0.0
2020-10-09 00:00:00-04:00,21.445374214446186,21.445374214446186,21.368680953979492,21.368680953979492,900,0.0,0.0
2020-10-12 00:00:00-04:00,22.08768018879257,22.260238647460938,22.08768018879257,22.260238647460938,4100,0.0,0.0
2020-10-13 00:00:00-04:00,22.145198016357817,22.145198016357817,22.12602424621582,22.12602424621582,600,0.0,0.0
2020-10-14 00:00:00-04:00,22.782712045270088,22.864199660248538,22.701226258803135,22.74915885925293,700,0.0,0.0
2020-10-15 00:00:00-04:00,22.26982374480587,22.26982374480587,22.1461560365282,22.193130493164062,8400,0.0,0.0
2020-10-16 00:00:00-04:00,21.00438703064225,21.081080292698218,20.898933109623442,20.937280654907227,3300,0.0,0.0
2020-10-19 00:00:00-04:00,20.688024874618886,20.688024874618886,20.323732376098633,20.323732376098633,2900,0.0,0.0
2020-10-20 00:00:00-04:00,20.41001269102873,20.438771518639584,20.35249137878418,20.35249137878418,3200,0.0,0.0
2020-10-21 00:00:00-04:00,19.853982748077296,19.940262881143262,19.825223922729492,19.825223922729492,1200,0.0,0.0
2020-10-22 00:00:00-04:00,19.652666344028724,19.68142700182072,19.51845359802246,19.51845359802246,1500,0.0,0.0
2020-10-23 00:00:00-04:00,19.422587459282855,19.422587459282855,19.37465302742796,19.389034271240234,7000,0.0,0.0
2020-10-26 00:00:00-04:00,18.981598014893965,19.0391193276231,18.75151824951172,18.75151824951172,7000,0.0,0.0
2020-10-27 00:00:00-04:00,19.623905309910494,19.719772338867188,19.54721205244744,19.719772338867188,6200,0.0,0.0
2020-10-28 00:00:00-04:00,18.976804133394488,18.991183546295815,18.904903411865234,18.904903411865234,1700,0.0,0.0
2020-10-29 00:00:00-04:00,18.914491122816166,18.914491122816166,18.612512467630093,18.67961883544922,4700,0.0,0.0
2020-10-30 00:00:00-04:00,18.569372177124023,18.87614518550311,18.569372177124023,18.569372177124023,1600,0.0,0.0
2020-11-02 00:00:00-05:00,18.83779771580017,18.885732141358655,18.828210830688477,18.828210830688477,800,0.0,0.0
2020-11-03 00:00:00-05:00,19.29796028137207,19.29796028137207,19.29796028137207,19.29796028137207,200,0.0,0.0
2020-11-04 00:00:00-05:00,19.796464144741712,20.15117157731888,19.796464144741712,20.10323715209961,2200,0.0,0.0
2020-11-05 00:00:00-05:00,20.362078944494304,20.438772201538086,20.323733230228154,20.438772201538086,2000,0.0,0.0
2020-11-06 00:00:00-05:00,20.42918623994953,20.716787338256836,20.42918623994953,20.716787338256836,2200,0.0,0.0
2020-11-09 00:00:00-05:00,20.285383160092437,20.59215615004668,20.266209391092485,20.433977127075195,3900,0.0,0.0
2020-11-10 00:00:00-05:00,20.13199886016482,20.13199886016482,19.98819923400879,19.98819923400879,4100,0.0,0.0
2020-11-11 00:00:00-05:00,19.997786798308965,20.112825771733803,19.997786798308965,20.074480056762695,3100,0.0,0.0
2020-11-12 00:00:00-05:00,20.467533111572266,20.467533111572266,20.467533111572266,20.467533111572266,200,0.0,0.0
2020-11-13 00:00:00-05:00,19.906712295641224,19.91150665283203,19.906712295641224,19.91150665283203,700,0.0,0.0
2020-11-16 00:00:00-05:00,20.266209887838638,20.371663791411915,20.266209887838638,20.34290313720703,1000,0.0,0.0
2020-11-17 00:00:00-05:00,20.323732376098633,20.323732376098633,20.323732376098633,20.323732376098633,100,0.0,0.0
2020-11-18 00:00:00-05:00,20.47711983147464,20.47711983147464,20.45315170288086,20.45315170288086,2400,0.0,0.0
2020-11-19 00:00:00-05:00,20.20677375793457,20.20677375793457,20.20677375793457,20.20677375793457,200,0.0,0.0
2020-11-20 00:00:00-05:00,20.20677375793457,20.20677375793457,20.20677375793457,20.20677375793457,200,0.0,0.0
2020-11-23 00:00:00-05:00,20.381251859336274,20.381251859336274,20.26237667593527,20.323732376098633,1400,0.0,0.0
2020-11-24 00:00:00-05:00,19.748534101828096,19.748534101828096,19.700599670410156,19.700599670410156,2900,0.0,0.0
2020-11-25 00:00:00-05:00,19.791673494773203,19.87795363984481,19.777292251586914,19.777292251586914,1400,0.0,0.0
2020-11-27 00:00:00-05:00,20.160761302381868,20.218280792236328,20.160761302381868,20.218280792236328,1200,0.0,0.0
2020-11-30 00:00:00-05:00,20.841413207487705,20.841413207487705,20.390840530395508,20.390840530395508,700,0.0,0.0
2020-12-01 00:00:00-05:00,20.390839978752282,20.400426864624023,20.390839978752282,20.400426864624023,400,0.0,0.0
2020-12-02 00:00:00-05:00,20.58257046386825,20.58257046386825,20.429183959960938,20.429183959960938,600,0.0,0.0
2020-12-03 00:00:00-05:00,20.50108524719608,20.61133168562807,20.50108524719608,20.582571029663086,2000,0.0,0.0
2020-12-04 00:00:00-05:00,20.582571029663086,20.582571029663086,20.582571029663086,20.582571029663086,0,0.0,0.0
2020-12-07 00:00:00-05:00,20.99479819652652,21.09066522233031,20.99479819652652,21.01876449584961,3700,0.0,0.0
2020-12-08 00:00:00-05:00,20.79827117919922,20.79827117919922,20.79827117919922,20.79827117919922,200,0.0,0.0
2020-12-09 00:00:00-05:00,20.525051492704506,20.525051492704506,20.381251870277513,20.486705780029297,1700,0.0,0.0
2020-12-10 00:00:00-05:00,20.860586969934324,20.918106458182283,20.860586969934324,20.8797607421875,900,0.0,0.0
2020-12-11 00:00:00-05:00,20.935359954833984,20.935359954833984,20.935359954833984,20.935359954833984,100,0.0,0.0
2020-12-14 00:00:00-05:00,21.426198827856375,21.45495765554484,21.330331802368164,21.330331802368164,2400,0.0,0.0
2020-12-15 00:00:00-05:00,21.296778740257135,21.320745039639224,21.263225555419922,21.263225555419922,2000,0.0,0.0
2020-12-16 00:00:00-05:00,21.39743818076979,21.493305206298828,21.39743818076979,21.493305206298828,400,0.0,0.0
2020-12-17 00:00:00-05:00,21.60834596770548,21.60834596770548,21.574790954589844,21.574790954589844,1900,0.0,0.0
2020-12-18 00:00:00-05:00,21.680247128251715,21.708047818822237,21.454959869384766,21.454959869384766,2400,0.0,0.0
2020-12-21 00:00:00-05:00,21.52206696732269,21.52206696732269,21.474132537841797,21.474132537841797,3400,0.0,0.0
2020-12-22 00:00:00-05:00,21.531651850500765,21.531651850500765,21.44537353515625,21.44537353515625,1300,0.0,0.0
2020-12-23 00:00:00-05:00,21.44537353515625,21.44537353515625,21.44537353515625,21.44537353515625,0,0.0,0.0
2020-12-24 00:00:00-05:00,21.44537353515625,21.44537353515625,21.44537353515625,21.44537353515625,0,0.0,0.0
2020-12-28 00:00:00-05:00,22.17395782470703,22.17395782470703,22.17395782470703,22.17395782470703,500,0.0,0.0
2020-12-29 00:00:00-05:00,22.514285708693347,22.634119033813477,22.514285708693347,22.634119033813477,900,0.0,0.0
2020-12-30 00:00:00-05:00,22.490318336181673,22.490318336181673,22.408832550048828,22.408832550048828,500,0.0,0.0
2020-12-31 00:00:00-05:00,22.408832550048828,22.408832550048828,22.408832550048828,22.408832550048828,0,0.0,0.0
2021-01-04 00:00:00-05:00,22.643708389035858,22.643708389035858,22.46156120300293,22.46156120300293,5100,0.0,0.0
2021-01-05 00:00:00-05:00,22.662877352173098,22.662877352173098,22.576597213745117,22.576597213745117,1700,0.0,0.0
2021-01-06 00:00:00-05:00,22.768331273337783,22.792297572133755,22.672464249642506,22.73957061767578,9600,0.0,0.0
2021-01-07 00:00:00-05:00,22.49990475598959,22.49990475598959,22.423211500065698,22.432798385620117,2400,0.0,0.0
2021-01-08 00:00:00-05:00,22.610153198242188,22.610153198242188,22.610153198242188,22.610153198242188,200,0.0,0.0
2021-01-11 00:00:00-05:00,22.421294746782785,22.442384797450455,22.293790817260742,22.293790817260742,2700,0.0,0.0
2021-01-12 00:00:00-05:00,22.471146305920332,22.471146305920332,22.336931734411735,22.394453048706055,2800,0.0,0.0
2021-01-13 00:00:00-05:00,22.499905014457315,22.64849899949059,22.499905014457315,22.62453269958496,3100,0.0,0.0
2021-01-14 00:00:00-05:00,22.202716827392578,22.202716827392578,22.202716827392578,22.202716827392578,300,0.0,0.0
2021-01-15 00:00:00-05:00,22.288999557495117,22.288999557495117,22.288999557495117,22.288999557495117,1000,0.0,0.0
2021-01-19 00:00:00-05:00,22.231478530784482,22.231478530784482,22.049331368366957,22.087678909301758,1600,0.0,0.0
2021-01-20 00:00:00-05:00,22.20751190185547,22.20751190185547,22.20751190185547,22.20751190185547,300,0.0,0.0
2021-01-21 00:00:00-05:00,22.20751190185547,22.20751190185547,22.20751190185547,22.20751190185547,0,0.0,0.0
2021-01-22 00:00:00-05:00,22.72040070846805,22.72040070846805,22.672466278076172,22.672466278076172,2100,0.0,0.0
2021-01-25 00:00:00-05:00,22.739570871726638,22.864198552476285,22.739570871726638,22.76833152770996,600,0.0,0.0
2021-01-26 00:00:00-05:00,22.89295768737793,22.89295768737793,22.89295768737793,22.89295768737793,200,0.0,0.0
2021-01-27 00:00:00-05:00,23.93790389253692,23.93790389253692,23.391464233398438,23.391464233398438,4100,0.0,0.0
2021-01-28 00:00:00-05:00,25.481359231162674,25.615571975708008,25.423839744716318,25.615571975708008,5200,0.0,0.0
2021-01-29 00:00:00-05:00,24.858224466089325,24.858224466089325,24.57062339782715,24.57062339782715,1900,0.0,0.0
2021-02-01 00:00:00-05:00,24.81987611014057,24.944503784179688,24.81987611014057,24.944503784179688,3500,0.0,0.0
2021-02-02 00:00:00-05:00,24.32137273924478,24.455585479736328,24.32137273924478,24.455585479736328,700,0.0,0.0
2021-02-03 00:00:00-05:00,24.56679027264758,24.56679027264758,24.40285873413086,24.40285873413086,800,0.0,0.0
2021-02-04 00:00:00-05:00,24.148812783341544,24.172779083251953,24.12963901200863,24.172779083251953,900,0.0,0.0
2021-02-05 00:00:00-05:00,24.24468027916315,24.311786651611328,24.237009673375134,24.311786651611328,1100,0.0,0.0
2021-02-08 00:00:00-05:00,24.350130511681126,24.407649993896484,24.350130511681126,24.407649993896484,400,0.0,0.0
2021-02-09 00:00:00-05:00,24.81028938293457,24.81028938293457,24.81028938293457,24.81028938293457,9000,0.0,0.0
2021-02-10 00:00:00-05:00,25.86482416277648,25.86482416277648,25.701850769314476,25.768957138061523,900,0.0,0.0
2021-02-11 00:00:00-05:00,26.123665109441465,26.15242576599121,26.090111924389156,26.15242576599121,1500,0.0,0.0
2021-02-12 00:00:00-05:00,26.852251052856445,26.852251052856445,26.852251052856445,26.852251052856445,200,0.0,0.0
2021-02-16 00:00:00-05:00,26.852251052856445,26.852251052856445,26.852251052856445,26.852251052856445,0,0.0,0.0
2021-02-17 00:00:00-05:00,26.368125915527344,26.368125915527344,26.368125915527344,26.368125915527344,500,0.0,0.0
2021-02-18 00:00:00-05:00,25.93193104173082,25.93193104173082,25.826478958129883,25.826478958129883,200,0.0,0.0
2021-02-19 00:00:00-05:00,26.04697023113121,26.04697023113121,25.95110321044922,25.95110321044922,2700,0.0,0.0
2021-02-22 00:00:00-05:00,25.816892065313038,25.816892065313038,25.66350555419922,25.66350555419922,400,0.0,0.0
2021-02-23 00:00:00-05:00,24.84863951219046,24.89657211303711,24.752772481985648,24.89657211303711,700,0.0,0.0
2021-02-24 00:00:00-05:00,24.87260627746582,24.87260627746582,24.87260627746582,24.87260627746582,200,0.0,0.0
2021-02-25 00:00:00-05:00,25.232104775690154,25.232104775690154,24.930124282836914,24.930124282836914,400,0.0,0.0
2021-02-26 00:00:00-05:00,24.081707000732422,24.081707000732422,24.081707000732422,24.081707000732422,1600,0.0,0.0
2021-03-01 00:00:00-05:00,24.081707000732422,24.081707000732422,24.081707000732422,24.081707000732422,0,0.0,0.0
2021-03-02 00:00:00-05:00,25.016403365065315,25.030784606933594,25.016403365065315,25.030784606933594,400,0.0,0.0
2021-03-03 00:00:00-05:00,25.030784606933594,25.030784606933594,25.030784606933594,25.030784606933594,0,0.0,0.0
2021-03-04 00:00:00-05:00,24.28302586436814,24.474759923348802,24.052946090698242,24.052946090698242,5000,0.0,0.0
2021-03-05 00:00:00-05:00,23.947491251975578,24.10087776184082,23.843955449242113,24.10087776184082,2600,0.0,0.0
2021-03-08 00:00:00-05:00,24.321372985839844,24.321372985839844,24.321372985839844,24.321372985839844,300,0.0,0.0
2021-03-09 00:00:00-05:00,24.321372985839844,24.321372985839844,24.321372985839844,24.321372985839844,0,0.0,0.0
2021-03-10 00:00:00-05:00,25.126651763916016,25.126651763916016,25.126651763916016,25.126651763916016,300,0.0,0.0
2021-03-11 00:00:00-05:00,25.126651763916016,25.126651763916016,25.126651763916016,25.126651763916016,0,0.0,0.0
2021-03-12 00:00:00-05:00,26.363332874401475,26.363332874401475,26.296226501464844,26.296226501464844,700,0.0,0.0
2021-03-15 00:00:00-04:00,26.679693481365835,26.679693481365835,26.38250732421875,26.38250732421875,600,0.0,0.0
2021-03-16 00:00:00-04:00,26.689279133031842,26.79473304748535,26.689279133031842,26.79473304748535,1900,0.0,0.0
2021-03-17 00:00:00-04:00,26.79473304748535,26.79473304748535,26.79473304748535,26.79473304748535,100,0.0,0.0
2021-03-18 00:00:00-04:00,26.79473304748535,26.79473304748535,26.79473304748535,26.79473304748535,0,0.0,0.0
2021-03-19 00:00:00-04:00,26.51288414001465,26.51288414001465,26.51288414001465,26.51288414001465,14400,0.0,0.0
2021-03-22 00:00:00-04:00,27.2357177734375,27.2357177734375,27.2357177734375,27.2357177734375,1200,0.0,0.0
2021-03-23 00:00:00-04:00,26.46878433227539,26.46878433227539,26.46878433227539,26.46878433227539,1900,0.0,0.0
2021-03-24 00:00:00-04:00,26.626964569091797,26.626964569091797,26.626964569091797,26.626964569091797,200,0.0,0.0
2021-03-25 00:00:00-04:00,26.626964569091797,26.626964569091797,26.626964569091797,26.626964569091797,0,0.0,0.0
2021-03-26 00:00:00-04:00,26.40167999267578,26.40167999267578,26.40167999267578,26.40167999267578,400,0.0,0.0
2021-03-29 00:00:00-04:00,26.344157499592946,26.42085075378418,26.344157499592946,26.42085075378418,400,0.0,0.0
2021-03-30 00:00:00-04:00,26.42085075378418,26.42085075378418,26.42085075378418,26.42085075378418,0,0.0,0.0
2021-03-31 00:00:00-04:00,26.42085075378418,26.42085075378418,26.42085075378418,26.42085075378418,0,0.0,0.0
2021-04-01 00:00:00-04:00,26.6605167388916,26.6605167388916,26.6605167388916,26.6605167388916,100,0.0,0.0
2021-04-05 00:00:00-04:00,26.650930404663086,26.650930404663086,26.650930404663086,26.650930404663086,3000,0.0,0.0
2021-04-06 00:00:00-04:00,27.312411464474476,27.45621109008789,27.312411464474476,27.45621109008789,1100,0.0,0.0
2021-04-07 00:00:00-04:00,27.528112411499023,27.528112411499023,27.528112411499023,27.528112411499023,100,0.0,0.0
2021-04-08 00:00:00-04:00,28.28066635131836,28.28066635131836,28.28066635131836,28.28066635131836,100,0.0,0.0
2021-04-09 00:00:00-04:00,28.40625083261176,28.59702491760254,28.40625083261176,28.59702491760254,1600,0.0,0.0
2021-04-12 00:00:00-04:00,28.59702491760254,28.59702491760254,28.59702491760254,28.59702491760254,0,0.0,0.0
2021-04-13 00:00:00-04:00,28.59702491760254,28.59702491760254,28.59702491760254,28.59702491760254,0,0.0,0.0
2021-04-14 00:00:00-04:00,29.22974510225292,29.29205894470215,29.22974510225292,29.29205894470215,1700,0.0,0.0
2021-04-15 00:00:00-04:00,29.29205894470215,29.29205894470215,29.29205894470215,29.29205894470215,0,0.0,0.0
2021-04-16 00:00:00-04:00,30.23634741005591,30.346593856811523,30.23634741005591,30.346593856811523,1000,0.0,0.0
2021-04-19 00:00:00-04:00,30.346593856811523,30.346593856811523,30.346593856811523,30.346593856811523,0,0.0,0.0
2021-04-20 00:00:00-04:00,30.69650543591635,30.72526426410475,30.485597610473633,30.485597610473633,1600,0.0,0.0
2021-04-21 00:00:00-04:00,31.107177359265435,31.183786392211914,31.107177359265435,31.183786392211914,1100,0.362,0.0
2021-04-22 00:00:00-04:00,31.183786392211914,31.183786392211914,31.183786392211914,31.183786392211914,0,0.0,0.0
2021-04-23 00:00:00-04:00,31.389362335205078,31.389362335205078,31.389362335205078,31.389362335205078,200,0.0,0.0
2021-04-26 00:00:00-04:00,31.389362335205078,31.389362335205078,31.389362335205078,31.389362335205078,0,0.0,0.0
2021-04-27 00:00:00-04:00,32.21361541748047,32.21361541748047,32.21361541748047,32.21361541748047,400,0.0,0.0
2021-04-28 00:00:00-04:00,32.21361541748047,32.21361541748047,32.21361541748047,32.21361541748047,0,0.0,0.0
2021-04-29 00:00:00-04:00,32.732407067632714,32.746952056884766,32.72755750483784,32.746952056884766,2900,0.0,0.0
2021-04-30 00:00:00-04:00,32.86331531004922,32.86331531004922,32.8148307800293,32.8148307800293,700,0.0,0.0
2021-05-03 00:00:00-04:00,32.8148307800293,32.8148307800293,32.8148307800293,32.8148307800293,0,0.0,0.0
2021-05-04 00:00:00-04:00,32.8148307800293,32.8148307800293,32.8148307800293,32.8148307800293,0,0.0,0.0
2021-05-05 00:00:00-04:00,33.241498656634164,33.241498656634164,33.134830474853516,33.134830474853516,14400,0.0,0.0
2021-05-06 00:00:00-04:00,33.00877380371094,33.00877380371094,33.00877380371094,33.00877380371094,800,0.0,0.0
2021-05-07 00:00:00-04:00,33.75544738769531,33.75544738769531,33.75544738769531,33.75544738769531,300,0.0,0.0
2021-05-10 00:00:00-04:00,33.75544645656292,33.75544645656292,33.56150463586956,33.609989166259766,900,0.0,0.0
2021-05-11 00:00:00-04:00,32.83907417961374,32.95058822631836,32.83907417961374,32.95058822631836,1200,0.0,0.0
2021-05-12 00:00:00-04:00,32.0196730249617,32.0196730249617,32.00027847290039,32.00027847290039,1400,0.0,0.0
2021-05-13 00:00:00-04:00,31.97603416442871,31.97603416442871,31.97603416442871,31.97603416442871,300,0.0,0.0
2021-05-14 00:00:00-04:00,32.30573654174805,32.30573654174805,32.30573654174805,32.30573654174805,100,0.0,0.0
2021-05-17 00:00:00-04:00,32.630584716796875,32.630584716796875,32.630584716796875,32.630584716796875,200,0.0,0.0
2021-05-18 00:00:00-04:00,33.13483313627994,33.57120132446289,33.04756319777604,33.57120132446289,4000,0.0,0.0
2021-05-19 00:00:00-04:00,32.591796875,32.591796875,32.591796875,32.591796875,500,0.0,0.0
2021-05-20 00:00:00-04:00,32.591796875,32.591796875,32.591796875,32.591796875,0,0.0,0.0
2021-05-21 00:00:00-04:00,32.591796875,32.591796875,32.591796875,32.591796875,0,0.0,0.0
2021-05-24 00:00:00-04:00,33.56150271386931,33.56150271386931,33.55180358886719,33.55180358886719,800,0.0,0.0
2021-05-25 00:00:00-04:00,34.5893908188389,34.61848449707031,34.5893908188389,34.61848449707031,800,0.0,0.0
2021-05-26 00:00:00-04:00,34.191810607910156,34.191810607910156,34.191810607910156,34.191810607910156,600,0.0,0.0
2021-05-27 00:00:00-04:00,34.191810607910156,34.191810607910156,34.191810607910156,34.191810607910156,0,0.0,0.0
2021-05-28 00:00:00-04:00,34.317874908447266,34.317874908447266,34.317874908447266,34.317874908447266,200,0.0,0.0
2021-06-01 00:00:00-04:00,35.12273215040325,35.12273215040325,35.06454849243164,35.06454849243164,600,0.0,0.0
2021-06-02 00:00:00-04:00,35.27788543701172,35.27788543701172,35.27788543701172,35.27788543701172,300,0.0,0.0
2021-06-03 00:00:00-04:00,35.36515808105469,35.36515808105469,35.36515808105469,35.36515808105469,600,0.0,0.0
2021-06-04 00:00:00-04:00,36.22334671020508,36.22334671020508,36.22334671020508,36.22334671020508,600,0.0,0.0
2021-06-07 00:00:00-04:00,36.6645622253418,36.6645622253418,36.6645622253418,36.6645622253418,800,0.0,0.0
2021-06-08 00:00:00-04:00,36.247589111328125,36.247589111328125,36.247589111328125,36.247589111328125,1100,0.0,0.0
2021-06-09 00:00:00-04:00,36.49970886961746,36.49970886961746,36.2669816565738,36.30576705932617,1300,0.0,0.0
2021-06-10 00:00:00-04:00,36.30576705932617,36.30576705932617,36.30576705932617,36.30576705932617,100,0.0,0.0
2021-06-11 00:00:00-04:00,35.91303788089727,35.922733306884766,35.91303788089727,35.922733306884766,400,0.0,0.0
2021-06-14 00:00:00-04:00,35.922733306884766,35.922733306884766,35.922733306884766,35.922733306884766,0,0.0,0.0
2021-06-15 00:00:00-04:00,36.179710659112516,36.22819519042969,36.179710659112516,36.22819519042969,600,0.0,0.0
2021-06-16 00:00:00-04:00,36.02455538184828,36.02455538184828,35.44272994995117,35.44272994995117,600,0.0,0.0
2021-06-17 00:00:00-04:00,35.41363942325663,35.41363942325663,35.20030306495984,35.345760345458984,2900,0.0,0.0
2021-06-18 00:00:00-04:00,35.345760345458984,35.345760345458984,35.345760345458984,35.345760345458984,0,0.0,0.0
2021-06-21 00:00:00-04:00,35.345760345458984,35.345760345458984,35.345760345458984,35.345760345458984,0,0.0,0.0
2021-06-22 00:00:00-04:00,35.78212967239868,35.971221923828125,35.78212967239868,35.971221923828125,1700,0.0,0.0
2021-06-23 00:00:00-04:00,36.13122152797105,36.19910430908203,36.13122152797105,36.19910430908203,1700,0.0,0.0
2021-06-24 00:00:00-04:00,37.62941814337549,37.692447662353516,37.62941814337549,37.692447662353516,1000,0.0,0.0
2021-06-25 00:00:00-04:00,37.692447662353516,37.692447662353516,37.692447662353516,37.692447662353516,0,0.0,0.0
2021-06-28 00:00:00-04:00,37.65366207118025,37.6614191520325,37.47426524233351,37.5275993347168,10900,0.0,0.0
2021-06-29 00:00:00-04:00,37.35305239698434,37.35305239698434,37.343353271484375,37.343353271484375,300,0.0,0.0
2021-06-30 00:00:00-04:00,36.42213439941406,36.42213439941406,36.42213439941406,36.42213439941406,400,0.0,0.0
2021-07-01 00:00:00-04:00,36.16516376923701,36.286376953125,36.16516376923701,36.286376953125,700,0.0,0.0
2021-07-02 00:00:00-04:00,36.36395356424426,36.5094108581543,36.36395356424426,36.5094108581543,22600,0.0,0.0
2021-07-06 00:00:00-04:00,36.325164794921875,36.325164794921875,36.325164794921875,36.325164794921875,600,0.0,0.0
2021-07-07 00:00:00-04:00,36.325164794921875,36.325164794921875,36.325164794921875,36.325164794921875,0,0.0,0.0
2021-07-08 00:00:00-04:00,37.43062909811947,37.45002365112305,37.43062909811947,37.45002365112305,400,0.0,0.0
2021-07-09 00:00:00-04:00,37.13002014160156,37.13002014160156,37.13002014160156,37.13002014160156,600,0.0,0.0
2021-07-12 00:00:00-04:00,37.84760284423828,37.84760284423828,37.84760284423828,37.84760284423828,500,0.0,0.0
2021-07-13 00:00:00-04:00,37.8476010113831,37.8476010113831,37.67305374145508,37.67305374145508,1500,0.0,0.0
2021-07-14 00:00:00-04:00,37.81851022438937,37.992088317871094,37.81851022438937,37.992088317871094,600,0.0,0.0
2021-07-15 00:00:00-04:00,37.43062919186044,37.43062919186044,37.33366012573242,37.33366012573242,1300,0.0,0.0
2021-07-16 00:00:00-04:00,39.176100156897384,39.64155831114695,39.176100156897384,39.56398010253906,1200,0.0,0.0
2021-07-19 00:00:00-04:00,38.53609421976862,38.7203369140625,38.53609421976862,38.7203369140625,500,0.0,0.0
2021-07-20 00:00:00-04:00,38.739730026488125,38.79306411743164,38.739730026488125,38.79306411743164,300,0.0,0.0
2021-07-21 00:00:00-04:00,38.691246032714844,38.691246032714844,38.691246032714844,38.691246032714844,400,0.0,0.0
2021-07-22 00:00:00-04:00,39.462162017822266,39.462162017822266,39.462162017822266,39.462162017822266,300,0.0,0.0
2021-07-23 00:00:00-04:00,40.0682258605957,40.0682258605957,40.0682258605957,40.0682258605957,200,0.0,0.0
2021-07-26 00:00:00-04:00,40.53368596803329,40.68883868784927,40.53368596803329,40.64035415649414,900,0.0,0.0
2021-07-27 00:00:00-04:00,41.13005462167738,41.173689588237494,40.9797477722168,40.9797477722168,3000,0.0,0.0
2021-07-28 00:00:00-04:00,41.36763482284384,41.79430389404297,41.32884571660771,41.79430389404297,8700,0.0,0.0
2021-07-29 00:00:00-04:00,41.79430389404297,41.79430389404297,41.79430389404297,41.79430389404297,0,0.0,0.0
2021-07-30 00:00:00-04:00,42.21612666404885,42.24037077997851,42.094913482666016,42.094913482666016,1200,0.0,0.0
2021-08-02 00:00:00-04:00,42.599156686352565,42.68643031656548,42.550672158263694,42.560367584228516,1800,0.0,0.0
2021-08-03 00:00:00-04:00,42.628247871998994,42.754310607910156,42.628247871998994,42.754310607910156,1100,0.0,0.0
2021-08-04 00:00:00-04:00,43.15188980102539,43.15188980102539,43.15188980102539,43.15188980102539,1700,0.0,0.0
2021-08-05 00:00:00-04:00,43.44280242919922,43.44280242919922,43.44280242919922,43.44280242919922,600,0.0,0.0
2021-08-06 00:00:00-04:00,42.23066881880105,42.23066881880105,41.99794159768446,42.00763702392578,1900,0.0,0.0
2021-08-09 00:00:00-04:00,41.97854995727539,41.97854995727539,41.97854995727539,41.97854995727539,200,0.0,0.0
2021-08-10 00:00:00-04:00,41.97854995727539,41.97854995727539,41.97854995727539,41.97854995727539,0,0.0,0.0
2021-08-11 00:00:00-04:00,41.97854995727539,41.97854995727539,41.97854995727539,41.97854995727539,0,0.0,0.0
2021-08-12 00:00:00-04:00,41.493695418944206,41.80400085449219,41.493695418944206,41.80400085449219,300,0.0,0.0
2021-08-13 00:00:00-04:00,41.80400085449219,41.80400085449219,41.80400085449219,41.80400085449219,0,0.0,0.0
2021-08-16 00:00:00-04:00,41.45490673466097,41.50339126586914,41.411271766313405,41.50339126586914,1000,0.0,0.0
2021-08-17 00:00:00-04:00,40.90023422241211,40.90023422241211,40.90023422241211,40.90023422241211,200,0.0,0.0
2021-08-18 00:00:00-04:00,41.474300384521484,41.474300384521484,41.474300384521484,41.474300384521484,300,0.0,0.0
2021-08-19 00:00:00-04:00,39.70943629755912,40.18265151977539,39.70943629755912,40.18265151977539,1200,0.0,0.0
2021-08-20 00:00:00-04:00,40.15550034003895,40.344592596515035,40.15550034003895,40.330047607421875,2600,0.0,0.0
2021-08-23 00:00:00-04:00,40.873083512264,40.873083512264,40.51428985595703,40.51428985595703,300,0.0,0.0
2021-08-24 00:00:00-04:00,39.2536735534668,39.2536735534668,39.14700536922146,39.2536735534668,1500,0.0,0.0
2021-08-25 00:00:00-04:00,39.27306837767405,39.30215835571289,39.27306837767405,39.30215835571289,2000,0.0,0.0
2021-08-26 00:00:00-04:00,39.06943130493164,39.06943130493164,39.06943130493164,39.06943130493164,300,0.0,0.0
2021-08-27 00:00:00-04:00,39.23427864476244,39.32155227661133,39.185794115764715,39.32155227661133,2400,0.0,0.0
2021-08-30 00:00:00-04:00,40.18458938598633,40.18458938598633,40.18458938598633,40.18458938598633,400,0.0,0.0
2021-08-31 00:00:00-04:00,39.66094970703125,39.66094970703125,39.66094970703125,39.66094970703125,3700,0.0,0.0
2021-09-01 00:00:00-04:00,39.66094970703125,39.66094970703125,39.66094970703125,39.66094970703125,0,0.0,0.0
2021-09-02 00:00:00-04:00,41.05732534676625,41.10580987524256,40.999141693115234,40.999141693115234,400,0.0,0.0
2021-09-03 00:00:00-04:00,41.45490673466097,41.50339126586914,41.45490673466097,41.50339126586914,3100,0.0,0.0
2021-09-07 00:00:00-04:00,41.50339126586914,41.50339126586914,41.50339126586914,41.50339126586914,0,0.0,0.0
2021-09-08 00:00:00-04:00,41.367631539109,41.37732696533203,41.367631539109,41.37732696533203,800,0.0,0.0
2021-09-09 00:00:00-04:00,41.37732696533203,41.37732696533203,41.37732696533203,41.37732696533203,0,0.0,0.0
2021-09-10 00:00:00-04:00,41.74581527709961,41.74581527709961,41.74581527709961,41.74581527709961,200,0.0,0.0
2021-09-13 00:00:00-04:00,41.163997650146484,41.163997650146484,41.163997650146484,41.163997650146484,200,0.0,0.0
2021-09-14 00:00:00-04:00,41.163997650146484,41.163997650146484,41.163997650146484,41.163997650146484,0,0.0,0.0
2021-09-15 00:00:00-04:00,40.42217254638672,40.42217254638672,40.42217254638672,40.42217254638672,300,0.0,0.0
2021-09-16 00:00:00-04:00,40.42217254638672,40.42217254638672,40.42217254638672,40.42217254638672,0,0.0,0.0
2021-09-17 00:00:00-04:00,41.31915037628367,41.31915037628367,41.163997650146484,41.163997650146484,2900,0.0,0.0
2021-09-20 00:00:00-04:00,40.136104583740234,40.136104583740234,40.136104583740234,40.136104583740234,400,0.0,0.0
2021-09-21 00:00:00-04:00,42.094908877572124,42.34703063964844,42.094908877572124,42.34703063964844,300,0.0,0.0
2021-09-22 00:00:00-04:00,41.80400166625497,41.94945526123047,41.80400166625497,41.94945526123047,1000,0.0,0.0
2021-09-23 00:00:00-04:00,43.301225615653266,43.326438903808594,43.301225615653266,43.326438903808594,800,0.0,0.0
2021-09-24 00:00:00-04:00,43.326438903808594,43.326438903808594,43.326438903808594,43.326438903808594,0,0.0,0.0
2021-09-27 00:00:00-04:00,40.07792853960063,40.533687591552734,40.07792853960063,40.533687591552734,800,0.0,0.0
2021-09-28 00:00:00-04:00,38.254877073517875,38.254877073517875,38.196693420410156,38.196693420410156,600,0.0,0.0
2021-09-29 00:00:00-04:00,38.96276149174911,38.96276149174911,38.42942428588867,38.42942428588867,1600,0.0,0.0
2021-09-30 00:00:00-04:00,38.42942428588867,38.42942428588867,38.42942428588867,38.42942428588867,100,0.0,0.0
2021-10-01 00:00:00-04:00,39.14700698852539,39.14700698852539,39.14700698852539,39.14700698852539,500,0.0,0.0
2021-10-04 00:00:00-04:00,39.26337432861328,39.26337432861328,39.26337432861328,39.26337432861328,300,0.0,0.0
2021-10-05 00:00:00-04:00,39.16155242919922,39.16155242919922,39.16155242919922,39.16155242919922,300,0.0,0.0
2021-10-06 00:00:00-04:00,38.22094062782885,38.3518492340023,38.22094062782885,38.332454681396484,1400,0.0,0.0
2021-10-07 00:00:00-04:00,38.739731825684956,38.739731825684956,38.65245819091797,38.65245819091797,2000,0.0,0.0
2021-10-08 00:00:00-04:00,38.65245819091797,38.65245819091797,38.65245819091797,38.65245819091797,5100,0.0,0.0
2021-10-11 00:00:00-04:00,38.28881887224886,38.28881887224886,38.07063293457031,38.07063293457031,800,0.0,0.0
2021-10-12 00:00:00-04:00,38.07063293457031,38.07063293457031,38.07063293457031,38.07063293457031,0,0.0,0.0
2021-10-13 00:00:00-04:00,38.07063293457031,38.07063293457031,38.07063293457031,38.07063293457031,0,0.0,0.0
2021-10-14 00:00:00-04:00,38.07063293457031,38.07063293457031,38.07063293457031,38.07063293457031,0,0.0,0.0
2021-10-15 00:00:00-04:00,38.07063293457031,38.07063293457031,38.07063293457031,38.07063293457031,0,0.0,0.0
2021-10-18 00:00:00-04:00,41.03308550172099,41.03308550172099,40.72762961132387,41.01369094848633,600,0.0,0.0
2021-10-19 00:00:00-04:00,41.338539123535156,41.338539123535156,41.338539123535156,41.338539123535156,200,0.0,0.0
2021-10-20 00:00:00-04:00,44.60644969386684,44.819786071777344,44.60644969386684,44.819786071777344,800,0.0,0.0
2021-10-21 00:00:00-04:00,45.353122474487115,45.84767060602212,45.353122474487115,45.818580627441406,800,0.0,0.0
2021-10-22 00:00:00-04:00,46.65252556172801,46.65252556172801,46.574947357177734,46.574947357177734,600,0.0,0.0
2021-10-25 00:00:00-04:00,45.682823181152344,45.682823181152344,45.682823181152344,45.682823181152344,500,0.0,0.0
2021-10-26 00:00:00-04:00,45.430695880375694,45.71676089295785,45.322089350570664,45.707061767578125,9100,0.0,0.0
2021-10-27 00:00:00-04:00,44.78099796038992,44.84887704593423,44.61614611040179,44.732513427734375,8400,0.0,0.0
2021-10-28 00:00:00-04:00,44.30583911660885,44.606449127197266,44.30583911660885,44.606449127197266,1300,0.0,0.0
2021-10-29 00:00:00-04:00,43.53007507324219,43.53007507324219,43.53007507324219,43.53007507324219,500,0.0,0.0
2021-11-01 00:00:00-04:00,43.77250136514691,43.77250136514691,43.7628059387207,43.7628059387207,400,0.0,0.0
2021-11-02 00:00:00-04:00,44.80039231217501,44.80039231217501,44.451297760009766,44.451297760009766,61000,0.0,0.0
2021-11-03 00:00:00-04:00,44.50947952270508,44.50947952270508,44.50947952270508,44.50947952270508,4100,0.0,0.0
2021-11-04 00:00:00-04:00,44.50947952270508,44.50947952270508,44.50947952270508,44.50947952270508,0,0.0,0.0
2021-11-05 00:00:00-04:00,44.55796600466743,44.55796600466743,43.564016442392756,43.70462417602539,3100,0.0,0.0
2021-11-08 00:00:00-05:00,45.37251798582416,45.37251798582416,45.21736526489258,45.21736526489258,4800,0.0,0.0
2021-11-09 00:00:00-05:00,45.74100148740002,45.74100148740002,45.67312240600586,45.67312240600586,300,0.0,0.0
2021-11-10 00:00:00-05:00,45.3143342378139,45.3337287902832,45.30463881114557,45.3337287902832,800,0.0,0.0
2021-11-11 00:00:00-05:00,45.3337287902832,45.3337287902832,45.3337287902832,45.3337287902832,0,0.0,0.0
2021-11-12 00:00:00-05:00,46.53616477309752,46.64282926211707,46.448891137257796,46.463436126708984,13300,0.0,0.0
2021-11-15 00:00:00-05:00,47.37980567837458,47.40889565618709,47.3167724609375,47.3167724609375,1200,0.0,0.0
2021-11-16 00:00:00-05:00,44.88766476686215,44.88766476686215,44.572509765625,44.572509765625,1800,0.0,0.0
2021-11-17 00:00:00-05:00,44.6161430284776,44.79553985595703,44.6161430284776,44.79553985595703,1100,0.0,0.0
2021-11-18 00:00:00-05:00,44.75190421476351,44.75190421476351,44.499778747558594,44.499778747558594,2100,0.0,0.0
2021-11-19 00:00:00-05:00,44.81008783228547,44.81008783228547,44.13129327934371,44.33493423461914,1100,0.0,0.0
2021-11-22 00:00:00-05:00,43.86947232543611,43.903411865234375,43.86947232543611,43.903411865234375,600,0.0,0.0
2021-11-23 00:00:00-05:00,41.69733327035259,41.69733327035259,41.2609650893247,41.27066421508789,4700,0.0,0.0
2021-11-24 00:00:00-05:00,40.13610638577474,40.13610638577474,39.95671325211153,39.99549865722656,2000,0.0,0.0
2021-11-26 00:00:00-05:00,41.280355717542406,41.280355717542406,41.05538558959961,41.05538558959961,2200,0.0,0.0
2021-11-29 00:00:00-05:00,40.70823299938181,41.105812072753906,40.70823299938181,41.105812072753906,21600,0.0,0.0
2021-11-30 00:00:00-05:00,41.40641995424676,41.41611538030869,40.43671458622755,40.88277816772461,96500,0.0,0.0
2021-12-01 00:00:00-05:00,39.816105199189835,40.88277966338124,39.816105199189835,40.37853240966797,27400,0.0,0.0
2021-12-02 00:00:00-05:00,40.33877336347834,40.892474309705484,40.33877336347834,40.74702072143555,42300,0.0,0.0
2021-12-03 00:00:00-05:00,39.9033768688241,40.1651940596405,39.53488779788149,39.80640411376953,23500,0.0,0.0
2021-12-06 00:00:00-05:00,40.805205066710165,40.805205066710165,40.35913777072309,40.494895935058594,20200,0.0,0.0
2021-12-07 00:00:00-05:00,41.697329913332354,42.46339802511324,41.542177205806176,42.23066711425781,59700,0.0,0.0
2021-12-08 00:00:00-05:00,42.60885363377346,42.60885363377346,41.813695507499276,42.172489166259766,9200,0.0,0.0
2021-12-09 00:00:00-05:00,41.644000286771494,41.74581891520491,41.503392552516,41.580970764160156,7900,0.0,0.0
2021-12-10 00:00:00-05:00,41.023385050179044,41.37732543074627,41.023385050179044,41.36763000488281,29600,0.0,0.0
2021-12-13 00:00:00-05:00,42.5409751607071,42.5409751607071,41.483996119326115,42.03672790527344,25300,0.0,0.0
2021-12-14 00:00:00-05:00,40.543382711145576,40.543382711145576,40.03622425938676,40.36883544921875,44900,0.0,0.0
2021-12-15 00:00:00-05:00,40.863384519426425,41.105810866788126,40.48520000940338,40.911869049072266,22200,0.0,0.0
2021-12-16 00:00:00-05:00,40.67914345628021,40.67914345628021,39.06943259329645,39.544586181640625,17100,0.0,0.0
2021-12-17 00:00:00-05:00,39.23427877981545,39.8306492160244,39.09852061850153,39.71913146972656,30600,0.0,0.0
2021-12-20 00:00:00-05:00,40.11186780578421,40.22338186168408,39.205191872946045,39.97126007080078,29300,0.0,0.0
2021-12-21 00:00:00-05:00,39.7191336598419,39.825801849365234,39.44761732224264,39.825801849365234,54900,0.0,0.0
2021-12-22 00:00:00-05:00,40.47550683986225,40.90217590332031,40.45611228709606,40.90217590332031,25100,0.0,0.0
2021-12-23 00:00:00-05:00,41.04763223355322,41.55187579707731,41.04763223355322,41.50339126586914,9000,0.0,0.0
2021-12-27 00:00:00-05:00,42.259761810302734,42.34703174245651,42.11430452511494,42.259761810302734,19300,0.0,0.0
2021-12-28 00:00:00-05:00,42.69612739746573,42.70582652293888,42.46340017396552,42.570068359375,12300,0.0,0.0
2021-12-29 00:00:00-05:00,42.27915356846605,42.44400540848698,42.182184509017866,42.42170333862305,16900,0.0,0.0
2021-12-30 00:00:00-05:00,42.40521539635811,42.40521539635811,42.18024525971027,42.259761810302734,7700,0.0,0.0
2021-12-31 00:00:00-05:00,43.24885886971326,43.24885886971326,42.279153480714015,42.405216217041016,7500,0.0,0.0
2022-01-03 00:00:00-05:00,42.182184461325456,42.182184461325456,41.6294526850042,41.77490997314453,10600,0.0,0.0
2022-01-04 00:00:00-05:00,40.64035397455337,40.73732303682951,40.47550582885742,40.47550582885742,14700,0.0,0.0
2022-01-05 00:00:00-05:00,40.29126129278701,40.29126129278701,39.66095496061328,39.78701400756836,10600,0.0,0.0
2022-01-06 00:00:00-05:00,40.233076003019846,40.233076003019846,39.28276151886336,39.66094970703125,11000,0.0,0.0
2022-01-07 00:00:00-05:00,38.97245977991423,38.97245977991423,38.34699933559574,38.516700744628906,21500,0.0,0.0
2022-01-10 00:00:00-05:00,36.94577590544959,37.40153864746597,36.766382765906485,37.120323181152344,33400,0.0,0.0
2022-01-11 00:00:00-05:00,37.837903827276264,38.1385138224403,37.67305199149844,38.128814697265625,52700,0.0,0.0
2022-01-12 00:00:00-05:00,38.20639298533438,38.52639383327981,38.012451171875,38.012451171875,17500,0.0,0.0
2022-01-13 00:00:00-05:00,37.72154340752723,37.77972336696333,36.887596130371094,36.887596130371094,13700,0.0,0.0
2022-01-14 00:00:00-05:00,36.16031662551999,36.4415320899796,35.6463702286135,35.811222076416016,24200,0.0,0.0
2022-01-18 00:00:00-05:00,35.10333606193784,35.23909422546602,34.899698816645575,35.05485153198242,28500,0.0,0.0
2022-01-19 00:00:00-05:00,35.33606410539934,35.5009159500324,35.054852345479,35.2003059387207,40700,0.0,0.0
2022-01-20 00:00:00-05:00,35.820917232492505,36.19910545725257,35.53970546929049,35.76273727416992,59500,0.0,0.0
2022-01-21 00:00:00-05:00,35.21485080707244,35.21485080707244,34.63787860067172,34.80272674560547,41200,0.0,0.0
2022-01-24 00:00:00-05:00,33.24440857258049,34.03665542602539,33.115438326630496,34.03665542602539,29000,0.0,0.0
2022-01-25 00:00:00-05:00,34.30817687840162,34.599087748320564,34.11423506541151,34.51181411743164,69500,0.0,0.0
2022-01-26 00:00:00-05:00,35.21969973140222,35.491216058903746,34.5893897435508,34.822120666503906,134400,0.0,0.0
2022-01-27 00:00:00-05:00,34.6863629486269,34.87060564478091,34.35666296136586,34.63787841796875,122100,0.0,0.0
2022-01-28 00:00:00-05:00,35.96637517750141,36.257286071777344,35.4718270271456,36.257286071777344,21400,0.0,0.0
2022-01-31 00:00:00-05:00,37.40153645861766,37.87669372558594,37.40153645861766,37.87669372558594,39300,0.0,0.0
2022-02-01 00:00:00-05:00,38.681547396867245,39.02094650268555,38.332452864771845,39.02094650268555,40100,0.0,0.0
2022-02-02 00:00:00-05:00,39.90337835041337,40.06822649142829,39.75792106199696,40.048831939697266,12000,0.0,0.0
2022-02-03 00:00:00-05:00,39.69004229602789,39.75792137805983,39.34094776035933,39.467010498046875,30800,0.0,0.0
2022-02-04 00:00:00-05:00,39.34094908524279,39.56398089073484,39.03064364289449,39.195491790771484,7500,0.0,0.0
2022-02-07 00:00:00-05:00,39.7482291565041,39.78701456426916,39.37974003923979,39.48640823364258,23200,0.0,0.0
2022-02-08 00:00:00-05:00,37.973663272206934,38.3130586821622,37.973663272206934,38.20639419555664,19500,0.0,0.0
2022-02-09 00:00:00-05:00,39.29246406600533,40.039137683371735,39.29246406600533,39.72883224487305,13300,0.0,0.0
2022-02-10 00:00:00-05:00,39.195489679218994,39.84519420728835,38.97245788574219,38.97245788574219,10800,0.0,0.0
2022-02-11 00:00:00-05:00,39.60276845244149,39.66095210778905,38.240333557128906,38.240333557128906,7200,0.0,0.0
2022-02-14 00:00:00-05:00,36.65486246955288,36.95547246777251,36.465770217181124,36.683956146240234,21300,0.0,0.0
2022-02-15 00:00:00-05:00,37.89609155939214,38.80761336989419,37.78942336578527,38.293670654296875,93600,0.0,0.0
2022-02-16 00:00:00-05:00,37.78941973633094,37.94457244873047,37.43062608336191,37.94457244873047,11600,0.0,0.0
2022-02-17 00:00:00-05:00,37.585777442587954,37.585777442587954,37.0524402441117,37.353050231933594,12000,0.0,0.0
2022-02-18 00:00:00-05:00,36.460921482323656,36.86819967300103,35.98576790885466,36.08273696899414,12300,0.0,0.0
2022-02-22 00:00:00-05:00,36.92638487408276,37.34335480944042,36.56759119845815,36.955474853515625,25000,0.0,0.0
2022-02-23 00:00:00-05:00,36.52880028833598,36.52880028833598,36.00516218875243,36.03425216674805,53300,0.0,0.0
2022-02-24 00:00:00-05:00,35.1518190549809,36.56758798292077,35.1518190549809,36.42213439941406,48600,0.0,0.0
2022-02-25 00:00:00-05:00,36.84880535575641,37.624568939208984,36.693652639065895,37.624568939208984,51000,0.0,0.0
2022-02-28 00:00:00-05:00,37.79911571671337,37.94457300509114,37.2851730429416,37.29486846923828,40800,0.0,0.0
2022-03-01 00:00:00-05:00,37.80881787177665,38.565186954031155,36.93801981543052,37.033050537109375,65500,0.0,0.0
2022-03-02 00:00:00-05:00,36.47062291356183,36.47062291356183,35.995465610919936,36.07304382324219,39300,0.0,0.0
2022-03-03 00:00:00-05:00,35.9081879264673,35.9081879264673,34.812423544352065,35.04515075683594,53400,0.0,0.0
2022-03-04 00:00:00-05:00,34.69605680524941,34.763935884926084,34.249993224764864,34.51181411743164,45000,0.0,0.0
2022-03-07 00:00:00-05:00,34.56029886076197,34.56029886076197,33.2996826171875,33.2996826171875,59000,0.0,0.0
2022-03-08 00:00:00-05:00,33.26089373568983,33.668171918122574,32.325127897669915,32.834224700927734,103100,0.0,0.0
2022-03-09 00:00:00-05:00,33.62938404972211,34.49242127622521,33.328774039727705,34.28878402709961,39600,0.0,0.0
2022-03-10 00:00:00-05:00,33.26089724736364,33.658476346475524,32.97968177017569,33.53241729736328,68900,0.0,0.0
2022-03-11 00:00:00-05:00,33.63907738119177,33.63907738119177,32.969982018965126,33.31907653808594,12800,0.0,0.0
2022-03-14 00:00:00-04:00,34.143325396084194,34.7154517158043,34.04635633815161,34.44393539428711,24300,0.0,0.0
2022-03-15 00:00:00-04:00,34.628177240564426,35.27788175011153,34.29847727283881,34.92878723144531,76100,0.0,0.0
2022-03-16 00:00:00-04:00,36.974867390566864,38.1288154678019,36.974867390566864,37.76032638549805,13100,0.0,0.0
2022-03-17 00:00:00-04:00,37.983358342458416,38.49730471445678,37.93487381279546,38.27427291870117,6600,0.0,0.0
2022-03-18 00:00:00-04:00,37.905785051804095,38.98215866088867,37.905785051804095,38.98215866088867,5700,0.0,0.0
2022-03-21 00:00:00-04:00,38.11911868778038,38.555483136519314,37.91547775268555,37.91547775268555,3000,0.0,0.0
2022-03-22 00:00:00-04:00,37.78941978912633,37.866994295868246,37.10092615895485,37.71184158325195,10300,0.0,0.0
2022-03-23 00:00:00-04:00,36.13122109340371,36.13122109340371,35.433035730146706,35.63667297363281,16300,0.0,0.0
2022-03-24 00:00:00-04:00,35.46212678296973,35.46212678296973,34.7348477206461,35.43303680419922,6400,0.0,0.0
2022-03-25 00:00:00-04:00,36.819714496172594,36.84880447387695,36.45122541567674,36.84880447387695,30600,0.0,0.0
2022-03-28 00:00:00-04:00,37.55668663821173,37.847597494683555,37.39668437245594,37.8379020690918,9000,0.0,0.0
2022-03-29 00:00:00-04:00,40.17489603340971,40.242775117194846,39.66095334214147,39.893680572509766,54100,0.0,0.0
2022-03-30 00:00:00-04:00,39.8064055362595,40.28156280517578,39.8064055362595,40.28156280517578,5900,0.0,0.0
2022-03-31 00:00:00-04:00,39.07912687626955,39.11791598005748,38.7203369140625,38.7203369140625,9300,0.0,0.0
2022-04-01 00:00:00-04:00,39.11791602021763,39.23427963256836,39.02094695978078,39.23427963256836,3900,0.0,0.0
2022-04-04 00:00:00-04:00,39.21488373764131,39.48640375600417,39.1760983342744,39.38943099975586,7200,0.0,0.0
2022-04-05 00:00:00-04:00,39.340947459186346,39.40882654069864,39.147005640951576,39.30215835571289,10600,0.0,0.0
2022-04-06 00:00:00-04:00,38.41972507953566,38.642756867000635,38.09972423634934,38.5457878112793,9300,0.0,0.0
2022-04-07 00:00:00-04:00,39.370039378984096,39.883985777524316,39.1373121449301,39.87428665161133,9600,0.0,0.0
2022-04-08 00:00:00-04:00,37.81851368714376,38.41973004846424,37.81851368714376,38.10942459106445,11500,0.0,0.0
2022-04-11 00:00:00-04:00,37.71184102596374,37.71184102596374,36.86819839477539,36.86819839477539,10200,0.0,0.0
2022-04-12 00:00:00-04:00,36.88759749263085,37.4985092840672,36.538502926591306,36.732444763183594,27400,0.0,0.0
2022-04-13 00:00:00-04:00,36.50455712794914,36.645164842908564,36.412433939047254,36.57728576660156,23200,0.0,0.0
2022-04-14 00:00:00-04:00,35.956677189856826,35.956677189856826,34.5990881810781,35.55521774291992,13900,0.0,0.0
2022-04-18 00:00:00-04:00,36.60637868535091,36.60637868535091,34.52151060507527,35.05485153198242,16700,0.0,0.0
2022-04-19 00:00:00-04:00,34.870608824199486,35.68516159057617,34.870608824199486,35.68516159057617,24100,0.0,0.0
2022-04-20 00:00:00-04:00,36.257281627519724,36.4124343320578,36.18940255048008,36.276676177978516,8700,0.0,0.0
2022-04-21 00:00:00-04:00,36.09243549855983,36.09243549855983,35.258488278252635,35.471824645996094,7600,0.0,0.0
2022-04-22 00:00:00-04:00,35.83061769387696,35.83061769387696,34.81242769481981,34.97727584838867,11400,0.0,0.0
2022-04-25 00:00:00-04:00,34.29363379815211,34.56999969482422,33.66817335849784,34.56999969482422,7700,0.0,0.0
2022-04-26 00:00:00-04:00,29.294798474050257,29.50813484014951,28.654793074884946,28.76146125793457,50400,0.0,0.0
2022-04-27 00:00:00-04:00,28.906089421572485,29.171734676811443,28.29609129093017,28.453510284423828,35200,0.427,0.0
2022-04-28 00:00:00-04:00,28.80770428600226,29.073347667682686,28.660122335912362,29.043832778930664,32500,0.0,0.0
2022-04-29 00:00:00-04:00,28.92576812943726,28.92576812943726,28.364962713781964,28.374801635742188,26500,0.0,0.0
2022-05-02 00:00:00-04:00,28.886413362155427,29.073347243465445,28.483026958049184,28.66012191772461,49700,0.0,0.0
2022-05-03 00:00:00-04:00,29.161897349805237,29.61447838828481,29.142221381979407,29.27996253967285,51100,0.0,0.0
2022-05-04 00:00:00-04:00,29.32915496826172,29.46689800110128,28.748671700346257,29.32915496826172,39800,0.0,0.0
2022-05-05 00:00:00-04:00,30.165443492243416,30.165443492243416,29.1520570713495,29.250444412231445,53300,0.0,0.0
2022-05-06 00:00:00-04:00,28.965122767618634,29.138282533412504,28.847057584956982,28.935606002807617,63800,0.0,0.0
2022-05-09 00:00:00-04:00,27.735286019231665,27.735286019231665,27.331899611981413,27.40077018737793,31700,0.0,0.0
2022-05-10 00:00:00-04:00,27.961575644309242,28.05996298503476,27.568028157989616,27.97141456604004,90100,0.0,0.0
2022-05-11 00:00:00-04:00,28.33544498027469,28.630606999254432,28.020606994628906,28.020606994628906,42600,0.0,0.0
2022-05-12 00:00:00-04:00,26.84980470951684,27.794318710054668,26.84980470951684,27.548351287841797,30200,0.0,0.0
2022-05-13 00:00:00-04:00,28.02060705395425,28.630607059871274,28.02060705395425,28.591251373291016,19300,0.0,0.0
2022-05-16 00:00:00-04:00,28.178026200403107,28.551897718619774,28.026510934726183,28.06389808654785,34300,0.0,0.0
2022-05-17 00:00:00-04:00,29.053671700708822,29.201251774216267,28.743752232735467,29.043832778930664,47600,0.0,0.0
2022-05-18 00:00:00-04:00,28.0796416162597,28.512542925064945,28.00093024020512,28.030447006225586,12600,0.0,0.0
2022-05-19 00:00:00-04:00,28.182947654742584,28.502704177297808,27.93402836853753,28.256736755371094,16800,0.0,0.0
2022-05-20 00:00:00-04:00,28.24689701605453,28.325608390312976,28.000929601244234,28.26657485961914,18500,0.0,0.0
2022-05-23 00:00:00-04:00,28.138672238801473,28.222300257915904,27.79431748753325,27.88286590576172,27000,0.0,0.0
2022-05-24 00:00:00-04:00,28.207542964435476,28.23705972953013,27.981253395123748,28.17802619934082,30100,0.0,0.0
2022-05-25 00:00:00-04:00,27.00722387923388,27.154803958172025,26.58415961011735,27.1351261138916,34400,0.0,0.0
2022-05-26 00:00:00-04:00,27.22859333165208,27.27286754343454,26.918675725757364,27.154804229736328,23400,0.0,0.0
2022-05-27 00:00:00-04:00,27.636900047695413,28.040286474927413,27.636900047695413,28.000930786132812,14700,0.0,0.0
2022-05-31 00:00:00-04:00,28.320688944310955,28.620769500732422,28.296092577318582,28.620769500732422,33000,0.0,0.0
2022-06-01 00:00:00-04:00,28.797866155972898,28.886414577828344,27.60738286023993,27.72052764892578,46300,0.0,0.0
2022-06-02 00:00:00-04:00,28.364962705958927,29.132381729402272,28.315769972753866,29.048751831054688,45600,0.0,0.0
2022-06-03 00:00:00-04:00,28.650285820880963,28.758510209278445,28.227221559503818,28.374801635742188,18900,0.0,0.0
2022-06-06 00:00:00-04:00,28.05012522389379,28.92576865175801,28.05012522389379,28.414155960083008,20700,0.0,0.0
2022-06-07 00:00:00-04:00,28.10915634024279,28.44367218017578,27.961576264174113,28.44367218017578,54400,0.0,0.0
2022-06-08 00:00:00-04:00,28.866736992287347,28.866736992287347,28.473189489728448,28.483028411865234,24400,0.0,0.0
2022-06-09 00:00:00-04:00,27.853350471507824,27.912384004202057,27.164642812651056,27.27286720275879,41200,0.0,0.0
2022-06-10 00:00:00-04:00,26.75141709436367,26.96786774814898,26.643190829179776,26.889158248901367,72600,0.0,0.0
2022-06-13 00:00:00-04:00,24.527872167729225,24.557387058012996,24.104807892224727,24.207130432128906,35700,0.0,0.0
2022-06-14 00:00:00-04:00,24.30158148816601,24.419644797138293,23.26851721345501,23.637468338012695,45200,0.0,0.0
2022-06-15 00:00:00-04:00,20.149650913280745,20.169328757570376,19.608523331393574,20.031587600708008,58600,0.0,0.0
2022-06-16 00:00:00-04:00,20.36610221862793,20.517617482035714,20.120134809594173,20.36610221862793,45800,0.0,0.0
2022-06-17 00:00:00-04:00,20.41529614437797,20.966262647409643,20.41529614437797,20.739973068237305,27600,0.0,0.0
2022-06-21 00:00:00-04:00,21.733681029078504,21.92061679069184,21.45819684757371,21.68448829650879,48300,0.0,0.0
2022-06-22 00:00:00-04:00,22.082954629444483,22.540454179985847,22.07803610674922,22.2059383392334,86400,0.0,0.0
2022-06-23 00:00:00-04:00,22.19609854016594,22.353517532348633,22.087874155904352,22.353517532348633,39300,0.0,0.0
2022-06-24 00:00:00-04:00,22.44206664019459,22.688034057617188,22.44206664019459,22.688034057617188,31000,0.0,0.0
2022-06-27 00:00:00-04:00,22.96843639288451,23.14061470825267,22.894647294797387,22.94384002685547,61900,0.0,0.0
2022-06-28 00:00:00-04:00,22.993034973835023,23.052066628489847,22.688034025523073,22.75690460205078,111400,0.0,0.0
2022-06-29 00:00:00-04:00,22.176423822771312,22.678195715754292,22.157729307733515,22.58964729309082,57500,0.0,0.0
2022-06-30 00:00:00-04:00,22.510937453901573,22.815938405857196,22.38303522119106,22.776582717895508,46400,0.0,0.0
2022-07-01 00:00:00-04:00,23.150453840655587,23.179968729526053,22.867099272687888,23.101259231567383,27200,0.0,0.0
2022-07-05 00:00:00-04:00,22.953679285008104,22.953679285008104,22.461744450887412,22.825777053833008,39600,0.0,0.0
2022-07-06 00:00:00-04:00,22.81593833836747,23.05206683569167,22.71755099533677,22.983196258544922,119600,0.0,0.0
2022-07-07 00:00:00-04:00,22.540454522146735,22.766744101213586,22.53061560002437,22.72739028930664,44600,0.0,0.0
2022-07-08 00:00:00-04:00,22.874969179537178,22.98319544067792,22.702792742797286,22.924161911010742,24500,0.0,0.0
2022-07-11 00:00:00-04:00,22.235454752282045,22.579809509542695,22.117389567062055,22.427309036254883,51900,0.0,0.0
2022-07-12 00:00:00-04:00,22.599485186511373,22.609324108201953,22.333841807195437,22.442066192626953,50100,0.0,0.0
2022-07-13 00:00:00-04:00,22.068196521126644,22.697872495803463,22.068196521126644,22.579809188842773,27200,0.0,0.0
2022-07-14 00:00:00-04:00,21.8025509090942,22.107549969768385,21.72384141354659,22.05835723876953,30100,0.0,0.0
2022-07-15 00:00:00-04:00,22.324003458975344,22.45190569107364,22.30432561508869,22.412551879882812,17800,0.0,0.0
2022-07-18 00:00:00-04:00,22.624083460192658,22.624083460192658,22.11738931363321,22.37319564819336,73400,0.0,0.0
2022-07-19 00:00:00-04:00,21.900939075464862,22.156745414808913,21.881261231688594,22.014083862304688,29500,0.0,0.0
2022-07-20 00:00:00-04:00,21.34013407556172,21.369648965212985,20.966262542930703,21.015457153320312,68100,0.0,0.0
2022-07-21 00:00:00-04:00,21.773035155333318,22.33384244830006,21.773035155333318,22.2059383392334,18400,0.0,0.0
2022-07-22 00:00:00-04:00,22.27480925680693,22.35351875721117,21.98948802156001,22.087875366210938,22900,0.0,0.0
2022-07-25 00:00:00-04:00,21.782873519447897,21.782873519447897,21.48771337414653,21.527067184448242,22200,0.0,0.0
2022-07-26 00:00:00-04:00,21.33029426160167,21.3588258208269,21.113841738102906,21.163036346435547,45500,0.0,0.0
2022-07-27 00:00:00-04:00,21.428681598530808,21.940292389037978,21.428681598530808,21.871421813964844,28000,0.0,0.0
2022-07-28 00:00:00-04:00,21.359809978085526,21.80255208733116,21.359809978085526,21.792713165283203,25300,0.0,0.0
2022-07-29 00:00:00-04:00,21.98358436407625,22.117390327538,21.881261825561523,21.881261825561523,6600,0.0,0.0
2022-08-01 00:00:00-04:00,21.728761380969633,22.063277228437777,21.66481120173493,21.81239128112793,26000,0.0,0.0
2022-08-02 00:00:00-04:00,21.409003423734326,21.536905650235255,21.271262275720645,21.349971771240234,42400,0.0,0.0
2022-08-03 00:00:00-04:00,21.55658500604496,21.615616662681735,21.369649237348877,21.605777740478516,18900,0.0,0.0
2022-08-04 00:00:00-04:00,21.763198852539062,21.940293824348586,21.664811506034294,21.763198852539062,22100,0.0,0.0
2022-08-05 00:00:00-04:00,21.290939873677342,21.35489193011962,21.12368194830853,21.33029556274414,14900,0.0,0.0
2022-08-08 00:00:00-04:00,21.61561676694499,21.66481137819837,21.399166107177734,21.399166107177734,23000,0.0,0.0
2022-08-09 00:00:00-04:00,21.27618125590075,21.27618125590075,20.818681716918945,20.818681716918945,73600,0.0,0.0
2022-08-10 00:00:00-04:00,21.645133700976668,21.694326436027687,21.536907431965368,21.625455856323242,28500,0.0,0.0
2022-08-11 00:00:00-04:00,22.196100033043905,22.264970612183166,21.969810451134176,22.038681030273438,21200,0.0,0.0
2022-08-12 00:00:00-04:00,21.77795551404046,21.91077814555495,21.477874962461335,21.63529396057129,18800,0.0,0.0
2022-08-15 00:00:00-04:00,21.487713436494467,21.527067246910363,21.28109983291806,21.389326095581055,20800,0.0,0.0
2022-08-16 00:00:00-04:00,21.3007771624824,21.743519247619265,21.123680328427657,21.281099319458008,28400,0.0,0.0
2022-08-17 00:00:00-04:00,20.88755304288983,21.015457153320312,20.799004620771036,21.015457153320312,14000,0.0,0.0
2022-08-18 00:00:00-04:00,20.53336058604954,20.651423894111254,20.474327055436234,20.612070083618164,26500,0.0,0.0
2022-08-19 00:00:00-04:00,20.346425326917633,20.40545698240296,19.92336106334404,20.01190948486328,13800,0.0,0.0
2022-08-22 00:00:00-04:00,19.62820093784869,19.670506613634508,19.274007251257196,19.303524017333984,98100,0.0,0.0
2022-08-23 00:00:00-04:00,19.057555819040118,19.293684308274724,19.057555819040118,19.17561912536621,116500,0.0,0.0
2022-08-24 00:00:00-04:00,19.465861711040137,19.65771600077569,19.442248673286876,19.529813766479492,52800,0.0,0.0
2022-08-25 00:00:00-04:00,19.519974507413604,19.79545869205791,19.51899117819409,19.647876739501953,28200,0.0,0.0
2022-08-26 00:00:00-04:00,19.529813771205824,19.64787708341819,18.811589346069294,18.821426391601562,44300,0.0,0.0
2022-08-29 00:00:00-04:00,18.68368448526254,18.782071825878933,18.63252321826861,18.693523406982422,69200,0.0,0.0
2022-08-30 00:00:00-04:00,18.721071668348877,18.752555091955482,18.57545825386747,18.624652862548828,109600,0.0,0.0
2022-08-31 00:00:00-04:00,18.447557011166133,18.447557011166133,18.162233895300478,18.201589584350586,75400,0.0,0.0
2022-09-01 00:00:00-04:00,18.211428303067134,18.25078211509485,17.857234611905092,18.044170379638672,72200,0.0,0.0
2022-09-02 00:00:00-04:00,18.60005765056534,18.72304136502577,18.250782475294972,18.348186492919922,41600,0.0,0.0
2022-09-06 00:00:00-04:00,18.67876690951895,19.106749704824875,18.614814853389202,19.047718048095703,126000,0.0,0.0
2022-09-07 00:00:00-04:00,19.057556296136017,19.35271644592285,19.037878452394907,19.35271644592285,107600,0.0,0.0
2022-09-08 00:00:00-04:00,17.9851390527041,18.595137224674723,17.9851390527041,18.496749877929688,57900,0.0,0.0
2022-09-09 00:00:00-04:00,18.993605153894705,19.14610375875156,18.89029928416924,19.067394256591797,120000,0.0,0.0
2022-09-12 00:00:00-04:00,19.37239523346976,19.746264899853177,19.37239523346976,19.706911087036133,66500,0.0,0.0
2022-09-13 00:00:00-04:00,19.195296968796107,19.22481373366912,18.457394736212578,18.467233657836914,71700,0.0,0.0
2022-09-14 00:00:00-04:00,18.29997651772179,18.339330329301912,17.808041675184015,17.886751174926758,27300,0.0,0.0
2022-09-15 00:00:00-04:00,17.463687533235767,17.463687533235767,17.011108362711543,17.079978942871094,74900,0.0,0.0
2022-09-16 00:00:00-04:00,16.77497751136608,16.99143004479178,16.745462621595316,16.902881622314453,26200,0.0,0.0
2022-09-19 00:00:00-04:00,16.966834150240036,17.089817865262823,16.9127210153768,17.079978942871094,70500,0.0,0.0
2022-09-20 00:00:00-04:00,16.538849459695314,16.538849459695314,16.264350468506176,16.440462112426758,94200,0.0,0.0
2022-09-21 00:00:00-04:00,16.19449376560549,16.440461181558785,16.08626937866211,16.08626937866211,36100,0.0,0.0
2022-09-22 00:00:00-04:00,15.938689879802181,16.046914270652522,15.76159303366932,15.987882614135742,67700,0.0,0.0
2022-09-23 00:00:00-04:00,15.732075418896972,15.968203908815328,15.614011173937795,15.781270027160645,50800,0.0,0.0
2022-09-26 00:00:00-04:00,16.130542797732172,16.158091026866998,15.93868852294822,16.027236938476562,95200,0.0,0.0
2022-09-27 00:00:00-04:00,16.12562397423387,16.4699787486449,15.987882815102482,16.145301818847656,287500,0.0,0.0
2022-09-28 00:00:00-04:00,16.007560782212995,16.568366221919522,16.007560782212995,16.509334564208984,67600,0.0,0.0
2022-09-29 00:00:00-04:00,16.09610874303498,16.469978399866843,16.076430898837906,16.332237243652344,144700,0.0,0.0
2022-09-30 00:00:00-04:00,16.469978734719213,16.981591434749724,16.469978734719213,16.78481674194336,82300,0.0,0.0
2022-10-03 00:00:00-04:00,16.361751700082095,16.774977034365293,16.361751700082095,16.725784301757812,58700,0.0,0.0
2022-10-04 00:00:00-04:00,17.611267491290935,18.024492845905918,17.611267491290935,17.926105499267578,128700,0.0,0.0
2022-10-05 00:00:00-04:00,17.18820211502134,17.463686292672612,17.09965369636852,17.414493560791016,115400,0.0,0.0
2022-10-06 00:00:00-04:00,17.35546043264842,17.35546043264842,17.00126862641522,17.08981704711914,36500,0.0,0.0
2022-10-07 00:00:00-04:00,16.696267051319776,16.863524964542837,16.479816406917983,16.548686981201172,33600,0.0,0.0
2022-10-10 00:00:00-04:00,16.65691366255508,16.89304215602747,16.65691366255508,16.863525390625,63400,0.0,0.0
2022-10-11 00:00:00-04:00,17.099655025179377,17.14884963746631,16.804494857788086,16.804494857788086,118800,0.0,0.0
2022-10-12 00:00:00-04:00,16.39126832165124,16.450299975578304,16.30271990246942,16.361751556396484,25600,0.0,0.0
2022-10-13 00:00:00-04:00,16.50736558546005,17.03078385668031,16.474898831395702,16.902881622314453,45400,0.0,0.0
2022-10-14 00:00:00-04:00,17.552234160853104,17.630943655344637,17.266911070457315,17.375137329101562,63300,0.0,0.0
2022-10-17 00:00:00-04:00,17.62110537294118,17.916265518842,17.62110537294118,17.847394943237305,25900,0.0,0.0
2022-10-18 00:00:00-04:00,18.526265162480122,18.93949048447747,18.526265162480122,18.88045883178711,77500,0.0,0.0
2022-10-19 00:00:00-04:00,17.522718396960347,17.77852473780577,17.49320350770519,17.591588973999023,23200,0.0,0.0
2022-10-20 00:00:00-04:00,18.142556673965718,18.349168397457234,17.90642818572581,17.9310245513916,29800,0.0,0.0
2022-10-21 00:00:00-04:00,17.935943399429952,18.47707283681087,17.935943399429952,18.45247459411621,21100,0.0,0.0
2022-10-24 00:00:00-04:00,18.664006549916078,18.959168570311803,18.536104321352298,18.900135040283203,43600,0.0,0.0
2022-10-25 00:00:00-04:00,19.29368408421085,19.628199909220637,19.283845162700867,19.532764434814453,26100,0.0,0.0
2022-10-26 00:00:00-04:00,19.628200674112986,19.972553557469467,19.628200674112986,19.92336082458496,12800,0.0,0.0
2022-10-27 00:00:00-04:00,19.982392025025366,19.982392025025366,19.579005619480267,19.677392959594727,16900,0.0,0.0
2022-10-28 00:00:00-04:00,19.579006601599012,19.893844604492188,19.579006601599012,19.893844604492188,21700,0.0,0.0
2022-10-31 00:00:00-04:00,20.061102010500733,20.110296620047585,19.854490280151367,19.854490280151367,21900,0.0,0.0
2022-11-01 00:00:00-04:00,20.680941899498308,20.700619744216006,20.120136461121756,20.277555465698242,19600,0.0,0.0
2022-11-02 00:00:00-04:00,20.1693287234563,20.508763092256956,20.1004581451416,20.1004581451416,27800,0.0,0.0
2022-11-03 00:00:00-04:00,19.844650512007114,20.04634371109223,19.75118357272751,19.933198928833008,39200,0.0,0.0
2022-11-04 00:00:00-04:00,20.15948865273435,21.25158455116634,20.15948865273435,21.005617141723633,20500,0.0,0.0
2022-11-07 00:00:00-05:00,21.241746834736798,21.50739210238593,21.15811693495873,21.379487991333008,29400,0.0,0.0
2022-11-08 00:00:00-05:00,21.733680965742572,21.940292693832216,21.645132546109163,21.822229385375977,43700,0.0,0.0
2022-11-09 00:00:00-05:00,21.005618813366663,21.222069475331885,20.917070388793945,20.917070388793945,27100,0.0,0.0
2022-11-10 00:00:00-05:00,22.068197223827507,22.776582717895508,21.760246284199,22.776582717895508,112200,0.0,0.0
2022-11-11 00:00:00-05:00,23.101259310868496,23.612871987647313,23.101259310868496,23.6030330657959,11900,0.0,0.0
2022-11-14 00:00:00-05:00,22.904485959511703,22.904485959511703,22.717550201940234,22.889726638793945,4100,0.0,0.0
2022-11-15 00:00:00-05:00,22.68803426387414,22.91432571616282,22.51093742146669,22.8454532623291,4000,0.0,0.0
2022-11-16 00:00:00-05:00,23.03238909328654,23.03238909328654,22.62900267400693,22.707712173461914,10600,0.0,0.0
2022-11-17 00:00:00-05:00,21.95505140727391,22.058357268459996,21.832067703028834,21.989486694335938,5300,0.0,0.0
2022-11-18 00:00:00-05:00,21.96981055590807,21.96981055590807,21.6943263614547,21.832069396972656,8200,0.0,0.0
2022-11-21 00:00:00-05:00,21.59593979546545,21.59593979546545,20.631746102113095,21.113842010498047,39700,0.0,0.0
2022-11-22 00:00:00-05:00,20.73997323637595,21.03513339624729,20.690780501924902,20.966262817382812,13600,0.0,0.0
2022-11-23 00:00:00-05:00,20.985939748441613,21.35980939311251,20.90723025079603,21.251585006713867,2900,0.0,0.0
2022-11-25 00:00:00-05:00,21.6451328337366,21.73859977722168,21.62545498987159,21.73859977722168,4700,0.0,0.0
2022-11-28 00:00:00-05:00,22.127228359688573,22.225615700700384,21.832068213235576,22.028841018676758,5500,0.0,0.0
2022-11-29 00:00:00-05:00,22.166584832752847,22.333842755429156,22.09771237799465,22.15674591064453,6800,0.0,0.0
2022-11-30 00:00:00-05:00,22.550292062616236,22.83561328035318,22.274807889816433,22.766742706298828,20200,0.0,0.0
2022-12-01 00:00:00-05:00,23.35706492805617,23.514483919653227,23.199645936459117,23.337387084960938,8100,0.0,0.0
2022-12-02 00:00:00-05:00,23.54400104699001,23.85883903503418,23.475130471678153,23.85883903503418,8000,0.0,0.0
2022-12-05 00:00:00-05:00,23.888356823216316,24.0457758239803,23.691582133970076,24.006420135498047,15000,0.0,0.0
2022-12-06 00:00:00-05:00,23.01271051460358,23.01271051460358,22.274808277051957,22.442066192626953,13900,0.0,0.0
2022-12-07 00:00:00-05:00,22.953679074471175,22.953679074471175,22.648680005556965,22.668357849121094,6100,0.0,0.0
2022-12-08 00:00:00-05:00,22.796260079123037,22.796260079123037,22.579809429664962,22.668357849121094,2400,0.0,0.0
2022-12-09 00:00:00-05:00,22.845452172239195,23.022549006196325,22.796259441287724,22.835613250732422,3100,0.0,0.0
2022-12-12 00:00:00-05:00,22.879888309257012,22.91432547410133,22.76674352259915,22.825777053833008,4800,0.0,0.0
2022-12-13 00:00:00-05:00,23.31771120862298,23.31771120862298,23.120936530074488,23.130775451660156,9300,0.0,0.0
2022-12-14 00:00:00-05:00,23.07174361497402,23.07174361497402,22.90448570251465,22.90448570251465,1900,0.0,0.0
2022-12-15 00:00:00-05:00,21.310617792649914,21.310617792649914,21.025296552249145,21.123682022094727,4600,0.0,0.0
2022-12-16 00:00:00-05:00,20.81868159771294,20.9465857028155,20.37593950556164,20.45465087890625,11800,0.0,0.0
2022-12-19 00:00:00-05:00,20.316908802213867,20.316908802213867,20.090619223013427,20.1004581451416,14100,0.0,0.0
2022-12-20 00:00:00-05:00,19.726586544988894,19.731506944327872,19.529813732827456,19.598684310913086,22700,0.0,0.0
2022-12-21 00:00:00-05:00,19.65771613616086,19.923361405277703,19.65771613616086,19.824974060058594,10700,0.0,0.0
2022-12-22 00:00:00-05:00,19.62820162504068,19.62820162504068,19.392071241324327,19.569168090820312,12500,0.0,0.0
2022-12-23 00:00:00-05:00,19.56916778120123,19.785620316752798,19.54949181335498,19.687232971191406,8400,0.0,0.0
2022-12-27 00:00:00-05:00,20.06110139896669,20.06110139896669,19.913521327989848,20.021747589111328,5700,0.0,0.0
2022-12-28 00:00:00-05:00,20.252956556553873,20.252956556553873,19.834812691235538,19.90860366821289,13800,0.0,0.0
2022-12-29 00:00:00-05:00,20.513682441007752,20.808842583406314,20.503843519383476,20.66126251220703,12100,0.0,0.0
2022-12-30 00:00:00-05:00,20.612070488365166,20.612070488365166,20.28739356994629,20.28739356994629,5900,0.0,0.0
2023-01-03 00:00:00-05:00,20.002070423104282,20.002070423104282,19.647876739501953,19.647876739501953,8700,0.0,0.0
2023-01-04 00:00:00-05:00,20.287392722800423,20.469408080042328,20.287392722800423,20.36610221862793,22400,0.0,0.0
2023-01-05 00:00:00-05:00,20.03158648055955,20.331667021157344,20.03158648055955,20.090618133544922,29600,0.0,0.0
2023-01-06 00:00:00-05:00,20.159489798824776,20.7990047244165,20.120135986899488,20.739973068237305,22900,0.0,0.0
2023-01-09 00:00:00-05:00,20.867874146218313,21.07448774626867,20.858037101219047,20.93674659729004,12800,0.0,0.0
2023-01-10 00:00:00-05:00,20.671101160845325,20.73013281322897,20.52352109159501,20.641584396362305,9700,0.0,0.0
2023-01-11 00:00:00-05:00,20.917070152086286,20.917070152086286,20.769490071662695,20.828521728515625,3800,0.0,0.0
2023-01-12 00:00:00-05:00,20.730134280237582,21.143359629330597,20.730134280237582,21.035133361816406,4100,0.0,0.0
2023-01-13 00:00:00-05:00,20.966262711812508,21.24174690246582,20.966262711812508,21.24174690246582,2200,0.0,0.0
2023-01-17 00:00:00-05:00,21.468036813024757,21.900940011696207,21.468036813024757,21.763198852539062,6700,0.0,0.0
2023-01-18 00:00:00-05:00,22.13706752268837,22.29448651938978,21.89110010576961,22.117389678955078,9300,0.0,0.0
2023-01-19 00:00:00-05:00,21.330293956752957,21.369647766274202,21.005617052727462,21.212228775024414,5400,0.0,0.0
2023-01-20 00:00:00-05:00,21.58610173488336,21.76319858106634,21.56642389051136,21.743520736694336,3500,0.0,0.0
2023-01-23 00:00:00-05:00,22.530615566578266,22.962535427171098,22.5011006768375,22.796260833740234,4400,0.0,0.0
2023-01-24 00:00:00-05:00,22.835615049027332,23.140616010008817,22.835615049027332,23.111099243164062,26100,0.0,0.0
2023-01-25 00:00:00-05:00,22.23545573794788,22.353519051818992,22.08787565731772,22.266939163208008,9300,0.0,0.0
2023-01-26 00:00:00-05:00,22.471583810064374,22.471583810064374,22.26497019989003,22.363357543945312,10400,0.0,0.0
2023-01-27 00:00:00-05:00,21.763197114235286,22.07803509663728,21.763197114235286,22.023921966552734,14300,0.0,0.0
2023-01-30 00:00:00-05:00,22.373196771963872,22.496180484569162,22.314165115356445,22.314165115356445,9300,0.0,0.0
2023-01-31 00:00:00-05:00,22.038681030273438,22.151825821228304,21.920617716486856,22.038681030273438,18400,0.0,0.0
2023-02-01 00:00:00-05:00,22.579809857136887,22.963518430989378,22.432227904194402,22.948760986328125,10300,0.0,0.0
2023-02-02 00:00:00-05:00,24.399967736650645,24.599694291003654,24.065451889520958,24.43932342529297,13600,0.0,0.0
2023-02-03 00:00:00-05:00,23.140615158829778,23.386582577074357,23.140615158829778,23.189807891845703,6600,0.0,0.0
2023-02-06 00:00:00-05:00,23.111098869166305,23.111098869166305,22.679180884514814,22.72739028930664,5900,0.0,0.0
2023-02-07 00:00:00-05:00,23.052067210846335,23.49480744681603,22.894648210068333,23.366905212402344,4800,0.0,0.0
2023-02-08 00:00:00-05:00,23.701419921682138,23.789968339946547,23.347226248624498,23.425935745239258,2400,0.0,0.0
2023-02-09 00:00:00-05:00,23.455453668975363,23.46037219175197,23.170130556786805,23.29803466796875,23300,0.0,0.0
2023-02-10 00:00:00-05:00,22.629002740213053,22.638841662246524,22.47158374084252,22.569971084594727,2700,0.0,0.0
2023-02-13 00:00:00-05:00,22.422390704914953,22.619163513183594,22.422390704914953,22.619163513183594,3500,0.0,0.0
2023-02-14 00:00:00-05:00,22.510937216819723,22.79626032178952,22.510937216819723,22.688034057617188,7800,0.0,0.0
2023-02-15 00:00:00-05:00,22.137068341398606,22.343680078492046,22.097712652476506,22.10755157470703,2500,0.0,0.0
2023-02-16 00:00:00-05:00,21.95997125518998,22.087875366210938,21.94029341094329,22.087875366210938,5500,0.0,0.0
2023-02-17 00:00:00-05:00,21.68448919528384,22.14690728098574,21.645133506330893,22.073116302490234,7300,0.0,0.0
2023-02-21 00:00:00-05:00,22.10755064340801,22.10755064340801,21.753358840942383,21.753358840942383,2900,0.0,0.0
2023-02-22 00:00:00-05:00,22.235454654152406,22.245293575925857,21.959970474243164,21.959970474243164,2800,0.0,0.0
2023-02-23 00:00:00-05:00,22.471583773932345,22.471583773932345,21.59594035407153,21.792713165283203,3800,0.0,0.0
2023-02-24 00:00:00-05:00,20.56287571550823,20.641585213998326,20.503844060786275,20.631746292114258,6600,0.0,0.0
2023-02-27 00:00:00-05:00,21.153197937833003,21.281100169435238,21.123681172117497,21.202390670776367,5500,0.0,0.0
2023-02-28 00:00:00-05:00,21.11384258735823,21.300778353376465,21.084327697753906,21.084327697753906,14600,0.0,0.0
2023-03-01 00:00:00-05:00,20.720293981301154,20.720293981301154,20.434972763061523,20.434972763061523,5900,0.0,0.0
2023-03-02 00:00:00-05:00,19.677392599845135,19.933198928833008,19.549490373642392,19.933198928833008,7700,0.0,0.0
2023-03-03 00:00:00-05:00,20.375940489259047,20.710456335793488,20.375940489259047,20.67110252380371,8800,0.0,0.0
2023-03-06 00:00:00-05:00,20.87771343338366,20.87771343338366,20.680940628051758,20.680940628051758,8300,0.0,0.0
2023-03-07 00:00:00-05:00,20.65142377654653,20.749811117092822,20.070940531564077,20.179166793823242,4800,0.0,0.0
2023-03-08 00:00:00-05:00,19.9036824063804,20.021747589111328,19.805295066868368,20.021747589111328,4600,0.0,0.0
2023-03-09 00:00:00-05:00,20.139810620756606,20.356263140049343,20.0020694732666,20.0020694732666,7400,0.0,0.0
2023-03-10 00:00:00-05:00,20.169328757570376,20.189006601860005,19.903683489407936,20.031587600708008,4300,0.0,0.0
2023-03-13 00:00:00-04:00,20.538279347694047,20.749811476731026,20.538279347694047,20.700618743896484,11100,0.0,0.0
2023-03-14 00:00:00-04:00,21.34997231643945,21.42868181396899,21.13351979079639,21.32045555114746,16400,0.0,0.0
2023-03-15 00:00:00-04:00,20.956423857346838,21.182715314527744,20.838360544244434,21.104005813598633,7500,0.0,0.0
2023-03-16 00:00:00-04:00,21.104005625364916,21.576262626727363,21.104005625364916,21.551666259765625,4600,0.0,0.0
2023-03-17 00:00:00-04:00,21.487713436494467,21.487713436494467,21.290938754667643,21.389326095581055,10400,0.0,0.0
2023-03-20 00:00:00-04:00,21.320455696129283,21.66481045388108,21.320455696129283,21.615615844726562,4200,0.0,0.0
2023-03-21 00:00:00-04:00,21.718923552877424,21.753358840942383,21.694325310046064,21.753358840942383,6800,0.0,0.0
2023-03-22 00:00:00-04:00,22.324002947195304,22.727389354711654,22.289567659474333,22.304325103759766,13300,0.0,0.0
2023-03-23 00:00:00-04:00,22.61916405950615,22.61916405950615,22.45190613631765,22.58964729309082,3300,0.0,0.0
2023-03-24 00:00:00-04:00,22.806099416406152,22.983196258544922,22.806099416406152,22.983196258544922,2900,0.0,0.0
2023-03-27 00:00:00-04:00,23.61287165981576,23.642388424960206,23.012710571289062,23.012710571289062,17300,0.0,0.0
2023-03-28 00:00:00-04:00,22.6663887093314,22.796259470857436,22.648679401229195,22.766742706298828,11100,0.0,0.0
2023-03-29 00:00:00-04:00,23.11109883362722,23.435775756835938,23.11109883362722,23.435775756835938,3900,0.0,0.0
2023-03-30 00:00:00-04:00,23.681742259267793,23.721097946166992,23.681742259267793,23.721097946166992,2500,0.0,0.0
2023-03-31 00:00:00-04:00,23.947387422840748,23.957226344527236,23.927709579467773,23.927709579467773,14500,0.0,0.0
2023-04-03 00:00:00-04:00,23.97690447114508,24.21303296466293,23.97690447114508,24.210081100463867,2200,0.0,0.0
2023-04-04 00:00:00-04:00,24.419645309448242,24.449162075601787,24.375371098509174,24.419645309448242,4100,0.0,0.0
2023-04-05 00:00:00-04:00,24.498353686066963,24.547548294067383,24.478675842866796,24.547548294067383,2600,0.0,0.0
2023-04-06 00:00:00-04:00,24.183517078865414,24.45900126961413,24.183517078865414,24.43932342529297,2000,0.0,0.0
2023-04-10 00:00:00-04:00,23.317711930728642,24.61641959493647,23.317711930728642,24.070371627807617,2100,0.0,0.0
2023-04-11 00:00:00-04:00,24.213033083949362,24.31830560693391,24.213033083949362,24.2769832611084,4100,0.0,0.0
2023-04-12 00:00:00-04:00,24.33109580153785,24.409805297851562,24.33109580153785,24.409805297851562,1100,0.0,0.0
2023-04-13 00:00:00-04:00,24.6360971325724,24.86238670349121,24.631176733397126,24.86238670349121,2300,0.0,0.0
2023-04-14 00:00:00-04:00,24.7836784344749,24.803354402403993,24.52787208557129,24.52787208557129,6200,0.0,0.0
2023-04-17 00:00:00-04:00,24.586903181009635,24.586903181009635,24.459000947770125,24.522951126098633,3400,0.0,0.0
2023-04-18 00:00:00-04:00,24.842709133182627,24.842709133182627,24.788596001154183,24.81319236755371,2300,0.0,0.0
2023-04-19 00:00:00-04:00,24.50819344027847,24.527871284147146,24.50327491760254,24.50327491760254,1000,0.0,0.0
2023-04-20 00:00:00-04:00,24.87222644342665,24.92141917730286,24.830904096590835,24.852548599243164,2400,0.0,0.0
2023-04-21 00:00:00-04:00,25.313000120371644,25.313000120371644,25.285451889038086,25.285451889038086,1600,0.0,0.0
2023-04-24 00:00:00-04:00,25.77738595308437,25.797061920166016,25.67899861134631,25.797061920166016,2600,0.0,0.0
2023-04-25 00:00:00-04:00,25.334643562440622,25.334643562440622,25.039483417200504,25.137868881225586,2200,0.0,0.0
2023-04-26 00:00:00-04:00,24.380292039561798,24.606581622019686,24.380292039561798,24.459001541137695,1700,0.0,0.0
2023-04-27 00:00:00-04:00,24.795000076293945,25.31999969482422,24.790000915527344,25.31999969482422,3900,0.401,0.0
2023-04-28 00:00:00-04:00,24.8799991607666,25.31999969482422,24.809999465942383,25.31999969482422,1000,0.0,0.0
2023-05-01 00:00:00-04:00,25.350000381469727,25.350000381469727,25.190000534057617,25.280000686645508,1300,0.0,0.0
2023-05-02 00:00:00-04:00,24.325000762939453,24.325000762939453,24.325000762939453,24.325000762939453,600,0.0,0.0
2023-05-03 00:00:00-04:00,24.75,24.75,24.670000076293945,24.670000076293945,1400,0.0,0.0
2023-05-04 00:00:00-04:00,24.6299991607666,24.67300033569336,24.514999389648438,24.6299991607666,4400,0.0,0.0
2023-05-05 00:00:00-04:00,24.6299991607666,24.6299991607666,24.6299991607666,24.6299991607666,300,0.0,0.0
2023-05-08 00:00:00-04:00,24.510000228881836,24.7549991607666,24.510000228881836,24.7549991607666,800,0.0,0.0
2023-05-09 00:00:00-04:00,23.989999771118164,24.148000717163086,23.959999084472656,24.125999450683594,2200,0.0,0.0
2023-05-10 00:00:00-04:00,23.760000228881836,23.799999237060547,23.670000076293945,23.799999237060547,2100,0.0,0.0
2023-05-11 00:00:00-04:00,24.110000610351562,24.11400032043457,24.100000381469727,24.100000381469727,1000,0.0,0.0
2023-05-12 00:00:00-04:00,24.030000686645508,24.030000686645508,23.829999923706055,23.889999389648438,1800,0.0,0.0
2023-05-15 00:00:00-04:00,24.510000228881836,24.68000030517578,24.510000228881836,24.68000030517578,1400,0.0,0.0
2023-05-16 00:00:00-04:00,24.420000076293945,24.450000762939453,24.149999618530273,24.19499969482422,3400,0.0,0.0
2023-05-17 00:00:00-04:00,24.049999237060547,24.190000534057617,23.940000534057617,24.040000915527344,2900,0.0,0.0
2023-05-18 00:00:00-04:00,24.200000762939453,24.200000762939453,24.06999969482422,24.06999969482422,700,0.0,0.0
2023-05-19 00:00:00-04:00,24.510000228881836,24.611000061035156,24.510000228881836,24.579999923706055,2200,0.0,0.0
2023-05-22 00:00:00-04:00,24.06999969482422,24.219999313354492,24.06999969482422,24.219999313354492,1400,0.0,0.0
2023-05-23 00:00:00-04:00,23.860000610351562,23.860000610351562,23.530000686645508,23.549999237060547,4900,0.0,0.0
2023-05-24 00:00:00-04:00,24.09000015258789,24.09000015258789,23.639999389648438,23.65999984741211,3400,0.0,0.0
2023-05-25 00:00:00-04:00,23.030000686645508,23.030000686645508,22.950000762939453,22.969999313354492,2600,0.0,0.0
2023-05-26 00:00:00-04:00,23.299999237060547,23.440000534057617,23.299999237060547,23.43000030517578,1900,0.0,0.0
2023-05-30 00:00:00-04:00,23.329999923706055,23.329999923706055,23.1299991607666,23.170000076293945,3200,0.0,0.0
2023-05-31 00:00:00-04:00,23.149999618530273,23.149999618530273,22.670000076293945,23.0,7300,0.0,0.0
2023-06-01 00:00:00-04:00,22.700000762939453,23.31999969482422,22.6299991607666,23.299999237060547,27700,0.0,0.0
2023-06-02 00:00:00-04:00,24.350000381469727,24.43000030517578,22.770000457763672,23.5,24400,0.0,0.0
2023-06-05 00:00:00-04:00,23.049999237060547,23.31999969482422,22.979999542236328,23.145000457763672,22400,0.0,0.0
2023-06-06 00:00:00-04:00,22.93000030517578,23.093000411987305,22.93000030517578,23.040000915527344,3600,0.0,0.0
2023-06-07 00:00:00-04:00,23.3700008392334,23.3700008392334,22.924999237060547,22.979999542236328,6400,0.0,0.0
2023-06-08 00:00:00-04:00,22.850000381469727,22.899999618530273,22.81999969482422,22.899999618530273,2500,0.0,0.0
2023-06-09 00:00:00-04:00,22.780000686645508,22.829999923706055,22.75,22.790000915527344,3700,0.0,0.0
2023-06-12 00:00:00-04:00,22.690000534057617,22.8799991607666,22.690000534057617,22.8799991607666,4200,0.0,0.0
2023-06-13 00:00:00-04:00,22.940000534057617,23.059999465942383,22.940000534057617,22.989999771118164,7400,0.0,0.0
2023-06-14 00:00:00-04:00,22.90999984741211,23.139999389648438,22.8799991607666,23.059999465942383,5600,0.0,0.0
2023-06-15 00:00:00-04:00,23.540000915527344,23.809999465942383,23.540000915527344,23.729999542236328,3200,0.0,0.0
2023-06-16 00:00:00-04:00,24.030000686645508,24.030000686645508,23.530000686645508,23.719999313354492,3200,0.0,0.0
2023-06-20 00:00:00-04:00,18.219999313354492,18.260000228881836,17.729999542236328,17.829999923706055,10900,0.0,0.0
2023-06-21 00:00:00-04:00,17.209999084472656,17.334999084472656,17.139999389648438,17.260000228881836,13100,0.0,0.0
2023-06-22 00:00:00-04:00,16.850000381469727,17.209999084472656,16.850000381469727,17.010000228881836,36100,0.0,0.0
2023-06-23 00:00:00-04:00,16.8799991607666,16.959999084472656,16.799999237060547,16.889999389648438,36200,0.0,0.0
2023-06-26 00:00:00-04:00,16.75,16.934999465942383,16.6299991607666,16.81999969482422,52000,0.0,0.0
2023-06-27 00:00:00-04:00,16.719999313354492,16.8799991607666,16.719999313354492,16.8799991607666,113200,0.0,0.0
2023-06-28 00:00:00-04:00,17.270000457763672,17.270000457763672,17.08300018310547,17.190000534057617,23700,0.0,0.0
2023-06-29 00:00:00-04:00,16.950000762939453,17.049999237060547,16.93000030517578,16.979999542236328,12500,0.0,0.0
2023-06-30 00:00:00-04:00,17.3799991607666,17.5,17.350000381469727,17.459999084472656,28000,0.0,0.0
2023-07-03 00:00:00-04:00,17.239999771118164,17.239999771118164,17.06999969482422,17.125,13900,0.0,0.0
2023-07-05 00:00:00-04:00,16.790000915527344,16.809999465942383,16.579999923706055,16.579999923706055,32200,0.0,0.0
2023-07-06 00:00:00-04:00,16.34000015258789,16.3700008392334,16.209999084472656,16.350000381469727,57100,0.0,0.0
2023-07-07 00:00:00-04:00,16.350000381469727,16.579999923706055,16.350000381469727,16.479999542236328,53500,0.0,0.0
2023-07-10 00:00:00-04:00,16.540000915527344,16.799999237060547,16.534000396728516,16.760000228881836,41200,0.0,0.0
2023-07-11 00:00:00-04:00,17.0,17.110000610351562,16.90999984741211,17.079999923706055,48400,0.0,0.0
2023-07-12 00:00:00-04:00,17.5,17.770000457763672,17.440000534057617,17.75,28900,0.0,0.0
2023-07-13 00:00:00-04:00,17.719999313354492,18.030000686645508,17.719999313354492,18.030000686645508,22500,0.0,0.0
2023-07-14 00:00:00-04:00,18.020000457763672,18.079999923706055,17.95400047302246,17.959999084472656,18900,0.0,0.0
2023-07-17 00:00:00-04:00,18.059999465942383,18.059999465942383,17.850000381469727,17.989999771118164,21600,0.0,0.0
2023-07-18 00:00:00-04:00,18.690000534057617,18.888999938964844,18.6200008392334,18.84000015258789,45500,0.0,0.0
2023-07-19 00:00:00-04:00,18.8700008392334,18.8799991607666,18.6299991607666,18.65999984741211,19200,0.0,0.0
2023-07-20 00:00:00-04:00,18.56999969482422,18.6299991607666,18.469999313354492,18.469999313354492,13200,0.0,0.0
2023-07-21 00:00:00-04:00,18.360000610351562,18.459999084472656,18.360000610351562,18.389999389648438,8300,0.0,0.0
2023-07-24 00:00:00-04:00,18.360000610351562,18.420000076293945,18.329999923706055,18.34000015258789,28300,0.0,0.0
2023-07-25 00:00:00-04:00,18.40999984741211,18.600000381469727,18.40999984741211,18.530000686645508,45600,0.0,0.0
2023-07-26 00:00:00-04:00,18.399999618530273,18.68000030517578,18.399999618530273,18.6299991607666,10200,0.0,0.0
2023-07-27 00:00:00-04:00,18.98200035095215,18.98200035095215,18.600000381469727,18.610000610351562,15400,0.0,0.0
2023-07-28 00:00:00-04:00,18.649999618530273,18.799999237060547,18.600000381469727,18.600000381469727,20800,0.0,0.0
2023-07-31 00:00:00-04:00,18.670000076293945,18.719999313354492,18.59000015258789,18.600000381469727,13600,0.0,0.0
2023-08-01 00:00:00-04:00,18.760000228881836,18.790000915527344,18.649999618530273,18.68000030517578,20100,0.0,0.0
2023-08-02 00:00:00-04:00,18.309999465942383,18.309999465942383,18.110000610351562,18.1299991607666,10900,0.0,0.0
2023-08-03 00:00:00-04:00,18.065000534057617,18.170000076293945,18.0,18.09000015258789,27500,0.0,0.0
2023-08-04 00:00:00-04:00,18.190000534057617,18.44499969482422,18.190000534057617,18.280000686645508,26000,0.0,0.0
2023-08-07 00:00:00-04:00,18.1200008392334,18.239999771118164,18.049999237060547,18.229999542236328,20400,0.0,0.0
2023-08-08 00:00:00-04:00,17.809999465942383,17.90999984741211,17.649999618530273,17.90999984741211,59400,0.0,0.0
2023-08-09 00:00:00-04:00,17.979999542236328,18.030000686645508,17.916000366210938,18.010000228881836,21500,0.0,0.0
2023-08-10 00:00:00-04:00,18.219999313354492,18.270000457763672,17.959999084472656,17.959999084472656,21800,0.0,0.0
2023-08-11 00:00:00-04:00,17.3700008392334,17.389999389648438,17.309999465942383,17.360000610351562,27000,0.0,0.0
2023-08-14 00:00:00-04:00,17.350000381469727,17.489999771118164,17.32200050354004,17.479999542236328,28600,0.0,0.0
2023-08-15 00:00:00-04:00,17.3799991607666,17.3799991607666,16.989999771118164,16.989999771118164,40000,0.0,0.0
2023-08-16 00:00:00-04:00,17.020000457763672,17.079999923706055,16.780000686645508,16.790000915527344,64000,0.0,0.0
2023-08-17 00:00:00-04:00,16.899999618530273,16.959999084472656,16.799999237060547,16.799999237060547,48900,0.0,0.0
2023-08-18 00:00:00-04:00,16.540000915527344,16.645000457763672,16.540000915527344,16.579999923706055,37300,0.0,0.0
2023-08-21 00:00:00-04:00,16.67799949645996,16.760000228881836,16.540000915527344,16.65999984741211,83300,0.0,0.0
2023-08-22 00:00:00-04:00,16.93000030517578,17.040000915527344,16.899999618530273,16.959999084472656,75300,0.0,0.0
2023-08-23 00:00:00-04:00,16.93000030517578,17.010000228881836,16.895000457763672,17.010000228881836,37700,0.0,0.0
2023-08-24 00:00:00-04:00,16.950000762939453,17.006999969482422,16.799999237060547,16.799999237060547,20500,0.0,0.0
2023-08-25 00:00:00-04:00,16.979999542236328,17.1200008392334,16.829999923706055,16.959999084472656,19900,0.0,0.0
2023-08-28 00:00:00-04:00,17.350000381469727,17.40999984741211,17.295000076293945,17.40999984741211,39600,0.0,0.0
2023-08-29 00:00:00-04:00,17.270000457763672,17.57900047302246,17.270000457763672,17.56999969482422,19300,0.0,0.0
2023-08-30 00:00:00-04:00,17.454999923706055,17.5,17.40999984741211,17.40999984741211,9600,0.0,0.0
2023-08-31 00:00:00-04:00,17.420000076293945,17.420000076293945,17.260000228881836,17.299999237060547,45400,0.0,0.0
2023-09-01 00:00:00-04:00,17.3799991607666,17.3799991607666,17.18000030517578,17.18000030517578,9900,0.0,0.0
2023-09-05 00:00:00-04:00,17.200000762939453,17.260000228881836,17.149999618530273,17.209999084472656,15100,0.0,0.0
2023-09-06 00:00:00-04:00,17.040000915527344,17.040000915527344,16.899999618530273,16.969999313354492,64100,0.0,0.0
2023-09-07 00:00:00-04:00,16.746000289916992,16.8700008392334,16.684999465942383,16.829999923706055,24700,0.0,0.0
2023-09-08 00:00:00-04:00,16.85300064086914,16.85300064086914,16.6200008392334,16.65999984741211,32900,0.0,0.0
2023-09-11 00:00:00-04:00,16.850000381469727,17.09000015258789,16.81999969482422,17.049999237060547,90800,0.0,0.0
2023-09-12 00:00:00-04:00,17.690000534057617,17.690000534057617,17.549999237060547,17.610000610351562,61700,0.0,0.0
2023-09-13 00:00:00-04:00,17.899999618530273,17.979999542236328,17.8700008392334,17.93000030517578,7300,0.0,0.0
2023-09-14 00:00:00-04:00,18.059999465942383,18.229999542236328,18.059999465942383,18.229999542236328,5500,0.0,0.0
2023-09-15 00:00:00-04:00,18.020000457763672,18.020000457763672,17.829999923706055,17.829999923706055,13600,0.0,0.0
