Date,Open,High,Low,Close,Volume,Dividends,Stock Splits
2013-09-16 00:00:00-04:00,0.15000000596046448,0.15000000596046448,0.15000000596046448,0.15000000596046448,1000,0.0,0.0
2013-09-17 00:00:00-04:00,0.15000000596046448,0.15000000596046448,0.15000000596046448,0.15000000596046448,240,0.0,0.0
2013-09-18 00:00:00-04:00,0.15000000596046448,0.15000000596046448,0.15000000596046448,0.15000000596046448,100,0.0,0.0
2013-09-19 00:00:00-04:00,0.15000000596046448,0.15000000596046448,0.15000000596046448,0.15000000596046448,745,0.0,0.0
2013-09-20 00:00:00-04:00,0.15000000596046448,0.15000000596046448,0.15000000596046448,0.15000000596046448,0,0.0,0.0
2013-09-23 00:00:00-04:00,0.15000000596046448,0.15000000596046448,0.15000000596046448,0.15000000596046448,0,0.0,0.0
2013-09-24 00:00:00-04:00,0.18000000715255737,0.18000000715255737,0.15000000596046448,0.15000000596046448,7199,0.0,0.0
2013-09-25 00:00:00-04:00,0.15000000596046448,0.15000000596046448,0.15000000596046448,0.15000000596046448,0,0.0,0.0
2013-09-26 00:00:00-04:00,0.1599999964237213,0.1850000023841858,0.1599999964237213,0.1850000023841858,13180,0.0,0.0
2013-09-27 00:00:00-04:00,0.1850000023841858,0.25,0.1850000023841858,0.20000000298023224,10210,0.0,0.0
2013-09-30 00:00:00-04:00,0.20000000298023224,0.20000000298023224,0.20000000298023224,0.20000000298023224,670,0.0,0.0
2013-10-01 00:00:00-04:00,0.20000000298023224,0.20000000298023224,0.20000000298023224,0.20000000298023224,0,0.0,0.0
2013-10-02 00:00:00-04:00,0.20000000298023224,0.20000000298023224,0.20000000298023224,0.20000000298023224,1500,0.0,0.0
2013-10-03 00:00:00-04:00,0.20000000298023224,0.20000000298023224,0.1899999976158142,0.1899999976158142,12500,0.0,0.0
2013-10-04 00:00:00-04:00,0.20000000298023224,0.20000000298023224,0.20000000298023224,0.20000000298023224,2059,0.0,0.0
2013-10-07 00:00:00-04:00,0.25,0.25,0.25,0.25,500,0.0,0.0
2013-10-08 00:00:00-04:00,0.20999999344348907,0.20999999344348907,0.20000000298023224,0.20000000298023224,300,0.0,0.0
2013-10-09 00:00:00-04:00,0.20000000298023224,0.20000000298023224,0.20000000298023224,0.20000000298023224,500,0.0,0.0
2013-10-10 00:00:00-04:00,0.25,0.25,0.25,0.25,29000,0.0,0.0
2013-10-11 00:00:00-04:00,0.25,0.25,0.25,0.25,100,0.0,0.0
2013-10-14 00:00:00-04:00,0.2199999988079071,0.2199999988079071,0.2199999988079071,0.2199999988079071,180,0.0,0.0
2013-10-15 00:00:00-04:00,0.2199999988079071,0.3199999928474426,0.2199999988079071,0.2800000011920929,14141,0.0,0.0
2013-10-16 00:00:00-04:00,0.2800000011920929,0.2800000011920929,0.2800000011920929,0.2800000011920929,2000,0.0,0.0
2013-10-17 00:00:00-04:00,0.33000001311302185,0.42500001192092896,0.25999999046325684,0.42500001192092896,14165,0.0,0.0
2013-10-18 00:00:00-04:00,0.4300000071525574,0.47999998927116394,0.4099999964237213,0.41999998688697815,15876,0.0,0.0
2013-10-21 00:00:00-04:00,0.44999998807907104,0.47999998927116394,0.44999998807907104,0.4699999988079071,12489,0.0,0.0
2013-10-22 00:00:00-04:00,0.47999998927116394,0.5,0.44999998807907104,0.47999998927116394,16220,0.0,0.0
2013-10-23 00:00:00-04:00,0.47999998927116394,0.5,0.47999998927116394,0.5,2150,0.0,0.0
2013-10-24 00:00:00-04:00,0.5099999904632568,0.5299999713897705,0.5,0.5299999713897705,10745,0.0,0.0
2013-10-25 00:00:00-04:00,0.550000011920929,0.6399999856948853,0.33000001311302185,0.5619999766349792,18589,0.0,0.0
2013-10-28 00:00:00-04:00,0.5600000023841858,0.6399999856948853,0.45010000467300415,0.6399999856948853,28400,0.0,0.0
2013-10-29 00:00:00-04:00,0.4300000071525574,0.5799999833106995,0.4300000071525574,0.5799999833106995,1230,0.0,0.0
2013-10-30 00:00:00-04:00,0.550000011920929,0.550000011920929,0.550000011920929,0.550000011920929,4910,0.0,0.0
2013-10-31 00:00:00-04:00,0.5299999713897705,0.5699999928474426,0.4300000071525574,0.5699999928474426,5225,0.0,0.0
2013-11-01 00:00:00-04:00,0.5600000023841858,0.5600000023841858,0.4300000071525574,0.5400000214576721,700,0.0,0.0
2013-11-04 00:00:00-05:00,0.30000001192092896,0.5400000214576721,0.30000001192092896,0.5099999904632568,2154,0.0,0.0
2013-11-05 00:00:00-05:00,0.5,0.5,0.5,0.5,1500,0.0,0.0
2013-11-06 00:00:00-05:00,0.5,0.5,0.47999998927116394,0.47999998927116394,5000,0.0,0.0
2013-11-07 00:00:00-05:00,0.47999998927116394,0.47999998927116394,0.47999998927116394,0.47999998927116394,2000,0.0,0.0
2013-11-08 00:00:00-05:00,0.5,0.5,0.47999998927116394,0.5,4500,0.0,0.0
2013-11-11 00:00:00-05:00,0.5,0.5,0.48500001430511475,0.48500001430511475,6000,0.0,0.0
2013-11-12 00:00:00-05:00,0.47999998927116394,0.47999998927116394,0.47999998927116394,0.47999998927116394,1069,0.0,0.0
2013-11-13 00:00:00-05:00,0.47999998927116394,0.47999998927116394,0.3499999940395355,0.44999998807907104,18191,0.0,0.0
2013-11-14 00:00:00-05:00,0.4000000059604645,0.49000000953674316,0.4000000059604645,0.49000000953674316,5100,0.0,0.0
2013-11-15 00:00:00-05:00,0.44999998807907104,0.550000011920929,0.44999998807907104,0.550000011920929,7650,0.0,0.0
2013-11-18 00:00:00-05:00,0.5249999761581421,0.5249999761581421,0.5249999761581421,0.5249999761581421,1000,0.0,0.0
2013-11-19 00:00:00-05:00,0.5249999761581421,0.5249999761581421,0.5249999761581421,0.5249999761581421,0,0.0,0.0
2013-11-20 00:00:00-05:00,0.5249999761581421,0.5249999761581421,0.5249999761581421,0.5249999761581421,0,0.0,0.0
2013-11-21 00:00:00-05:00,0.6499999761581421,0.6499999761581421,0.5,0.5899999737739563,51400,0.0,0.0
2013-11-22 00:00:00-05:00,0.6000000238418579,0.6000000238418579,0.550000011920929,0.550000011920929,11700,0.0,0.0
2013-11-25 00:00:00-05:00,0.5,0.550000011920929,0.5,0.550000011920929,2500,0.0,0.0
2013-11-26 00:00:00-05:00,0.5600000023841858,0.5600000023841858,0.5600000023841858,0.5600000023841858,2475,0.0,0.0
2013-11-27 00:00:00-05:00,0.5,0.7699999809265137,0.5,0.5701000094413757,27100,0.0,0.0
2013-11-29 00:00:00-05:00,0.5899999737739563,0.5899999737739563,0.5,0.5,6500,0.0,0.0
2013-12-02 00:00:00-05:00,0.5199999809265137,0.5199999809265137,0.5199999809265137,0.5199999809265137,140,0.0,0.0
2013-12-03 00:00:00-05:00,0.5199999809265137,0.6499999761581421,0.5199999809265137,0.6499999761581421,7175,0.0,0.0
2013-12-04 00:00:00-05:00,0.6499999761581421,0.75,0.6299999952316284,0.75,10300,0.0,0.0
2013-12-05 00:00:00-05:00,0.75,1.149999976158142,0.75,0.949999988079071,33470,0.0,0.0
2013-12-06 00:00:00-05:00,0.8999999761581421,1.149999976158142,0.8999999761581421,1.0499999523162842,30436,0.0,0.0
2013-12-09 00:00:00-05:00,1.1399999856948853,1.2000000476837158,1.0499999523162842,1.100000023841858,21759,0.0,0.0
2013-12-10 00:00:00-05:00,1.0499999523162842,1.149999976158142,1.0199999809265137,1.0199999809265137,11130,0.0,0.0
2013-12-11 00:00:00-05:00,1.0,1.100000023841858,1.0,1.0299999713897705,27284,0.0,0.0
2013-12-12 00:00:00-05:00,1.0,1.0499999523162842,0.8101000189781189,1.0099999904632568,4467,0.0,0.0
2013-12-13 00:00:00-05:00,1.0099999904632568,1.0099999904632568,1.0099999904632568,1.0099999904632568,0,0.0,0.0
2013-12-16 00:00:00-05:00,1.0,1.0499999523162842,1.0,1.0,14895,0.0,0.0
2013-12-17 00:00:00-05:00,0.8101000189781189,1.0,0.800000011920929,1.0,11825,0.0,0.0
2013-12-18 00:00:00-05:00,1.0,1.0,1.0,1.0,0,0.0,0.0
2013-12-19 00:00:00-05:00,1.0,1.0,0.9900000095367432,0.9900000095367432,10685,0.0,0.0
2013-12-20 00:00:00-05:00,0.9990000128746033,0.9990000128746033,0.8600000143051147,0.8600000143051147,1125,0.0,0.0
2013-12-23 00:00:00-05:00,0.8600000143051147,1.0,0.8600000143051147,0.9700000286102295,1640,0.0,0.0
2013-12-24 00:00:00-05:00,0.8600000143051147,0.8600000143051147,0.8600000143051147,0.8600000143051147,280,0.0,0.0
2013-12-26 00:00:00-05:00,0.8999999761581421,1.0,0.8999999761581421,1.0,3705,0.0,0.0
2013-12-27 00:00:00-05:00,0.8500999808311462,1.0,0.8500999808311462,1.0,15940,0.0,0.0
2013-12-30 00:00:00-05:00,0.8501999974250793,1.0,0.8500999808311462,0.949999988079071,21958,0.0,0.0
2013-12-31 00:00:00-05:00,0.8500000238418579,0.9498999714851379,0.8500000238418579,0.9399999976158142,2162,0.0,0.0
2014-01-02 00:00:00-05:00,0.949999988079071,1.0,0.8550000190734863,0.9700000286102295,14890,0.0,0.0
2014-01-03 00:00:00-05:00,0.9700000286102295,1.0,0.9700000286102295,0.9900000095367432,11626,0.0,0.0
2014-01-06 00:00:00-05:00,0.8999999761581421,0.8999999761581421,0.8999999761581421,0.8999999761581421,10170,0.0,0.0
2014-01-07 00:00:00-05:00,0.8500999808311462,0.949999988079071,0.8500999808311462,0.8500999808311462,745,0.0,0.0
2014-01-08 00:00:00-05:00,0.8500999808311462,0.8500999808311462,0.8500999808311462,0.8500999808311462,622,0.0,0.0
2014-01-09 00:00:00-05:00,0.8500999808311462,0.8500999808311462,0.8500999808311462,0.8500999808311462,400,0.0,0.0
2014-01-10 00:00:00-05:00,0.9200999736785889,0.9200999736785889,0.8500999808311462,0.8600000143051147,7460,0.0,0.0
2014-01-13 00:00:00-05:00,0.8600000143051147,0.8600000143051147,0.8600000143051147,0.8600000143051147,4790,0.0,0.0
2014-01-14 00:00:00-05:00,0.8202000260353088,0.8999999761581421,0.8202000260353088,0.8999999761581421,350,0.0,0.0
2014-01-15 00:00:00-05:00,0.8999999761581421,0.8999999761581421,0.8999999761581421,0.8999999761581421,0,0.0,0.0
2014-01-16 00:00:00-05:00,0.8299999833106995,0.8299999833106995,0.8299999833106995,0.8299999833106995,100,0.0,0.0
2014-01-17 00:00:00-05:00,0.8299999833106995,0.8299999833106995,0.8299999833106995,0.8299999833106995,1160,0.0,0.0
2014-01-21 00:00:00-05:00,0.8899999856948853,0.8899999856948853,0.8899999856948853,0.8899999856948853,600,0.0,0.0
2014-01-22 00:00:00-05:00,0.8399999737739563,0.8399999737739563,0.8399999737739563,0.8399999737739563,2475,0.0,0.0
2014-01-23 00:00:00-05:00,0.8500000238418579,0.8500000238418579,0.8500000238418579,0.8500000238418579,10029,0.0,0.0
2014-01-24 00:00:00-05:00,0.8500000238418579,0.8500000238418579,0.8500000238418579,0.8500000238418579,1138,0.0,0.0
2014-01-27 00:00:00-05:00,0.8399999737739563,0.8700000047683716,0.8399999737739563,0.8500000238418579,24086,0.0,0.0
2014-01-28 00:00:00-05:00,0.8500000238418579,0.8500000238418579,0.8500000238418579,0.8500000238418579,6458,0.0,0.0
2014-01-29 00:00:00-05:00,0.8500000238418579,0.8500000238418579,0.8500000238418579,0.8500000238418579,1006,0.0,0.0
2014-01-30 00:00:00-05:00,0.8500000238418579,0.8500000238418579,0.8500000238418579,0.8500000238418579,0,0.0,0.0
2014-01-31 00:00:00-05:00,0.8399999737739563,0.8399999737739563,0.8399999737739563,0.8399999737739563,2050,0.0,0.0
2014-02-03 00:00:00-05:00,0.8299999833106995,0.8500000238418579,0.8202000260353088,0.8500000238418579,12200,0.0,0.0
2014-02-04 00:00:00-05:00,0.8299999833106995,0.8500000238418579,0.6218000054359436,0.8500000238418579,13320,0.0,0.0
2014-02-05 00:00:00-05:00,0.8500000238418579,0.8500000238418579,0.8500000238418579,0.8500000238418579,0,0.0,0.0
2014-02-06 00:00:00-05:00,0.777999997138977,0.8500000238418579,0.777999997138977,0.8399999737739563,7730,0.0,0.0
2014-02-07 00:00:00-05:00,0.699999988079071,0.8399999737739563,0.699999988079071,0.8399999737739563,740,0.0,0.0
2014-02-10 00:00:00-05:00,0.800000011920929,0.800000011920929,0.7799999713897705,0.800000011920929,5005,0.0,0.0
2014-02-11 00:00:00-05:00,0.7799999713897705,0.8199999928474426,0.7799999713897705,0.8199999928474426,7400,0.0,0.0
2014-02-12 00:00:00-05:00,0.7699999809265137,0.8199999928474426,0.7699999809265137,0.8199999928474426,400,0.0,0.0
2014-02-13 00:00:00-05:00,0.7300000190734863,0.8199999928474426,0.7300000190734863,0.8199999928474426,2811,0.0,0.0
2014-02-14 00:00:00-05:00,0.7300999760627747,0.8199999928474426,0.7300999760627747,0.8199999928474426,1173,0.0,0.0
2014-02-18 00:00:00-05:00,0.800000011920929,0.800000011920929,0.7200999855995178,0.7200999855995178,12800,0.0,0.0
2014-02-19 00:00:00-05:00,0.7699999809265137,0.800000011920929,0.7699999809265137,0.800000011920929,2200,0.0,0.0
2014-02-20 00:00:00-05:00,0.7300000190734863,0.75,0.699999988079071,0.75,11281,0.0,0.0
2014-02-21 00:00:00-05:00,0.7001000046730042,0.7001000046730042,0.7001000046730042,0.7001000046730042,1100,0.0,0.0
2014-02-24 00:00:00-05:00,0.7001000046730042,0.7001000046730042,0.7001000046730042,0.7001000046730042,2028,0.0,0.0
2014-02-25 00:00:00-05:00,0.7001000046730042,0.7001000046730042,0.7001000046730042,0.7001000046730042,2000,0.0,0.0
2014-02-26 00:00:00-05:00,0.7001000046730042,0.7998999953269958,0.7001000046730042,0.7002000212669373,4170,0.0,0.0
2014-02-27 00:00:00-05:00,0.7001000046730042,0.7001000046730042,0.7001000046730042,0.7001000046730042,500,0.0,0.0
2014-02-28 00:00:00-05:00,0.7001000046730042,0.7001000046730042,0.7001000046730042,0.7001000046730042,0,0.0,0.0
2014-03-03 00:00:00-05:00,0.7799999713897705,0.7799999713897705,0.7001000046730042,0.7001000046730042,1140,0.0,0.0
2014-03-04 00:00:00-05:00,0.7001000046730042,0.7400000095367432,0.699999988079071,0.699999988079071,9083,0.0,0.0
2014-03-05 00:00:00-05:00,0.699999988079071,0.699999988079071,0.699999988079071,0.699999988079071,0,0.0,0.0
2014-03-06 00:00:00-05:00,0.699999988079071,0.699999988079071,0.699999988079071,0.699999988079071,1000,0.0,0.0
2014-03-07 00:00:00-05:00,0.699999988079071,0.699999988079071,0.699999988079071,0.699999988079071,525,0.0,0.0
2014-03-10 00:00:00-04:00,0.699999988079071,0.699999988079071,0.699999988079071,0.699999988079071,1097,0.0,0.0
2014-03-11 00:00:00-04:00,0.699999988079071,0.699999988079071,0.699999988079071,0.699999988079071,10835,0.0,0.0
2014-03-12 00:00:00-04:00,0.699999988079071,0.699999988079071,0.699999988079071,0.699999988079071,0,0.0,0.0
2014-03-13 00:00:00-04:00,0.699999988079071,0.699999988079071,0.6800000071525574,0.6899999976158142,4000,0.0,0.0
2014-03-14 00:00:00-04:00,0.699999988079071,0.699999988079071,0.699999988079071,0.699999988079071,10000,0.0,0.0
2014-03-17 00:00:00-04:00,0.6600000262260437,0.699999988079071,0.6600000262260437,0.699999988079071,752,0.0,0.0
2014-03-18 00:00:00-04:00,0.6700000166893005,0.6700000166893005,0.6499999761581421,0.6499999761581421,25500,0.0,0.0
2014-03-19 00:00:00-04:00,0.6899999976158142,0.6899999976158142,0.6200000047683716,0.6200000047683716,11535,0.0,0.0
2014-03-20 00:00:00-04:00,0.699999988079071,0.699999988079071,0.6399999856948853,0.6399999856948853,1300,0.0,0.0
2014-03-21 00:00:00-04:00,0.6499999761581421,0.6499999761581421,0.6499999761581421,0.6499999761581421,1200,0.0,0.0
2014-03-24 00:00:00-04:00,0.6499999761581421,0.6499999761581421,0.6200000047683716,0.6200000047683716,2000,0.0,0.0
2014-03-25 00:00:00-04:00,0.6200000047683716,0.6200000047683716,0.6200000047683716,0.6200000047683716,0,0.0,0.0
2014-03-26 00:00:00-04:00,0.6200000047683716,0.6499999761581421,0.6200000047683716,0.6499999761581421,4900,0.0,0.0
2014-03-27 00:00:00-04:00,0.6100000143051147,0.6499999761581421,0.6100000143051147,0.6499999761581421,5300,0.0,0.0
2014-03-28 00:00:00-04:00,0.6499999761581421,0.6499999761581421,0.6499999761581421,0.6499999761581421,0,0.0,0.0
2014-03-31 00:00:00-04:00,0.510200023651123,0.6499999761581421,0.510200023651123,0.6198999881744385,17850,0.0,0.0
2014-04-01 00:00:00-04:00,0.6098999977111816,0.6098999977111816,0.5799999833106995,0.5799999833106995,6650,0.0,0.0
2014-04-02 00:00:00-04:00,0.5799999833106995,0.5799999833106995,0.5799999833106995,0.5799999833106995,0,0.0,0.0
2014-04-03 00:00:00-04:00,0.5799999833106995,0.5799999833106995,0.5799999833106995,0.5799999833106995,0,0.0,0.0
2014-04-04 00:00:00-04:00,0.5999000072479248,0.5999000072479248,0.5999000072479248,0.5999000072479248,1300,0.0,0.0
2014-04-07 00:00:00-04:00,0.5999000072479248,0.5999000072479248,0.5999000072479248,0.5999000072479248,0,0.0,0.0
2014-04-08 00:00:00-04:00,0.5199999809265137,0.6000000238418579,0.5199999809265137,0.6000000238418579,1200,0.0,0.0
2014-04-09 00:00:00-04:00,0.5199999809265137,0.5999000072479248,0.5199999809265137,0.5999000072479248,200,0.0,0.0
2014-04-10 00:00:00-04:00,0.5199999809265137,0.6000000238418579,0.5199999809265137,0.6000000238418579,300,0.0,0.0
2014-04-11 00:00:00-04:00,0.5199999809265137,0.550000011920929,0.5199999809265137,0.550000011920929,6808,0.0,0.0
2014-04-14 00:00:00-04:00,0.550000011920929,0.550000011920929,0.550000011920929,0.550000011920929,0,0.0,0.0
2014-04-15 00:00:00-04:00,0.5,0.5299999713897705,0.5,0.5199999809265137,13300,0.0,0.0
2014-04-16 00:00:00-04:00,0.5,0.5,0.49000000953674316,0.49000000953674316,10500,0.0,0.0
2014-04-17 00:00:00-04:00,0.49000000953674316,0.49000000953674316,0.49000000953674316,0.49000000953674316,5000,0.0,0.0
2014-04-21 00:00:00-04:00,0.44999998807907104,0.5,0.44999998807907104,0.5,9890,0.0,0.0
2014-04-22 00:00:00-04:00,0.4000000059604645,0.5,0.4000000059604645,0.5,1546,0.0,0.0
2014-04-23 00:00:00-04:00,0.26030001044273376,0.5,0.26030001044273376,0.5,200,0.0,0.0
2014-04-24 00:00:00-04:00,0.5,0.5,0.5,0.5,0,0.0,0.0
2014-04-25 00:00:00-04:00,0.5,0.5,0.5,0.5,0,0.0,0.0
2014-04-28 00:00:00-04:00,0.5,0.5,0.5,0.5,0,0.0,0.0
2014-04-29 00:00:00-04:00,0.5,0.5,0.5,0.5,0,0.0,0.0
2014-04-30 00:00:00-04:00,0.5,0.5,0.5,0.5,0,0.0,0.0
2014-05-01 00:00:00-04:00,0.25999999046325684,0.5,0.25999999046325684,0.5,300,0.0,0.0
2014-05-02 00:00:00-04:00,0.5,0.5,0.5,0.5,225,0.0,0.0
2014-05-05 00:00:00-04:00,0.5,0.5,0.5,0.5,0,0.0,0.0
2014-05-06 00:00:00-04:00,0.5,0.5,0.5,0.5,0,0.0,0.0
2014-05-07 00:00:00-04:00,0.5,0.5,0.5,0.5,0,0.0,0.0
2014-05-08 00:00:00-04:00,0.5,0.5,0.5,0.5,0,0.0,0.0
2014-05-09 00:00:00-04:00,0.5,0.5,0.5,0.5,0,0.0,0.0
2014-05-12 00:00:00-04:00,0.5,0.5,0.5,0.5,0,0.0,0.0
2014-05-13 00:00:00-04:00,0.2800999879837036,0.5099999904632568,0.2800999879837036,0.5099999904632568,1260,0.0,0.0
2014-05-14 00:00:00-04:00,0.25999999046325684,0.5099999904632568,0.25999999046325684,0.5099999904632568,1300,0.0,0.0
2014-05-15 00:00:00-04:00,0.5099999904632568,0.5099999904632568,0.5099999904632568,0.5099999904632568,0,0.0,0.0
2014-05-16 00:00:00-04:00,0.4300000071525574,0.5099999904632568,0.4300000071525574,0.5099999904632568,300,0.0,0.0
2014-05-19 00:00:00-04:00,0.25999999046325684,0.5099999904632568,0.25999999046325684,0.5099999904632568,1900,0.0,0.0
2014-05-20 00:00:00-04:00,0.2800000011920929,0.44999998807907104,0.27000001072883606,0.44999998807907104,25612,0.0,0.0
2014-05-21 00:00:00-04:00,0.44999998807907104,0.44999998807907104,0.44999998807907104,0.44999998807907104,0,0.0,0.0
2014-05-22 00:00:00-04:00,0.30000001192092896,0.44999998807907104,0.30000001192092896,0.3400000035762787,66121,0.0,0.0
2014-05-23 00:00:00-04:00,0.3400000035762787,0.3400000035762787,0.30000001192092896,0.30000001192092896,27600,0.0,0.0
2014-05-27 00:00:00-04:00,0.30000001192092896,0.30000001192092896,0.30000001192092896,0.30000001192092896,0,0.0,0.0
2014-05-28 00:00:00-04:00,0.30000001192092896,0.30000001192092896,0.30000001192092896,0.30000001192092896,0,0.0,0.0
2014-05-29 00:00:00-04:00,0.27000001072883606,0.30000001192092896,0.27000001072883606,0.30000001192092896,800,0.0,0.0
2014-05-30 00:00:00-04:00,0.30000001192092896,0.3499999940395355,0.27000001072883606,0.3499999940395355,5708,0.0,0.0
2014-06-02 00:00:00-04:00,0.27000001072883606,0.27000001072883606,0.25,0.25,49500,0.0,0.0
2014-06-03 00:00:00-04:00,0.25,0.25,0.25,0.25,0,0.0,0.0
2014-06-04 00:00:00-04:00,0.25,0.25,0.25,0.25,0,0.0,0.0
2014-06-05 00:00:00-04:00,0.25,0.25,0.25,0.25,0,0.0,0.0
2014-06-06 00:00:00-04:00,0.25,0.25,0.25,0.25,0,0.0,0.0
2014-06-09 00:00:00-04:00,0.20000000298023224,0.25,0.20000000298023224,0.25,7180,0.0,0.0
2014-06-10 00:00:00-04:00,0.25,0.25,0.25,0.25,200,0.0,0.0
2014-06-11 00:00:00-04:00,0.18000000715255737,0.25,0.18000000715255737,0.25,5100,0.0,0.0
2014-06-12 00:00:00-04:00,0.25,0.25,0.25,0.25,0,0.0,0.0
2014-06-13 00:00:00-04:00,0.25,0.25,0.25,0.25,0,0.0,0.0
2014-06-16 00:00:00-04:00,0.25,0.25,0.25,0.25,0,0.0,0.0
2014-06-17 00:00:00-04:00,0.1599999964237213,0.25,0.1599999964237213,0.25,6055,0.0,0.0
2014-06-18 00:00:00-04:00,0.25,0.25,0.25,0.25,0,0.0,0.0
2014-06-19 00:00:00-04:00,0.25,0.25,0.25,0.25,0,0.0,0.0
2014-06-20 00:00:00-04:00,0.25,0.25,0.25,0.25,0,0.0,0.0
2014-06-23 00:00:00-04:00,0.25,0.25,0.25,0.25,0,0.0,0.0
2014-06-24 00:00:00-04:00,0.25,0.25,0.25,0.25,0,0.0,0.0
2014-06-25 00:00:00-04:00,0.25,0.25,0.25,0.25,0,0.0,0.0
2014-06-26 00:00:00-04:00,0.25,0.25,0.25,0.25,0,0.0,0.0
2014-06-27 00:00:00-04:00,0.25,0.25,0.25,0.25,0,0.0,0.0
2014-06-30 00:00:00-04:00,0.25,0.25,0.25,0.25,0,0.0,0.0
2014-07-01 00:00:00-04:00,0.25,0.25,0.25,0.25,0,0.0,0.0
2014-07-02 00:00:00-04:00,0.25,0.25,0.25,0.25,12000,0.0,0.0
2014-07-03 00:00:00-04:00,0.25,0.25,0.25,0.25,0,0.0,0.0
2014-07-07 00:00:00-04:00,0.25,0.25,0.25,0.25,0,0.0,0.0
2014-07-08 00:00:00-04:00,0.25,0.25,0.25,0.25,0,0.0,0.0
2014-07-09 00:00:00-04:00,0.25,0.25,0.25,0.25,0,0.0,0.0
2014-07-10 00:00:00-04:00,0.25,0.25,0.25,0.25,0,0.0,0.0
2014-07-11 00:00:00-04:00,0.1599999964237213,0.1599999964237213,0.1599999964237213,0.1599999964237213,100,0.0,0.0
2014-07-14 00:00:00-04:00,0.25,0.25,0.25,0.25,500,0.0,0.0
2014-07-15 00:00:00-04:00,0.25,0.25,0.25,0.25,0,0.0,0.0
2014-07-16 00:00:00-04:00,0.1599999964237213,0.25,0.1599999964237213,0.25,500,0.0,0.0
2014-07-17 00:00:00-04:00,0.25,0.25,0.25,0.25,2500,0.0,0.0
2014-07-18 00:00:00-04:00,0.1599999964237213,0.20000000298023224,0.1599999964237213,0.20000000298023224,16819,0.0,0.0
2014-07-21 00:00:00-04:00,0.1599999964237213,0.20000000298023224,0.1599999964237213,0.20000000298023224,3100,0.0,0.0
2014-07-22 00:00:00-04:00,0.1599999964237213,0.1899999976158142,0.1599999964237213,0.1899999976158142,11400,0.0,0.0
2014-07-23 00:00:00-04:00,0.1899999976158142,0.1899999976158142,0.1599999964237213,0.1899999976158142,3553,0.0,0.0
2014-07-24 00:00:00-04:00,0.1599999964237213,0.20000000298023224,0.1599999964237213,0.20000000298023224,1300,0.0,0.0
2014-07-25 00:00:00-04:00,0.20000000298023224,0.20000000298023224,0.20000000298023224,0.20000000298023224,0,0.0,0.0
2014-07-28 00:00:00-04:00,0.20000000298023224,0.20000000298023224,0.20000000298023224,0.20000000298023224,0,0.0,0.0
2014-07-29 00:00:00-04:00,0.1599999964237213,0.17800000309944153,0.1599999964237213,0.17800000309944153,16197,0.0,0.0
2014-07-30 00:00:00-04:00,0.10999999940395355,0.1899999976158142,0.10999999940395355,0.18000000715255737,16200,0.0,0.0
2014-07-31 00:00:00-04:00,0.18000000715255737,0.18000000715255737,0.18000000715255737,0.18000000715255737,0,0.0,0.0
2014-08-01 00:00:00-04:00,0.18000000715255737,0.18000000715255737,0.18000000715255737,0.18000000715255737,0,0.0,0.0
2014-08-04 00:00:00-04:00,0.11999999731779099,0.18000000715255737,0.11999999731779099,0.18000000715255737,750,0.0,0.0
2014-08-05 00:00:00-04:00,0.11999999731779099,0.1599999964237213,0.11999999731779099,0.1599999964237213,2100,0.0,0.0
2014-08-06 00:00:00-04:00,0.1599999964237213,0.1599999964237213,0.1599999964237213,0.1599999964237213,0,0.0,0.0
2014-08-07 00:00:00-04:00,0.1599999964237213,0.1599999964237213,0.1599999964237213,0.1599999964237213,0,0.0,0.0
2014-08-08 00:00:00-04:00,0.1599999964237213,0.1599999964237213,0.1599999964237213,0.1599999964237213,0,0.0,0.0
2014-08-11 00:00:00-04:00,0.1599999964237213,0.1599999964237213,0.1599999964237213,0.1599999964237213,0,0.0,0.0
2014-08-12 00:00:00-04:00,0.1599999964237213,0.1599999964237213,0.1599999964237213,0.1599999964237213,0,0.0,0.0
2014-08-13 00:00:00-04:00,0.11999999731779099,0.15000000596046448,0.11999999731779099,0.15000000596046448,11200,0.0,0.0
2014-08-14 00:00:00-04:00,0.11999999731779099,0.11999999731779099,0.11999999731779099,0.11999999731779099,10000,0.0,0.0
2014-08-15 00:00:00-04:00,0.11999999731779099,0.11999999731779099,0.11999999731779099,0.11999999731779099,500,0.0,0.0
2014-08-18 00:00:00-04:00,0.12999999523162842,0.12999999523162842,0.12999999523162842,0.12999999523162842,2575,0.0,0.0
2014-08-19 00:00:00-04:00,0.12999999523162842,0.12999999523162842,0.12999999523162842,0.12999999523162842,0,0.0,0.0
2014-08-20 00:00:00-04:00,0.12999999523162842,0.12999999523162842,0.12999999523162842,0.12999999523162842,5200,0.0,0.0
2014-08-21 00:00:00-04:00,0.12999999523162842,0.12999999523162842,0.12999999523162842,0.12999999523162842,0,0.0,0.0
2014-08-22 00:00:00-04:00,0.12999999523162842,0.12999999523162842,0.12999999523162842,0.12999999523162842,0,0.0,0.0
2014-08-25 00:00:00-04:00,0.11999999731779099,0.12999999523162842,0.11999999731779099,0.12999999523162842,790,0.0,0.0
2014-08-26 00:00:00-04:00,0.12999999523162842,0.12999999523162842,0.12999999523162842,0.12999999523162842,0,0.0,0.0
2014-08-27 00:00:00-04:00,0.12999999523162842,0.12999999523162842,0.12999999523162842,0.12999999523162842,270,0.0,0.0
2014-08-28 00:00:00-04:00,0.12999999523162842,0.12999999523162842,0.12999999523162842,0.12999999523162842,0,0.0,0.0
2014-08-29 00:00:00-04:00,0.12999999523162842,0.12999999523162842,0.12999999523162842,0.12999999523162842,0,0.0,0.0
2014-09-02 00:00:00-04:00,0.12999999523162842,0.12999999523162842,0.12999999523162842,0.12999999523162842,0,0.0,0.0
2014-09-03 00:00:00-04:00,0.12999999523162842,0.12999999523162842,0.12999999523162842,0.12999999523162842,0,0.0,0.0
2014-09-04 00:00:00-04:00,0.12999999523162842,0.12999999523162842,0.12999999523162842,0.12999999523162842,0,0.0,0.0
2014-09-05 00:00:00-04:00,0.12999999523162842,0.12999999523162842,0.12999999523162842,0.12999999523162842,0,0.0,0.0
2014-09-08 00:00:00-04:00,0.12999999523162842,0.12999999523162842,0.12999999523162842,0.12999999523162842,0,0.0,0.0
2014-09-09 00:00:00-04:00,0.11999999731779099,0.12999999523162842,0.11999999731779099,0.12999999523162842,5800,0.0,0.0
2014-09-10 00:00:00-04:00,0.12999999523162842,0.12999999523162842,0.12999999523162842,0.12999999523162842,0,0.0,0.0
2014-09-11 00:00:00-04:00,0.12999999523162842,0.12999999523162842,0.12999999523162842,0.12999999523162842,0,0.0,0.0
2014-09-12 00:00:00-04:00,0.12999999523162842,0.12999999523162842,0.12999999523162842,0.12999999523162842,0,0.0,0.0
2014-09-15 00:00:00-04:00,0.12999999523162842,0.12999999523162842,0.12999999523162842,0.12999999523162842,0,0.0,0.0
2014-09-16 00:00:00-04:00,0.12999999523162842,0.12999999523162842,0.12999999523162842,0.12999999523162842,0,0.0,0.0
2014-09-17 00:00:00-04:00,0.12999999523162842,0.12999999523162842,0.12999999523162842,0.12999999523162842,0,0.0,0.0
2014-09-18 00:00:00-04:00,0.12999999523162842,0.1899999976158142,0.10000000149011612,0.1899999976158142,27723,0.0,0.0
2014-09-19 00:00:00-04:00,0.1899999976158142,0.1899999976158142,0.1899999976158142,0.1899999976158142,100,0.0,0.0
2014-09-22 00:00:00-04:00,0.1899999976158142,0.1899999976158142,0.1899999976158142,0.1899999976158142,600,0.0,0.0
2014-09-23 00:00:00-04:00,0.1899999976158142,0.1899999976158142,0.1899999976158142,0.1899999976158142,0,0.0,0.0
2014-09-24 00:00:00-04:00,0.15000000596046448,0.15000000596046448,0.15000000596046448,0.15000000596046448,10000,0.0,0.0
2014-09-25 00:00:00-04:00,0.15000000596046448,0.15000000596046448,0.15000000596046448,0.15000000596046448,5000,0.0,0.0
2014-09-26 00:00:00-04:00,0.15000000596046448,0.15000000596046448,0.15000000596046448,0.15000000596046448,0,0.0,0.0
2014-09-29 00:00:00-04:00,0.15000000596046448,0.15000000596046448,0.15000000596046448,0.15000000596046448,0,0.0,0.0
2014-09-30 00:00:00-04:00,0.15000000596046448,0.15000000596046448,0.15000000596046448,0.15000000596046448,0,0.0,0.0
2014-10-01 00:00:00-04:00,0.12999999523162842,0.15000000596046448,0.12999999523162842,0.15000000596046448,3200,0.0,0.0
2014-10-02 00:00:00-04:00,0.15000000596046448,0.15000000596046448,0.15000000596046448,0.15000000596046448,0,0.0,0.0
2014-10-03 00:00:00-04:00,0.15000000596046448,0.15000000596046448,0.15000000596046448,0.15000000596046448,0,0.0,0.0
2014-10-06 00:00:00-04:00,0.15000000596046448,0.15000000596046448,0.15000000596046448,0.15000000596046448,0,0.0,0.0
2014-10-07 00:00:00-04:00,0.15000000596046448,0.15000000596046448,0.15000000596046448,0.15000000596046448,0,0.0,0.0
2014-10-08 00:00:00-04:00,0.12999999523162842,0.12999999523162842,0.12999999523162842,0.12999999523162842,7412,0.0,0.0
2014-10-09 00:00:00-04:00,0.12999999523162842,0.12999999523162842,0.12999999523162842,0.12999999523162842,0,0.0,0.0
2014-10-10 00:00:00-04:00,0.12999999523162842,0.12999999523162842,0.12999999523162842,0.12999999523162842,2570,0.0,0.0
2014-10-13 00:00:00-04:00,0.12999999523162842,0.12999999523162842,0.12999999523162842,0.12999999523162842,0,0.0,0.0
2014-10-14 00:00:00-04:00,0.12999999523162842,0.12999999523162842,0.12999999523162842,0.12999999523162842,0,0.0,0.0
2014-10-15 00:00:00-04:00,0.12999999523162842,0.12999999523162842,0.12999999523162842,0.12999999523162842,0,0.0,0.0
2014-10-16 00:00:00-04:00,0.12999999523162842,0.12999999523162842,0.12999999523162842,0.12999999523162842,0,0.0,0.0
2014-10-17 00:00:00-04:00,0.12999999523162842,0.12999999523162842,0.12999999523162842,0.12999999523162842,1000,0.0,0.0
2014-10-20 00:00:00-04:00,0.12999999523162842,0.12999999523162842,0.12999999523162842,0.12999999523162842,0,0.0,0.0
2014-10-21 00:00:00-04:00,0.12999999523162842,0.15000000596046448,0.12999999523162842,0.15000000596046448,18330,0.0,0.0
2014-10-22 00:00:00-04:00,0.15000000596046448,0.15000000596046448,0.15000000596046448,0.15000000596046448,0,0.0,0.0
2014-10-23 00:00:00-04:00,0.15000000596046448,0.15000000596046448,0.15000000596046448,0.15000000596046448,0,0.0,0.0
2014-10-24 00:00:00-04:00,0.15000000596046448,0.15000000596046448,0.15000000596046448,0.15000000596046448,0,0.0,0.0
2014-10-27 00:00:00-04:00,0.15000000596046448,0.15000000596046448,0.15000000596046448,0.15000000596046448,0,0.0,0.0
2014-10-28 00:00:00-04:00,0.15000000596046448,0.15000000596046448,0.15000000596046448,0.15000000596046448,0,0.0,0.0
2014-10-29 00:00:00-04:00,0.12999999523162842,0.14000000059604645,0.05999999865889549,0.05999999865889549,37520,0.0,0.0
2014-10-30 00:00:00-04:00,0.10000000149011612,0.10000000149011612,0.10000000149011612,0.10000000149011612,2000,0.0,0.0
2014-10-31 00:00:00-04:00,0.10000000149011612,0.10000000149011612,0.10000000149011612,0.10000000149011612,51000,0.0,0.0
2014-11-03 00:00:00-05:00,0.09000000357627869,0.09000000357627869,0.09000000357627869,0.09000000357627869,2000,0.0,0.0
2014-11-04 00:00:00-05:00,0.05009999871253967,0.09000000357627869,0.05009999871253967,0.07999999821186066,1300,0.0,0.0
2014-11-05 00:00:00-05:00,0.0820000022649765,0.0820000022649765,0.07999999821186066,0.07999999821186066,200,0.0,0.0
2014-11-06 00:00:00-05:00,0.07999999821186066,0.07999999821186066,0.07999999821186066,0.07999999821186066,0,0.0,0.0
2014-11-07 00:00:00-05:00,0.10000000149011612,0.10000000149011612,0.10000000149011612,0.10000000149011612,14000,0.0,0.0
2014-11-10 00:00:00-05:00,0.10000000149011612,0.10000000149011612,0.10000000149011612,0.10000000149011612,9500,0.0,0.0
2014-11-11 00:00:00-05:00,0.10000000149011612,0.10000000149011612,0.10000000149011612,0.10000000149011612,0,0.0,0.0
2014-11-12 00:00:00-05:00,0.10000000149011612,0.10000000149011612,0.10000000149011612,0.10000000149011612,0,0.0,0.0
2014-11-13 00:00:00-05:00,0.10000000149011612,0.10000000149011612,0.10000000149011612,0.10000000149011612,0,0.0,0.0
2014-11-14 00:00:00-05:00,0.10000000149011612,0.10000000149011612,0.10000000149011612,0.10000000149011612,1500,0.0,0.0
2014-11-17 00:00:00-05:00,0.10000000149011612,0.10000000149011612,0.10000000149011612,0.10000000149011612,7000,0.0,0.0
2014-11-18 00:00:00-05:00,0.10000000149011612,0.10000000149011612,0.10000000149011612,0.10000000149011612,0,0.0,0.0
2014-11-19 00:00:00-05:00,0.07999999821186066,0.10000000149011612,0.07999999821186066,0.10000000149011612,1100,0.0,0.0
2014-11-20 00:00:00-05:00,0.07999999821186066,0.10000000149011612,0.07999999821186066,0.10000000149011612,1700,0.0,0.0
2014-11-21 00:00:00-05:00,0.10000000149011612,0.10000000149011612,0.10000000149011612,0.10000000149011612,0,0.0,0.0
2014-11-24 00:00:00-05:00,0.07999999821186066,0.09000000357627869,0.07999999821186066,0.09000000357627869,11200,0.0,0.0
2014-11-25 00:00:00-05:00,0.10000000149011612,0.10000000149011612,0.10000000149011612,0.10000000149011612,1000,0.0,0.0
2014-11-26 00:00:00-05:00,0.10000000149011612,0.10000000149011612,0.10000000149011612,0.10000000149011612,0,0.0,0.0
2014-11-28 00:00:00-05:00,0.10000000149011612,0.10000000149011612,0.10000000149011612,0.10000000149011612,0,0.0,0.0
2014-12-01 00:00:00-05:00,0.10000000149011612,0.10000000149011612,0.10000000149011612,0.10000000149011612,0,0.0,0.0
2014-12-02 00:00:00-05:00,0.07999999821186066,0.10000000149011612,0.07999999821186066,0.10000000149011612,1470,0.0,0.0
2014-12-03 00:00:00-05:00,0.10000000149011612,0.10000000149011612,0.10000000149011612,0.10000000149011612,0,0.0,0.0
2014-12-04 00:00:00-05:00,0.10000000149011612,0.10000000149011612,0.10000000149011612,0.10000000149011612,0,0.0,0.0
2014-12-05 00:00:00-05:00,0.0820000022649765,0.10000000149011612,0.07999999821186066,0.10000000149011612,32100,0.0,0.0
2014-12-08 00:00:00-05:00,0.10000000149011612,0.10000000149011612,0.05999999865889549,0.07500000298023224,356752,0.0,0.0
2014-12-09 00:00:00-05:00,0.05999999865889549,0.07500000298023224,0.05999999865889549,0.07500000298023224,34368,0.0,0.0
2014-12-10 00:00:00-05:00,0.10000000149011612,0.10000000149011612,0.10000000149011612,0.10000000149011612,1000,0.0,0.0
2014-12-11 00:00:00-05:00,0.05999999865889549,0.10000000149011612,0.05999999865889549,0.10000000149011612,6050,0.0,0.0
2014-12-12 00:00:00-05:00,0.05999999865889549,0.10000000149011612,0.05999999865889549,0.10000000149011612,1800,0.0,0.0
2014-12-15 00:00:00-05:00,0.05999999865889549,0.10000000149011612,0.05999999865889549,0.10000000149011612,255,0.0,0.0
2014-12-16 00:00:00-05:00,0.05999999865889549,0.10000000149011612,0.05999999865889549,0.10000000149011612,1200,0.0,0.0
2014-12-17 00:00:00-05:00,0.05999999865889549,0.10000000149011612,0.05999999865889549,0.10000000149011612,1000,0.0,0.0
2014-12-18 00:00:00-05:00,0.10000000149011612,0.10000000149011612,0.10000000149011612,0.10000000149011612,0,0.0,0.0
2014-12-19 00:00:00-05:00,0.10000000149011612,0.10000000149011612,0.10000000149011612,0.10000000149011612,8920,0.0,0.0
2014-12-22 00:00:00-05:00,0.05999999865889549,0.10000000149011612,0.05999999865889549,0.10000000149011612,3020,0.0,0.0
2014-12-23 00:00:00-05:00,0.10000000149011612,0.10000000149011612,0.10000000149011612,0.10000000149011612,0,0.0,0.0
2014-12-24 00:00:00-05:00,0.10000000149011612,0.10000000149011612,0.10000000149011612,0.10000000149011612,0,0.0,0.0
2014-12-26 00:00:00-05:00,0.10000000149011612,0.10000000149011612,0.10000000149011612,0.10000000149011612,0,0.0,0.0
2014-12-29 00:00:00-05:00,0.10000000149011612,0.10000000149011612,0.10000000149011612,0.10000000149011612,0,0.0,0.0
2014-12-30 00:00:00-05:00,0.07000000029802322,0.10000000149011612,0.07000000029802322,0.10000000149011612,2010,0.0,0.0
2014-12-31 00:00:00-05:00,0.07000000029802322,0.10000000149011612,0.07000000029802322,0.10000000149011612,820,0.0,0.0
2015-01-02 00:00:00-05:00,0.10000000149011612,0.10000000149011612,0.10000000149011612,0.10000000149011612,0,0.0,0.0
2015-01-05 00:00:00-05:00,0.07000000029802322,0.10000000149011612,0.07000000029802322,0.10000000149011612,1300,0.0,0.0
2015-01-06 00:00:00-05:00,0.10000000149011612,0.10000000149011612,0.10000000149011612,0.10000000149011612,0,0.0,0.0
2015-01-07 00:00:00-05:00,0.10000000149011612,0.10000000149011612,0.10000000149011612,0.10000000149011612,0,0.0,0.0
2015-01-08 00:00:00-05:00,0.10000000149011612,0.10000000149011612,0.10000000149011612,0.10000000149011612,0,0.0,0.0
2015-01-09 00:00:00-05:00,0.10000000149011612,0.10000000149011612,0.10000000149011612,0.10000000149011612,0,0.0,0.0
2015-01-12 00:00:00-05:00,0.10000000149011612,0.10000000149011612,0.10000000149011612,0.10000000149011612,0,0.0,0.0
2015-01-13 00:00:00-05:00,0.10000000149011612,0.10000000149011612,0.10000000149011612,0.10000000149011612,0,0.0,0.0
2015-01-14 00:00:00-05:00,0.10000000149011612,0.10000000149011612,0.10000000149011612,0.10000000149011612,0,0.0,0.0
2015-01-15 00:00:00-05:00,0.10000000149011612,0.10000000149011612,0.10000000149011612,0.10000000149011612,0,0.0,0.0
2015-01-16 00:00:00-05:00,0.10000000149011612,0.10000000149011612,0.10000000149011612,0.10000000149011612,0,0.0,0.0
2015-01-20 00:00:00-05:00,0.10000000149011612,0.10000000149011612,0.10000000149011612,0.10000000149011612,0,0.0,0.0
2015-01-21 00:00:00-05:00,0.10000000149011612,0.10000000149011612,0.10000000149011612,0.10000000149011612,0,0.0,0.0
2015-01-22 00:00:00-05:00,0.10000000149011612,0.10000000149011612,0.10000000149011612,0.10000000149011612,0,0.0,0.0
2015-01-23 00:00:00-05:00,0.10000000149011612,0.10000000149011612,0.10000000149011612,0.10000000149011612,0,0.0,0.0
2015-01-26 00:00:00-05:00,0.10000000149011612,0.10000000149011612,0.10000000149011612,0.10000000149011612,0,0.0,0.0
2015-01-27 00:00:00-05:00,0.10000000149011612,0.10000000149011612,0.10000000149011612,0.10000000149011612,0,0.0,0.0
2015-01-28 00:00:00-05:00,0.10000000149011612,0.10000000149011612,0.10000000149011612,0.10000000149011612,0,0.0,0.0
2015-01-29 00:00:00-05:00,0.10000000149011612,0.10000000149011612,0.10000000149011612,0.10000000149011612,0,0.0,0.0
2015-01-30 00:00:00-05:00,0.10000000149011612,0.10000000149011612,0.10000000149011612,0.10000000149011612,0,0.0,0.0
2015-02-02 00:00:00-05:00,0.07999999821186066,0.10000000149011612,0.07999999821186066,0.10000000149011612,1328,0.0,0.0
2015-02-03 00:00:00-05:00,0.10000000149011612,0.10000000149011612,0.10000000149011612,0.10000000149011612,0,0.0,0.0
2015-02-04 00:00:00-05:00,0.09000000357627869,0.10000000149011612,0.09000000357627869,0.10000000149011612,1810,0.0,0.0
2015-02-05 00:00:00-05:00,0.10000000149011612,0.10000000149011612,0.10000000149011612,0.10000000149011612,0,0.0,0.0
2015-02-06 00:00:00-05:00,0.10000000149011612,0.10000000149011612,0.10000000149011612,0.10000000149011612,0,0.0,0.0
2015-02-09 00:00:00-05:00,0.10000000149011612,0.10000000149011612,0.10000000149011612,0.10000000149011612,0,0.0,0.0
2015-02-10 00:00:00-05:00,0.10000000149011612,0.10000000149011612,0.10000000149011612,0.10000000149011612,0,0.0,0.0
2015-02-11 00:00:00-05:00,0.10000000149011612,0.10000000149011612,0.10000000149011612,0.10000000149011612,0,0.0,0.0
2015-02-12 00:00:00-05:00,0.07999999821186066,0.10000000149011612,0.07999999821186066,0.10000000149011612,1100,0.0,0.0
2015-02-13 00:00:00-05:00,0.10000000149011612,0.10000000149011612,0.10000000149011612,0.10000000149011612,0,0.0,0.0
2015-02-17 00:00:00-05:00,0.10000000149011612,0.10000000149011612,0.10000000149011612,0.10000000149011612,0,0.0,0.0
2015-02-18 00:00:00-05:00,0.10000000149011612,0.10000000149011612,0.10000000149011612,0.10000000149011612,0,0.0,0.0
2015-02-19 00:00:00-05:00,0.10000000149011612,0.10000000149011612,0.10000000149011612,0.10000000149011612,0,0.0,0.0
2015-02-20 00:00:00-05:00,0.07999999821186066,0.10000000149011612,0.07999999821186066,0.10000000149011612,1657,0.0,0.0
2015-02-23 00:00:00-05:00,0.10000000149011612,0.10000000149011612,0.10000000149011612,0.10000000149011612,0,0.0,0.0
2015-02-24 00:00:00-05:00,0.10000000149011612,0.10000000149011612,0.10000000149011612,0.10000000149011612,0,0.0,0.0
2015-02-25 00:00:00-05:00,0.10000000149011612,0.10000000149011612,0.10000000149011612,0.10000000149011612,0,0.0,0.0
2015-02-26 00:00:00-05:00,0.07999999821186066,0.10000000149011612,0.07999999821186066,0.10000000149011612,10515,0.0,0.0
2015-02-27 00:00:00-05:00,0.09000000357627869,0.10000000149011612,0.09000000357627869,0.10000000149011612,2000,0.0,0.0
2015-03-02 00:00:00-05:00,0.10000000149011612,0.10000000149011612,0.10000000149011612,0.10000000149011612,0,0.0,0.0
2015-03-03 00:00:00-05:00,0.10000000149011612,0.10000000149011612,0.10000000149011612,0.10000000149011612,0,0.0,0.0
2015-03-04 00:00:00-05:00,0.10000000149011612,0.10000000149011612,0.10000000149011612,0.10000000149011612,25000,0.0,0.0
2015-03-05 00:00:00-05:00,0.05999999865889549,0.10000000149011612,0.05999999865889549,0.10000000149011612,700,0.0,0.0
2015-03-06 00:00:00-05:00,0.07999999821186066,0.10000000149011612,0.07999999821186066,0.10000000149011612,398,0.0,0.0
2015-03-09 00:00:00-04:00,0.10000000149011612,0.10000000149011612,0.10000000149011612,0.10000000149011612,0,0.0,0.0
2015-03-10 00:00:00-04:00,0.10000000149011612,0.10000000149011612,0.10000000149011612,0.10000000149011612,0,0.0,0.0
2015-03-11 00:00:00-04:00,0.10000000149011612,0.10000000149011612,0.10000000149011612,0.10000000149011612,0,0.0,0.0
2015-03-12 00:00:00-04:00,0.10000000149011612,0.10000000149011612,0.10000000149011612,0.10000000149011612,0,0.0,0.0
2015-03-13 00:00:00-04:00,0.10000000149011612,0.10000000149011612,0.10000000149011612,0.10000000149011612,0,0.0,0.0
2015-03-16 00:00:00-04:00,0.10000000149011612,0.10000000149011612,0.10000000149011612,0.10000000149011612,0,0.0,0.0
2015-03-17 00:00:00-04:00,0.10000000149011612,0.10000000149011612,0.10000000149011612,0.10000000149011612,0,0.0,0.0
2015-03-18 00:00:00-04:00,0.10000000149011612,0.10000000149011612,0.10000000149011612,0.10000000149011612,0,0.0,0.0
2015-03-19 00:00:00-04:00,0.10000000149011612,0.10000000149011612,0.10000000149011612,0.10000000149011612,10347,0.0,0.0
2015-03-20 00:00:00-04:00,0.14910000562667847,0.14910000562667847,0.14910000562667847,0.14910000562667847,800,0.0,0.0
2015-03-23 00:00:00-04:00,0.14910000562667847,0.14910000562667847,0.14910000562667847,0.14910000562667847,0,0.0,0.0
2015-03-24 00:00:00-04:00,0.14910000562667847,0.14910000562667847,0.14910000562667847,0.14910000562667847,0,0.0,0.0
2015-03-25 00:00:00-04:00,0.09000000357627869,0.19499999284744263,0.09000000357627869,0.1899999976158142,800,0.0,0.0
2015-03-26 00:00:00-04:00,0.1899999976158142,0.1899999976158142,0.1899999976158142,0.1899999976158142,0,0.0,0.0
2015-03-27 00:00:00-04:00,0.13699999451637268,0.1898999959230423,0.09000000357627869,0.1898999959230423,3500,0.0,0.0
2015-03-30 00:00:00-04:00,0.1898999959230423,0.1898999959230423,0.1898999959230423,0.1898999959230423,0,0.0,0.0
2015-03-31 00:00:00-04:00,0.09000000357627869,0.1898999959230423,0.09000000357627869,0.1898999959230423,700,0.0,0.0
2015-04-01 00:00:00-04:00,0.1898999959230423,0.1898999959230423,0.1898999959230423,0.1898999959230423,0,0.0,0.0
2015-04-02 00:00:00-04:00,0.1898999959230423,0.1898999959230423,0.1898999959230423,0.1898999959230423,0,0.0,0.0
2015-04-06 00:00:00-04:00,0.09000000357627869,0.1898999959230423,0.09000000357627869,0.16899999976158142,8200,0.0,0.0
2015-04-07 00:00:00-04:00,0.16899999976158142,0.16899999976158142,0.16899999976158142,0.16899999976158142,0,0.0,0.0
2015-04-08 00:00:00-04:00,0.16899999976158142,0.16899999976158142,0.16899999976158142,0.16899999976158142,0,0.0,0.0
2015-04-09 00:00:00-04:00,0.16899999976158142,0.16899999976158142,0.16899999976158142,0.16899999976158142,0,0.0,0.0
2015-04-10 00:00:00-04:00,0.1898999959230423,0.1898999959230423,0.1898999959230423,0.1898999959230423,200,0.0,0.0
2015-04-13 00:00:00-04:00,0.09059999883174896,0.1898999959230423,0.09059999883174896,0.1898999959230423,1700,0.0,0.0
2015-04-14 00:00:00-04:00,0.1898999959230423,0.1898999959230423,0.1898999959230423,0.1898999959230423,0,0.0,0.0
2015-04-15 00:00:00-04:00,0.1898999959230423,0.1898999959230423,0.1898999959230423,0.1898999959230423,0,0.0,0.0
2015-04-16 00:00:00-04:00,0.09000000357627869,0.18000000715255737,0.09000000357627869,0.18000000715255737,1675,0.0,0.0
2015-04-17 00:00:00-04:00,0.09000000357627869,0.1599999964237213,0.09000000357627869,0.1599999964237213,720,0.0,0.0
2015-04-20 00:00:00-04:00,0.14000000059604645,0.14000000059604645,0.14000000059604645,0.14000000059604645,550,0.0,0.0
2015-04-21 00:00:00-04:00,0.1599999964237213,0.1599999964237213,0.1459999978542328,0.1459999978542328,4300,0.0,0.0
2015-04-22 00:00:00-04:00,0.1459999978542328,0.1459999978542328,0.1459999978542328,0.1459999978542328,0,0.0,0.0
2015-04-23 00:00:00-04:00,0.1459999978542328,0.1459999978542328,0.1459999978542328,0.1459999978542328,0,0.0,0.0
2015-04-24 00:00:00-04:00,0.14000000059604645,0.14000000059604645,0.14000000059604645,0.14000000059604645,165,0.0,0.0
2015-04-27 00:00:00-04:00,0.14000000059604645,0.14000000059604645,0.14000000059604645,0.14000000059604645,0,0.0,0.0
2015-04-28 00:00:00-04:00,0.14000000059604645,0.14000000059604645,0.14000000059604645,0.14000000059604645,0,0.0,0.0
2015-04-29 00:00:00-04:00,0.09000000357627869,0.15000000596046448,0.09000000357627869,0.15000000596046448,1040,0.0,0.0
2015-04-30 00:00:00-04:00,0.09000000357627869,0.15000000596046448,0.09000000357627869,0.15000000596046448,600,0.0,0.0
2015-05-01 00:00:00-04:00,0.15000000596046448,0.15000000596046448,0.15000000596046448,0.15000000596046448,0,0.0,0.0
2015-05-04 00:00:00-04:00,0.09000000357627869,0.15000000596046448,0.09000000357627869,0.15000000596046448,1063,0.0,0.0
2015-05-05 00:00:00-04:00,0.11699999868869781,0.15000000596046448,0.11699999868869781,0.15000000596046448,5806,0.0,0.0
2015-05-06 00:00:00-04:00,0.15000000596046448,0.15000000596046448,0.15000000596046448,0.15000000596046448,30000,0.0,0.0
2015-05-07 00:00:00-04:00,0.15000000596046448,0.15000000596046448,0.15000000596046448,0.15000000596046448,0,0.0,0.0
2015-05-08 00:00:00-04:00,0.15000000596046448,0.15000000596046448,0.15000000596046448,0.15000000596046448,0,0.0,0.0
2015-05-11 00:00:00-04:00,0.15000000596046448,0.15000000596046448,0.15000000596046448,0.15000000596046448,0,0.0,0.0
2015-05-12 00:00:00-04:00,0.09000000357627869,0.15000000596046448,0.09000000357627869,0.15000000596046448,300,0.0,0.0
2015-05-13 00:00:00-04:00,0.15000000596046448,0.15000000596046448,0.15000000596046448,0.15000000596046448,0,0.0,0.0
2015-05-14 00:00:00-04:00,0.15000000596046448,0.15000000596046448,0.15000000596046448,0.15000000596046448,0,0.0,0.0
2015-05-15 00:00:00-04:00,0.15000000596046448,0.18000000715255737,0.14949999749660492,0.18000000715255737,18796,0.0,0.0
2015-05-18 00:00:00-04:00,0.18000000715255737,0.18000000715255737,0.18000000715255737,0.18000000715255737,0,0.0,0.0
2015-05-19 00:00:00-04:00,0.18000000715255737,0.18000000715255737,0.18000000715255737,0.18000000715255737,0,0.0,0.0
2015-05-20 00:00:00-04:00,0.18000000715255737,0.18000000715255737,0.18000000715255737,0.18000000715255737,0,0.0,0.0
2015-05-21 00:00:00-04:00,0.18000000715255737,0.18000000715255737,0.18000000715255737,0.18000000715255737,0,0.0,0.0
2015-05-22 00:00:00-04:00,0.18000000715255737,0.18000000715255737,0.18000000715255737,0.18000000715255737,0,0.0,0.0
2015-05-26 00:00:00-04:00,0.18000000715255737,0.18000000715255737,0.18000000715255737,0.18000000715255737,0,0.0,0.0
2015-05-27 00:00:00-04:00,0.18000000715255737,0.18000000715255737,0.18000000715255737,0.18000000715255737,0,0.0,0.0
2015-05-28 00:00:00-04:00,0.18000000715255737,0.18000000715255737,0.18000000715255737,0.18000000715255737,0,0.0,0.0
2015-05-29 00:00:00-04:00,0.18000000715255737,0.18000000715255737,0.18000000715255737,0.18000000715255737,0,0.0,0.0
2015-06-01 00:00:00-04:00,0.18000000715255737,0.18000000715255737,0.18000000715255737,0.18000000715255737,0,0.0,0.0
2015-06-02 00:00:00-04:00,0.18000000715255737,0.18000000715255737,0.18000000715255737,0.18000000715255737,0,0.0,0.0
2015-06-03 00:00:00-04:00,0.09899000078439713,0.23000000417232513,0.09000000357627869,0.23000000417232513,300,0.0,0.0
2015-06-04 00:00:00-04:00,0.23000000417232513,0.23000000417232513,0.23000000417232513,0.23000000417232513,0,0.0,0.0
2015-06-05 00:00:00-04:00,0.23000000417232513,0.23000000417232513,0.23000000417232513,0.23000000417232513,0,0.0,0.0
2015-06-08 00:00:00-04:00,0.23000000417232513,0.23000000417232513,0.23000000417232513,0.23000000417232513,0,0.0,0.0
2015-06-09 00:00:00-04:00,0.23000000417232513,0.23000000417232513,0.23000000417232513,0.23000000417232513,0,0.0,0.0
2015-06-10 00:00:00-04:00,0.23000000417232513,0.23000000417232513,0.23000000417232513,0.23000000417232513,0,0.0,0.0
2015-06-11 00:00:00-04:00,0.09000000357627869,0.18000000715255737,0.09000000357627869,0.18000000715255737,5370,0.0,0.0
2015-06-12 00:00:00-04:00,0.18000000715255737,0.18000000715255737,0.18000000715255737,0.18000000715255737,0,0.0,0.0
2015-06-15 00:00:00-04:00,0.18000000715255737,0.18000000715255737,0.18000000715255737,0.18000000715255737,0,0.0,0.0
2015-06-16 00:00:00-04:00,0.18000000715255737,0.18000000715255737,0.18000000715255737,0.18000000715255737,0,0.0,0.0
2015-06-17 00:00:00-04:00,0.11999999731779099,0.11999999731779099,0.11509999632835388,0.11509999632835388,15551,0.0,0.0
2015-06-18 00:00:00-04:00,0.11509999632835388,0.11509999632835388,0.11509999632835388,0.11509999632835388,0,0.0,0.0
2015-06-19 00:00:00-04:00,0.10999999940395355,0.10999999940395355,0.10999999940395355,0.10999999940395355,1000,0.0,0.0
2015-06-22 00:00:00-04:00,0.10999999940395355,0.10999999940395355,0.10999999940395355,0.10999999940395355,0,0.0,0.0
2015-06-23 00:00:00-04:00,0.10999999940395355,0.10999999940395355,0.10999999940395355,0.10999999940395355,0,0.0,0.0
2015-06-24 00:00:00-04:00,0.10999999940395355,0.10999999940395355,0.10999999940395355,0.10999999940395355,0,0.0,0.0
2015-06-25 00:00:00-04:00,0.10999999940395355,0.10999999940395355,0.10999999940395355,0.10999999940395355,0,0.0,0.0
2015-06-26 00:00:00-04:00,0.10999999940395355,0.10999999940395355,0.10999999940395355,0.10999999940395355,0,0.0,0.0
2015-06-29 00:00:00-04:00,0.10999999940395355,0.10999999940395355,0.10999999940395355,0.10999999940395355,0,0.0,0.0
2015-06-30 00:00:00-04:00,0.10999999940395355,0.10999999940395355,0.10999999940395355,0.10999999940395355,0,0.0,0.0
2015-07-01 00:00:00-04:00,0.10999999940395355,0.10999999940395355,0.10999999940395355,0.10999999940395355,0,0.0,0.0
2015-07-02 00:00:00-04:00,0.10999999940395355,0.10999999940395355,0.10999999940395355,0.10999999940395355,0,0.0,0.0
2015-07-06 00:00:00-04:00,0.10999999940395355,0.10999999940395355,0.10999999940395355,0.10999999940395355,0,0.0,0.0
2015-07-07 00:00:00-04:00,0.10999999940395355,0.10999999940395355,0.10999999940395355,0.10999999940395355,0,0.0,0.0
2015-07-08 00:00:00-04:00,0.10999999940395355,0.10999999940395355,0.10999999940395355,0.10999999940395355,0,0.0,0.0
2015-07-09 00:00:00-04:00,0.13989999890327454,0.13989999890327454,0.13989999890327454,0.13989999890327454,10000,0.0,0.0
2015-07-10 00:00:00-04:00,0.13989999890327454,0.13989999890327454,0.13989999890327454,0.13989999890327454,1000,0.0,0.0
2015-07-13 00:00:00-04:00,0.13989999890327454,0.13989999890327454,0.13989999890327454,0.13989999890327454,0,0.0,0.0
2015-07-14 00:00:00-04:00,0.13989999890327454,0.13989999890327454,0.13989999890327454,0.13989999890327454,0,0.0,0.0
2015-07-15 00:00:00-04:00,0.07999999821186066,0.13989999890327454,0.07999999821186066,0.13989999890327454,325,0.0,0.0
2015-07-16 00:00:00-04:00,0.07999999821186066,0.13500000536441803,0.07999999821186066,0.13500000536441803,200,0.0,0.0
2015-07-17 00:00:00-04:00,0.13500000536441803,0.13500000536441803,0.13500000536441803,0.13500000536441803,0,0.0,0.0
2015-07-20 00:00:00-04:00,0.13500000536441803,0.13500000536441803,0.13500000536441803,0.13500000536441803,0,0.0,0.0
2015-07-21 00:00:00-04:00,0.13500000536441803,0.13500000536441803,0.13500000536441803,0.13500000536441803,0,0.0,0.0
2015-07-22 00:00:00-04:00,0.13500000536441803,0.13500000536441803,0.13500000536441803,0.13500000536441803,0,0.0,0.0
2015-07-23 00:00:00-04:00,0.13500000536441803,0.13500000536441803,0.13500000536441803,0.13500000536441803,0,0.0,0.0
2015-07-24 00:00:00-04:00,0.13500000536441803,0.13500000536441803,0.13500000536441803,0.13500000536441803,0,0.0,0.0
2015-07-27 00:00:00-04:00,0.13500000536441803,0.13500000536441803,0.13500000536441803,0.13500000536441803,0,0.0,0.0
2015-07-28 00:00:00-04:00,0.13500000536441803,0.13500000536441803,0.13500000536441803,0.13500000536441803,0,0.0,0.0
2015-07-29 00:00:00-04:00,0.13500000536441803,0.13500000536441803,0.13500000536441803,0.13500000536441803,0,0.0,0.0
2015-07-30 00:00:00-04:00,0.13500000536441803,0.13500000536441803,0.13500000536441803,0.13500000536441803,0,0.0,0.0
2015-07-31 00:00:00-04:00,0.13500000536441803,0.13500000536441803,0.13500000536441803,0.13500000536441803,0,0.0,0.0
2015-08-03 00:00:00-04:00,0.13500000536441803,0.13500000536441803,0.13500000536441803,0.13500000536441803,0,0.0,0.0
2015-08-04 00:00:00-04:00,0.13500000536441803,0.13500000536441803,0.13500000536441803,0.13500000536441803,0,0.0,0.0
2015-08-05 00:00:00-04:00,0.13500000536441803,0.13500000536441803,0.13500000536441803,0.13500000536441803,0,0.0,0.0
2015-08-06 00:00:00-04:00,0.13500000536441803,0.13500000536441803,0.13500000536441803,0.13500000536441803,0,0.0,0.0
2015-08-07 00:00:00-04:00,0.13500000536441803,0.13500000536441803,0.13500000536441803,0.13500000536441803,0,0.0,0.0
2015-08-10 00:00:00-04:00,0.13500000536441803,0.13500000536441803,0.13500000536441803,0.13500000536441803,0,0.0,0.0
2015-08-11 00:00:00-04:00,0.07999999821186066,0.07999999821186066,0.07999999821186066,0.07999999821186066,1037,0.0,0.0
2015-08-12 00:00:00-04:00,0.1099499985575676,0.1099499985575676,0.1099499985575676,0.1099499985575676,500,0.0,0.0
2015-08-13 00:00:00-04:00,0.13989999890327454,0.13989999890327454,0.13989999890327454,0.13989999890327454,500,0.0,0.0
2015-08-14 00:00:00-04:00,0.13989999890327454,0.13989999890327454,0.13989999890327454,0.13989999890327454,0,0.0,0.0
2015-08-17 00:00:00-04:00,0.13989999890327454,0.13989999890327454,0.13989999890327454,0.13989999890327454,0,0.0,0.0
2015-08-18 00:00:00-04:00,0.07998999953269958,0.07998999953269958,0.07000000029802322,0.07000000029802322,534,0.0,0.0
2015-08-19 00:00:00-04:00,0.07000000029802322,0.07000000029802322,0.07000000029802322,0.07000000029802322,0,0.0,0.0
2015-08-20 00:00:00-04:00,0.07000000029802322,0.07000000029802322,0.07000000029802322,0.07000000029802322,0,0.0,0.0
2015-08-21 00:00:00-04:00,0.07000000029802322,0.13989999890327454,0.07000000029802322,0.13989999890327454,1100,0.0,0.0
2015-08-24 00:00:00-04:00,0.0820000022649765,0.13989999890327454,0.0820000022649765,0.13989999890327454,819,0.0,0.0
2015-08-25 00:00:00-04:00,0.13989999890327454,0.13989999890327454,0.13989999890327454,0.13989999890327454,0,0.0,0.0
2015-08-26 00:00:00-04:00,0.13989999890327454,0.13989999890327454,0.13989999890327454,0.13989999890327454,0,0.0,0.0
2015-08-27 00:00:00-04:00,0.13989999890327454,0.13989999890327454,0.13989999890327454,0.13989999890327454,0,0.0,0.0
2015-08-28 00:00:00-04:00,0.13989999890327454,0.13989999890327454,0.13989999890327454,0.13989999890327454,0,0.0,0.0
2015-08-31 00:00:00-04:00,0.05999999865889549,0.13989999890327454,0.05999999865889549,0.13989999890327454,1535,0.0,0.0
2015-09-01 00:00:00-04:00,0.13989999890327454,0.13989999890327454,0.13989999890327454,0.13989999890327454,0,0.0,0.0
2015-09-02 00:00:00-04:00,0.13989999890327454,0.13989999890327454,0.13989999890327454,0.13989999890327454,0,0.0,0.0
2015-09-03 00:00:00-04:00,0.13989999890327454,0.13989999890327454,0.13989999890327454,0.13989999890327454,0,0.0,0.0
2015-09-04 00:00:00-04:00,0.13989999890327454,0.13989999890327454,0.13989999890327454,0.13989999890327454,0,0.0,0.0
2015-09-08 00:00:00-04:00,0.13989999890327454,0.13989999890327454,0.13989999890327454,0.13989999890327454,0,0.0,0.0
2015-09-09 00:00:00-04:00,0.13989999890327454,0.13989999890327454,0.13989999890327454,0.13989999890327454,0,0.0,0.0
2015-09-10 00:00:00-04:00,0.13989999890327454,0.13989999890327454,0.13989999890327454,0.13989999890327454,0,0.0,0.0
2015-09-11 00:00:00-04:00,0.13989999890327454,0.13989999890327454,0.13989999890327454,0.13989999890327454,0,0.0,0.0
2015-09-14 00:00:00-04:00,0.13989999890327454,0.13989999890327454,0.13989999890327454,0.13989999890327454,0,0.0,0.0
2015-09-15 00:00:00-04:00,0.060100000351667404,0.13500000536441803,0.060100000351667404,0.13500000536441803,860,0.0,0.0
2015-09-16 00:00:00-04:00,0.13500000536441803,0.13500000536441803,0.13500000536441803,0.13500000536441803,0,0.0,0.0
2015-09-17 00:00:00-04:00,0.13500000536441803,0.13500000536441803,0.13500000536441803,0.13500000536441803,0,0.0,0.0
2015-09-18 00:00:00-04:00,0.13500000536441803,0.13500000536441803,0.13500000536441803,0.13500000536441803,0,0.0,0.0
2015-09-21 00:00:00-04:00,0.13500000536441803,0.13500000536441803,0.13500000536441803,0.13500000536441803,0,0.0,0.0
2015-09-22 00:00:00-04:00,0.13500000536441803,0.13500000536441803,0.13500000536441803,0.13500000536441803,0,0.0,0.0
2015-09-23 00:00:00-04:00,0.13500000536441803,0.13500000536441803,0.13500000536441803,0.13500000536441803,0,0.0,0.0
2015-09-24 00:00:00-04:00,0.13500000536441803,0.13989999890327454,0.060100000351667404,0.060100000351667404,18513,0.0,0.0
2015-09-25 00:00:00-04:00,0.13989999890327454,0.13989999890327454,0.13989999890327454,0.13989999890327454,1000,0.0,0.0
2015-09-28 00:00:00-04:00,0.13989999890327454,0.13989999890327454,0.13989999890327454,0.13989999890327454,0,0.0,0.0
2015-09-29 00:00:00-04:00,0.13989999890327454,0.13989999890327454,0.13989999890327454,0.13989999890327454,0,0.0,0.0
2015-09-30 00:00:00-04:00,0.13989999890327454,0.13989999890327454,0.13989999890327454,0.13989999890327454,0,0.0,0.0
2015-10-01 00:00:00-04:00,0.13989999890327454,0.13989999890327454,0.13989999890327454,0.13989999890327454,0,0.0,0.0
2015-10-02 00:00:00-04:00,0.10000000149011612,0.10000000149011612,0.10000000149011612,0.10000000149011612,10000,0.0,0.0
2015-10-05 00:00:00-04:00,0.10000000149011612,0.10000000149011612,0.10000000149011612,0.10000000149011612,0,0.0,0.0
2015-10-06 00:00:00-04:00,0.13989999890327454,0.13989999890327454,0.07999999821186066,0.07999999821186066,65460,0.0,0.0
2015-10-07 00:00:00-04:00,0.11999999731779099,0.11999999731779099,0.11999999731779099,0.11999999731779099,650,0.0,0.0
2015-10-08 00:00:00-04:00,0.11999999731779099,0.11999999731779099,0.11999999731779099,0.11999999731779099,0,0.0,0.0
2015-10-09 00:00:00-04:00,0.10000000149011612,0.10000000149011612,0.10000000149011612,0.10000000149011612,150,0.0,0.0
2015-10-12 00:00:00-04:00,0.10000000149011612,0.10000000149011612,0.10000000149011612,0.10000000149011612,1000,0.0,0.0
2015-10-13 00:00:00-04:00,0.10000000149011612,0.10000000149011612,0.10000000149011612,0.10000000149011612,0,0.0,0.0
2015-10-14 00:00:00-04:00,0.10000000149011612,0.10000000149011612,0.10000000149011612,0.10000000149011612,0,0.0,0.0
2015-10-15 00:00:00-04:00,0.10000000149011612,0.10000000149011612,0.10000000149011612,0.10000000149011612,0,0.0,0.0
2015-10-16 00:00:00-04:00,0.11900000274181366,0.11999999731779099,0.11400000005960464,0.11999999731779099,17938,0.0,0.0
2015-10-19 00:00:00-04:00,0.20000000298023224,0.20000000298023224,0.20000000298023224,0.20000000298023224,380,0.0,0.0
2015-10-20 00:00:00-04:00,0.20000000298023224,0.20000000298023224,0.20000000298023224,0.20000000298023224,0,0.0,0.0
2015-10-21 00:00:00-04:00,0.18000000715255737,0.20000000298023224,0.14000000059604645,0.20000000298023224,8000,0.0,0.0
2015-10-22 00:00:00-04:00,0.20000000298023224,0.20000000298023224,0.1899999976158142,0.1899999976158142,3510,0.0,0.0
2015-10-23 00:00:00-04:00,0.1899999976158142,0.20000000298023224,0.1899999976158142,0.20000000298023224,12185,0.0,0.0
2015-10-26 00:00:00-04:00,0.20000000298023224,0.20000000298023224,0.20000000298023224,0.20000000298023224,10050,0.0,0.0
2015-10-27 00:00:00-04:00,0.20000000298023224,0.20000000298023224,0.20000000298023224,0.20000000298023224,0,0.0,0.0
2015-10-28 00:00:00-04:00,0.2198999971151352,0.2199999988079071,0.2198999971151352,0.2199999988079071,503,0.0,0.0
2015-10-29 00:00:00-04:00,0.2199999988079071,0.2199999988079071,0.2199999988079071,0.2199999988079071,0,0.0,0.0
2015-10-30 00:00:00-04:00,0.2199999988079071,0.2199999988079071,0.2199999988079071,0.2199999988079071,0,0.0,0.0
2015-11-02 00:00:00-05:00,0.2199999988079071,0.2199999988079071,0.2199999988079071,0.2199999988079071,0,0.0,0.0
2015-11-03 00:00:00-05:00,0.2199999988079071,0.2199999988079071,0.2199999988079071,0.2199999988079071,0,0.0,0.0
2015-11-04 00:00:00-05:00,0.20000000298023224,0.20999999344348907,0.20000000298023224,0.20999999344348907,12740,0.0,0.0
2015-11-05 00:00:00-05:00,0.20000000298023224,0.20000000298023224,0.15000000596046448,0.15000000596046448,9800,0.0,0.0
2015-11-06 00:00:00-05:00,0.15000000596046448,0.15000000596046448,0.15000000596046448,0.15000000596046448,0,0.0,0.0
2015-11-09 00:00:00-05:00,0.15000000596046448,0.15000000596046448,0.15000000596046448,0.15000000596046448,0,0.0,0.0
2015-11-10 00:00:00-05:00,0.15000000596046448,0.15000000596046448,0.15000000596046448,0.15000000596046448,1000,0.0,0.0
2015-11-11 00:00:00-05:00,0.15000000596046448,0.15000000596046448,0.15000000596046448,0.15000000596046448,6030,0.0,0.0
2015-11-12 00:00:00-05:00,0.15000000596046448,0.15000000596046448,0.15000000596046448,0.15000000596046448,236,0.0,0.0
2015-11-13 00:00:00-05:00,0.15000000596046448,0.15000000596046448,0.15000000596046448,0.15000000596046448,0,0.0,0.0
2015-11-16 00:00:00-05:00,0.15000000596046448,0.15000000596046448,0.15000000596046448,0.15000000596046448,0,0.0,0.0
2015-11-17 00:00:00-05:00,0.15000000596046448,0.15000000596046448,0.15000000596046448,0.15000000596046448,0,0.0,0.0
2015-11-18 00:00:00-05:00,0.15000000596046448,0.15000000596046448,0.15000000596046448,0.15000000596046448,0,0.0,0.0
2015-11-19 00:00:00-05:00,0.15000000596046448,0.15000000596046448,0.15000000596046448,0.15000000596046448,0,0.0,0.0
2015-11-20 00:00:00-05:00,0.15000000596046448,0.15000000596046448,0.15000000596046448,0.15000000596046448,0,0.0,0.0
2015-11-23 00:00:00-05:00,0.15000000596046448,0.15000000596046448,0.15000000596046448,0.15000000596046448,0,0.0,0.0
2015-11-24 00:00:00-05:00,0.15000000596046448,0.15000000596046448,0.15000000596046448,0.15000000596046448,0,0.0,0.0
2015-11-25 00:00:00-05:00,0.15000000596046448,0.15000000596046448,0.15000000596046448,0.15000000596046448,0,0.0,0.0
2015-11-27 00:00:00-05:00,0.15000000596046448,0.15000000596046448,0.15000000596046448,0.15000000596046448,0,0.0,0.0
2015-11-30 00:00:00-05:00,0.15000000596046448,0.15000000596046448,0.14000000059604645,0.14000000059604645,15000,0.0,0.0
2015-12-01 00:00:00-05:00,0.14000000059604645,0.14000000059604645,0.14000000059604645,0.14000000059604645,0,0.0,0.0
2015-12-02 00:00:00-05:00,0.14000000059604645,0.14000000059604645,0.14000000059604645,0.14000000059604645,0,0.0,0.0
2015-12-03 00:00:00-05:00,0.14000000059604645,0.14000000059604645,0.14000000059604645,0.14000000059604645,0,0.0,0.0
2015-12-04 00:00:00-05:00,0.15000000596046448,0.15000000596046448,0.15000000596046448,0.15000000596046448,300,0.0,0.0
2015-12-07 00:00:00-05:00,0.15000000596046448,0.15000000596046448,0.15000000596046448,0.15000000596046448,0,0.0,0.0
2015-12-08 00:00:00-05:00,0.15000000596046448,0.15000000596046448,0.15000000596046448,0.15000000596046448,0,0.0,0.0
2015-12-09 00:00:00-05:00,0.15000000596046448,0.15000000596046448,0.15000000596046448,0.15000000596046448,0,0.0,0.0
2015-12-10 00:00:00-05:00,0.14010000228881836,0.14010000228881836,0.14000000059604645,0.14000000059604645,5000,0.0,0.0
2015-12-11 00:00:00-05:00,0.14000000059604645,0.14000000059604645,0.14000000059604645,0.14000000059604645,0,0.0,0.0
2015-12-14 00:00:00-05:00,0.14000000059604645,0.14000000059604645,0.14000000059604645,0.14000000059604645,0,0.0,0.0
2015-12-15 00:00:00-05:00,0.14000000059604645,0.14000000059604645,0.14000000059604645,0.14000000059604645,0,0.0,0.0
2015-12-16 00:00:00-05:00,0.14000000059604645,0.14000000059604645,0.14000000059604645,0.14000000059604645,0,0.0,0.0
2015-12-17 00:00:00-05:00,0.11999999731779099,0.11999999731779099,0.11999999731779099,0.11999999731779099,100,0.0,0.0
2015-12-18 00:00:00-05:00,0.11999999731779099,0.11999999731779099,0.11999999731779099,0.11999999731779099,0,0.0,0.0
2015-12-21 00:00:00-05:00,0.11999999731779099,0.11999999731779099,0.11999999731779099,0.11999999731779099,0,0.0,0.0
2015-12-22 00:00:00-05:00,0.15000000596046448,0.15000000596046448,0.10000000149011612,0.10000000149011612,29220,0.0,0.0
2015-12-23 00:00:00-05:00,0.10000000149011612,0.10000000149011612,0.10000000149011612,0.10000000149011612,0,0.0,0.0
2015-12-24 00:00:00-05:00,0.10000000149011612,0.10000000149011612,0.10000000149011612,0.10000000149011612,0,0.0,0.0
2015-12-28 00:00:00-05:00,0.10000000149011612,0.10000000149011612,0.10000000149011612,0.10000000149011612,0,0.0,0.0
2015-12-29 00:00:00-05:00,0.10499999672174454,0.10499999672174454,0.10499999672174454,0.10499999672174454,750,0.0,0.0
2015-12-30 00:00:00-05:00,0.10499999672174454,0.10499999672174454,0.10499999672174454,0.10499999672174454,0,0.0,0.0
2015-12-31 00:00:00-05:00,0.10499999672174454,0.10499999672174454,0.10499999672174454,0.10499999672174454,0,0.0,0.0
2016-01-04 00:00:00-05:00,0.10499999672174454,0.10499999672174454,0.10499999672174454,0.10499999672174454,0,0.0,0.0
2016-01-05 00:00:00-05:00,0.10499999672174454,0.10499999672174454,0.10499999672174454,0.10499999672174454,0,0.0,0.0
2016-01-06 00:00:00-05:00,0.10499999672174454,0.10499999672174454,0.10499999672174454,0.10499999672174454,0,0.0,0.0
2016-01-07 00:00:00-05:00,0.10499999672174454,0.10499999672174454,0.10499999672174454,0.10499999672174454,0,0.0,0.0
2016-01-08 00:00:00-05:00,0.10499999672174454,0.10499999672174454,0.10499999672174454,0.10499999672174454,0,0.0,0.0
2016-01-11 00:00:00-05:00,0.10050000250339508,0.10050000250339508,0.10000000149011612,0.10000000149011612,7400,0.0,0.0
2016-01-12 00:00:00-05:00,0.15000000596046448,0.15000000596046448,0.15000000596046448,0.15000000596046448,1000,0.0,0.0
2016-01-13 00:00:00-05:00,0.15000000596046448,0.15000000596046448,0.15000000596046448,0.15000000596046448,0,0.0,0.0
2016-01-14 00:00:00-05:00,0.15000000596046448,0.15000000596046448,0.15000000596046448,0.15000000596046448,0,0.0,0.0
2016-01-15 00:00:00-05:00,0.15000000596046448,0.15000000596046448,0.15000000596046448,0.15000000596046448,0,0.0,0.0
2016-01-19 00:00:00-05:00,0.15000000596046448,0.15000000596046448,0.15000000596046448,0.15000000596046448,0,0.0,0.0
2016-01-20 00:00:00-05:00,0.15000000596046448,0.15000000596046448,0.15000000596046448,0.15000000596046448,0,0.0,0.0
2016-01-21 00:00:00-05:00,0.13699999451637268,0.15000000596046448,0.13699999451637268,0.15000000596046448,879,0.0,0.0
2016-01-22 00:00:00-05:00,0.15000000596046448,0.15000000596046448,0.15000000596046448,0.15000000596046448,0,0.0,0.0
2016-01-25 00:00:00-05:00,0.15000000596046448,0.15000000596046448,0.15000000596046448,0.15000000596046448,0,0.0,0.0
2016-01-26 00:00:00-05:00,0.15000000596046448,0.15000000596046448,0.15000000596046448,0.15000000596046448,0,0.0,0.0
2016-01-27 00:00:00-05:00,0.15000000596046448,0.15000000596046448,0.15000000596046448,0.15000000596046448,0,0.0,0.0
2016-01-28 00:00:00-05:00,0.15000000596046448,0.15000000596046448,0.15000000596046448,0.15000000596046448,0,0.0,0.0
2016-01-29 00:00:00-05:00,0.15000000596046448,0.15000000596046448,0.15000000596046448,0.15000000596046448,0,0.0,0.0
2016-02-01 00:00:00-05:00,0.15000000596046448,0.15000000596046448,0.15000000596046448,0.15000000596046448,0,0.0,0.0
2016-02-02 00:00:00-05:00,0.15000000596046448,0.15000000596046448,0.15000000596046448,0.15000000596046448,0,0.0,0.0
2016-02-03 00:00:00-05:00,0.15000000596046448,0.15000000596046448,0.15000000596046448,0.15000000596046448,0,0.0,0.0
2016-02-04 00:00:00-05:00,0.15000000596046448,0.15000000596046448,0.15000000596046448,0.15000000596046448,0,0.0,0.0
2016-02-05 00:00:00-05:00,0.07999999821186066,0.15000000596046448,0.07999999821186066,0.15000000596046448,8500,0.0,0.0
2016-02-08 00:00:00-05:00,0.08699999749660492,0.08699999749660492,0.07999999821186066,0.07999999821186066,2000,0.0,0.0
2016-02-09 00:00:00-05:00,0.15000000596046448,0.15000000596046448,0.15000000596046448,0.15000000596046448,500,0.0,0.0
2016-02-10 00:00:00-05:00,0.15000000596046448,0.15000000596046448,0.15000000596046448,0.15000000596046448,0,0.0,0.0
2016-02-11 00:00:00-05:00,0.15000000596046448,0.15000000596046448,0.15000000596046448,0.15000000596046448,0,0.0,0.0
2016-02-12 00:00:00-05:00,0.15000000596046448,0.15000000596046448,0.15000000596046448,0.15000000596046448,0,0.0,0.0
2016-02-16 00:00:00-05:00,0.15000000596046448,0.15000000596046448,0.15000000596046448,0.15000000596046448,0,0.0,0.0
2016-02-17 00:00:00-05:00,0.15000000596046448,0.15000000596046448,0.15000000596046448,0.15000000596046448,0,0.0,0.0
2016-02-18 00:00:00-05:00,0.15000000596046448,0.15000000596046448,0.15000000596046448,0.15000000596046448,0,0.0,0.0
2016-02-19 00:00:00-05:00,0.15000000596046448,0.15000000596046448,0.15000000596046448,0.15000000596046448,0,0.0,0.0
2016-02-22 00:00:00-05:00,0.15000000596046448,0.15000000596046448,0.15000000596046448,0.15000000596046448,0,0.0,0.0
2016-02-23 00:00:00-05:00,0.15000000596046448,0.15000000596046448,0.15000000596046448,0.15000000596046448,0,0.0,0.0
2016-02-24 00:00:00-05:00,0.07999999821186066,0.07999999821186066,0.07999999821186066,0.07999999821186066,120,0.0,0.0
2016-02-25 00:00:00-05:00,0.07999999821186066,0.07999999821186066,0.07999999821186066,0.07999999821186066,0,0.0,0.0
2016-02-26 00:00:00-05:00,0.07999999821186066,0.07999999821186066,0.07999999821186066,0.07999999821186066,0,0.0,0.0
2016-02-29 00:00:00-05:00,0.07999999821186066,0.07999999821186066,0.07999999821186066,0.07999999821186066,0,0.0,0.0
2016-03-01 00:00:00-05:00,0.07999999821186066,0.07999999821186066,0.07999999821186066,0.07999999821186066,0,0.0,0.0
2016-03-02 00:00:00-05:00,0.07999999821186066,0.07999999821186066,0.07999999821186066,0.07999999821186066,0,0.0,0.0
2016-03-03 00:00:00-05:00,0.07999999821186066,0.07999999821186066,0.07999999821186066,0.07999999821186066,0,0.0,0.0
2016-03-04 00:00:00-05:00,0.07999999821186066,0.07999999821186066,0.07999999821186066,0.07999999821186066,0,0.0,0.0
2016-03-07 00:00:00-05:00,0.07999999821186066,0.07999999821186066,0.07999999821186066,0.07999999821186066,0,0.0,0.0
2016-03-08 00:00:00-05:00,0.07999999821186066,0.07999999821186066,0.07999999821186066,0.07999999821186066,25000,0.0,0.0
2016-03-09 00:00:00-05:00,0.07999999821186066,0.07999999821186066,0.07999999821186066,0.07999999821186066,522,0.0,0.0
2016-03-10 00:00:00-05:00,0.10000000149011612,0.10000000149011612,0.10000000149011612,0.10000000149011612,1000,0.0,0.0
2016-03-11 00:00:00-05:00,0.10000000149011612,0.10000000149011612,0.10000000149011612,0.10000000149011612,0,0.0,0.0
2016-03-14 00:00:00-04:00,0.10000000149011612,0.10000000149011612,0.10000000149011612,0.10000000149011612,0,0.0,0.0
2016-03-15 00:00:00-04:00,0.10000000149011612,0.10000000149011612,0.10000000149011612,0.10000000149011612,0,0.0,0.0
2016-03-16 00:00:00-04:00,0.07999999821186066,0.07999999821186066,0.07999999821186066,0.07999999821186066,10000,0.0,0.0
2016-03-17 00:00:00-04:00,0.07999999821186066,0.07999999821186066,0.07999999821186066,0.07999999821186066,0,0.0,0.0
2016-03-18 00:00:00-04:00,0.07999999821186066,0.07999999821186066,0.07999999821186066,0.07999999821186066,0,0.0,0.0
2016-03-21 00:00:00-04:00,0.07999999821186066,0.07999999821186066,0.07999999821186066,0.07999999821186066,0,0.0,0.0
2016-03-22 00:00:00-04:00,0.07999999821186066,0.07999999821186066,0.07999999821186066,0.07999999821186066,0,0.0,0.0
2016-03-23 00:00:00-04:00,0.07999999821186066,0.07999999821186066,0.07999999821186066,0.07999999821186066,0,0.0,0.0
2016-03-24 00:00:00-04:00,0.07689999788999557,0.07689999788999557,0.07689999788999557,0.07689999788999557,350,0.0,0.0
2016-03-28 00:00:00-04:00,0.07689999788999557,0.07689999788999557,0.07689999788999557,0.07689999788999557,0,0.0,0.0
2016-03-29 00:00:00-04:00,0.07000000029802322,0.07000000029802322,0.07000000029802322,0.07000000029802322,200,0.0,0.0
2016-03-30 00:00:00-04:00,0.07000000029802322,0.07000000029802322,0.07000000029802322,0.07000000029802322,0,0.0,0.0
2016-03-31 00:00:00-04:00,0.07000000029802322,0.07000000029802322,0.07000000029802322,0.07000000029802322,0,0.0,0.0
2016-04-01 00:00:00-04:00,0.07000000029802322,0.07000000029802322,0.07000000029802322,0.07000000029802322,20000,0.0,0.0
2016-04-04 00:00:00-04:00,0.07000000029802322,0.07000000029802322,0.07000000029802322,0.07000000029802322,0,0.0,0.0
2016-04-05 00:00:00-04:00,0.07000000029802322,0.07000000029802322,0.07000000029802322,0.07000000029802322,0,0.0,0.0
2016-04-06 00:00:00-04:00,0.07000000029802322,0.07000000029802322,0.07000000029802322,0.07000000029802322,0,0.0,0.0
2016-04-07 00:00:00-04:00,0.07000000029802322,0.07000000029802322,0.07000000029802322,0.07000000029802322,0,0.0,0.0
2016-04-08 00:00:00-04:00,0.07000000029802322,0.07000000029802322,0.07000000029802322,0.07000000029802322,0,0.0,0.0
2016-04-11 00:00:00-04:00,0.07000000029802322,0.07000000029802322,0.07000000029802322,0.07000000029802322,0,0.0,0.0
2016-04-12 00:00:00-04:00,0.07000000029802322,0.07000000029802322,0.07000000029802322,0.07000000029802322,0,0.0,0.0
2016-04-13 00:00:00-04:00,0.07000000029802322,0.07000000029802322,0.07000000029802322,0.07000000029802322,3000,0.0,0.0
2016-04-14 00:00:00-04:00,0.07000000029802322,0.07000000029802322,0.07000000029802322,0.07000000029802322,0,0.0,0.0
2016-04-15 00:00:00-04:00,0.07000000029802322,0.07000000029802322,0.07000000029802322,0.07000000029802322,1029,0.0,0.0
2016-04-18 00:00:00-04:00,0.07000000029802322,0.07000000029802322,0.07000000029802322,0.07000000029802322,10060,0.0,0.0
2016-04-19 00:00:00-04:00,0.07000000029802322,0.07000000029802322,0.07000000029802322,0.07000000029802322,0,0.0,0.0
2016-04-20 00:00:00-04:00,0.07000000029802322,0.07000000029802322,0.07000000029802322,0.07000000029802322,0,0.0,0.0
2016-04-21 00:00:00-04:00,0.07000000029802322,0.07000000029802322,0.07000000029802322,0.07000000029802322,0,0.0,0.0
2016-04-22 00:00:00-04:00,0.07000000029802322,0.07000000029802322,0.07000000029802322,0.07000000029802322,0,0.0,0.0
2016-04-25 00:00:00-04:00,0.07000000029802322,0.07000000029802322,0.07000000029802322,0.07000000029802322,0,0.0,0.0
2016-04-26 00:00:00-04:00,0.07000000029802322,0.07000000029802322,0.07000000029802322,0.07000000029802322,100,0.0,0.0
2016-04-27 00:00:00-04:00,0.07000000029802322,0.07000000029802322,0.07000000029802322,0.07000000029802322,0,0.0,0.0
2016-04-28 00:00:00-04:00,0.07000000029802322,0.07000000029802322,0.07000000029802322,0.07000000029802322,5300,0.0,0.0
2016-04-29 00:00:00-04:00,0.07000000029802322,0.07000000029802322,0.07000000029802322,0.07000000029802322,30000,0.0,0.0
2016-05-02 00:00:00-04:00,0.09600000083446503,0.09799999743700027,0.09600000083446503,0.09799999743700027,2000,0.0,0.0
2016-05-03 00:00:00-04:00,0.09799999743700027,0.09799999743700027,0.09799999743700027,0.09799999743700027,0,0.0,0.0
2016-05-04 00:00:00-04:00,0.09799999743700027,0.09799999743700027,0.09799999743700027,0.09799999743700027,0,0.0,0.0
2016-05-05 00:00:00-04:00,0.08699999749660492,0.08699999749660492,0.08699999749660492,0.08699999749660492,3700,0.0,0.0
2016-05-06 00:00:00-04:00,0.08699999749660492,0.08699999749660492,0.08699999749660492,0.08699999749660492,0,0.0,0.0
2016-05-09 00:00:00-04:00,0.08699999749660492,0.08699999749660492,0.08699999749660492,0.08699999749660492,0,0.0,0.0
2016-05-10 00:00:00-04:00,0.08699999749660492,0.08699999749660492,0.08699999749660492,0.08699999749660492,0,0.0,0.0
2016-05-11 00:00:00-04:00,0.07999999821186066,0.07999999821186066,0.07999999821186066,0.07999999821186066,2000,0.0,0.0
2016-05-12 00:00:00-04:00,0.07999999821186066,0.07999999821186066,0.07999999821186066,0.07999999821186066,0,0.0,0.0
2016-05-13 00:00:00-04:00,0.051500000059604645,0.051500000059604645,0.05000000074505806,0.05000000074505806,23210,0.0,0.0
2016-05-16 00:00:00-04:00,0.05000000074505806,0.05000000074505806,0.05000000074505806,0.05000000074505806,0,0.0,0.0
2016-05-17 00:00:00-04:00,0.050999999046325684,0.050999999046325684,0.05000000074505806,0.05000000074505806,10000,0.0,0.0
2016-05-18 00:00:00-04:00,0.05000000074505806,0.05000000074505806,0.05000000074505806,0.05000000074505806,0,0.0,0.0
2016-05-19 00:00:00-04:00,0.05000000074505806,0.05000000074505806,0.05000000074505806,0.05000000074505806,0,0.0,0.0
2016-05-20 00:00:00-04:00,0.05000000074505806,0.05000000074505806,0.05000000074505806,0.05000000074505806,400,0.0,0.0
2016-05-23 00:00:00-04:00,0.05000000074505806,0.05000000074505806,0.05000000074505806,0.05000000074505806,100,0.0,0.0
2016-05-24 00:00:00-04:00,0.05000000074505806,0.05000000074505806,0.05000000074505806,0.05000000074505806,0,0.0,0.0
2016-05-25 00:00:00-04:00,0.05000000074505806,0.05000000074505806,0.05000000074505806,0.05000000074505806,0,0.0,0.0
2016-05-26 00:00:00-04:00,0.05000000074505806,0.05000000074505806,0.05000000074505806,0.05000000074505806,0,0.0,0.0
2016-05-27 00:00:00-04:00,0.05000000074505806,0.05000000074505806,0.05000000074505806,0.05000000074505806,0,0.0,0.0
2016-05-31 00:00:00-04:00,0.05000000074505806,0.05000000074505806,0.05000000074505806,0.05000000074505806,0,0.0,0.0
2016-06-01 00:00:00-04:00,0.052299998700618744,0.052299998700618744,0.052299998700618744,0.052299998700618744,100,0.0,0.0
2016-06-02 00:00:00-04:00,0.052299998700618744,0.052299998700618744,0.052299998700618744,0.052299998700618744,0,0.0,0.0
2016-06-03 00:00:00-04:00,0.052299998700618744,0.052299998700618744,0.052299998700618744,0.052299998700618744,0,0.0,0.0
2016-06-06 00:00:00-04:00,0.052299998700618744,0.052299998700618744,0.052299998700618744,0.052299998700618744,0,0.0,0.0
2016-06-07 00:00:00-04:00,0.052299998700618744,0.052299998700618744,0.052299998700618744,0.052299998700618744,0,0.0,0.0
2016-06-08 00:00:00-04:00,0.05000000074505806,0.050200000405311584,0.03999999910593033,0.03999999910593033,15803,0.0,0.0
2016-06-09 00:00:00-04:00,0.03999999910593033,0.03999999910593033,0.03999999910593033,0.03999999910593033,0,0.0,0.0
2016-06-10 00:00:00-04:00,0.03999999910593033,0.03999999910593033,0.03999999910593033,0.03999999910593033,0,0.0,0.0
2016-06-13 00:00:00-04:00,0.03999999910593033,0.03999999910593033,0.03999999910593033,0.03999999910593033,9903,0.0,0.0
2016-06-14 00:00:00-04:00,0.03999999910593033,0.03999999910593033,0.03999999910593033,0.03999999910593033,0,0.0,0.0
2016-06-15 00:00:00-04:00,0.03999999910593033,0.03999999910593033,0.03999999910593033,0.03999999910593033,0,0.0,0.0
2016-06-16 00:00:00-04:00,0.03999999910593033,0.03999999910593033,0.03999999910593033,0.03999999910593033,0,0.0,0.0
2016-06-17 00:00:00-04:00,0.03999999910593033,0.03999999910593033,0.03999999910593033,0.03999999910593033,0,0.0,0.0
2016-06-20 00:00:00-04:00,0.03999999910593033,0.03999999910593033,0.03999999910593033,0.03999999910593033,0,0.0,0.0
2016-06-21 00:00:00-04:00,0.03999999910593033,0.03999999910593033,0.03999999910593033,0.03999999910593033,0,0.0,0.0
2016-06-22 00:00:00-04:00,0.03999999910593033,0.03999999910593033,0.03999999910593033,0.03999999910593033,1250,0.0,0.0
2016-06-23 00:00:00-04:00,0.03999999910593033,0.03999999910593033,0.03999999910593033,0.03999999910593033,0,0.0,0.0
2016-06-24 00:00:00-04:00,0.04010000079870224,0.04190000146627426,0.03999999910593033,0.03999999910593033,26698,0.0,0.0
2016-06-27 00:00:00-04:00,0.019999999552965164,0.05000000074505806,0.019999999552965164,0.05000000074505806,60295,0.0,0.0
2016-06-28 00:00:00-04:00,0.05000000074505806,0.05000000074505806,0.05000000074505806,0.05000000074505806,0,0.0,0.0
2016-06-29 00:00:00-04:00,0.05000000074505806,0.05000000074505806,0.05000000074505806,0.05000000074505806,0,0.0,0.0
2016-06-30 00:00:00-04:00,0.05000000074505806,0.05000000074505806,0.05000000074505806,0.05000000074505806,0,0.0,0.0
2016-07-01 00:00:00-04:00,0.05000000074505806,0.05000000074505806,0.05000000074505806,0.05000000074505806,0,0.0,0.0
2016-07-05 00:00:00-04:00,0.05000000074505806,0.05000000074505806,0.05000000074505806,0.05000000074505806,0,0.0,0.0
2016-07-06 00:00:00-04:00,0.029999999329447746,0.029999999329447746,0.029999999329447746,0.029999999329447746,700,0.0,0.0
2016-07-07 00:00:00-04:00,0.029999999329447746,0.029999999329447746,0.029999999329447746,0.029999999329447746,0,0.0,0.0
2016-07-08 00:00:00-04:00,0.029999999329447746,0.029999999329447746,0.029999999329447746,0.029999999329447746,0,0.0,0.0
2016-07-11 00:00:00-04:00,0.029999999329447746,0.029999999329447746,0.029999999329447746,0.029999999329447746,10000,0.0,0.0
2016-07-12 00:00:00-04:00,0.029999999329447746,0.029999999329447746,0.029999999329447746,0.029999999329447746,0,0.0,0.0
2016-07-13 00:00:00-04:00,0.029999999329447746,0.029999999329447746,0.029999999329447746,0.029999999329447746,0,0.0,0.0
2016-07-14 00:00:00-04:00,0.029999999329447746,0.029999999329447746,0.029999999329447746,0.029999999329447746,0,0.0,0.0
2016-07-15 00:00:00-04:00,0.029999999329447746,0.029999999329447746,0.029999999329447746,0.029999999329447746,0,0.0,0.0
2016-07-18 00:00:00-04:00,0.029999999329447746,0.029999999329447746,0.029999999329447746,0.029999999329447746,0,0.0,0.0
2016-07-19 00:00:00-04:00,0.029999999329447746,0.029999999329447746,0.029999999329447746,0.029999999329447746,0,0.0,0.0
2016-07-20 00:00:00-04:00,0.029999999329447746,0.029999999329447746,0.029999999329447746,0.029999999329447746,0,0.0,0.0
2016-07-21 00:00:00-04:00,0.029999999329447746,0.029999999329447746,0.029999999329447746,0.029999999329447746,0,0.0,0.0
2016-07-22 00:00:00-04:00,0.029999999329447746,0.029999999329447746,0.029999999329447746,0.029999999329447746,0,0.0,0.0
2016-07-25 00:00:00-04:00,0.029999999329447746,0.029999999329447746,0.029999999329447746,0.029999999329447746,0,0.0,0.0
2016-07-26 00:00:00-04:00,0.029999999329447746,0.029999999329447746,0.029999999329447746,0.029999999329447746,0,0.0,0.0
2016-07-27 00:00:00-04:00,0.03099999949336052,0.03099999949336052,0.02500000037252903,0.02500000037252903,15950,0.0,0.0
2016-07-28 00:00:00-04:00,0.02500000037252903,0.02500000037252903,0.02500000037252903,0.02500000037252903,0,0.0,0.0
2016-07-29 00:00:00-04:00,0.02500000037252903,0.02500000037252903,0.02500000037252903,0.02500000037252903,0,0.0,0.0
2016-08-01 00:00:00-04:00,0.02500000037252903,0.02500000037252903,0.02500000037252903,0.02500000037252903,0,0.0,0.0
2016-08-02 00:00:00-04:00,0.02500000037252903,0.02500000037252903,0.02500000037252903,0.02500000037252903,0,0.0,0.0
2016-08-03 00:00:00-04:00,0.02500000037252903,0.02500000037252903,0.02500000037252903,0.02500000037252903,0,0.0,0.0
2016-08-04 00:00:00-04:00,0.02500000037252903,0.02500000037252903,0.02500000037252903,0.02500000037252903,0,0.0,0.0
2016-08-05 00:00:00-04:00,0.03999999910593033,0.03999999910593033,0.03999999910593033,0.03999999910593033,1000,0.0,0.0
2016-08-08 00:00:00-04:00,0.03999999910593033,0.03999999910593033,0.03999999910593033,0.03999999910593033,0,0.0,0.0
2016-08-09 00:00:00-04:00,0.03999999910593033,0.03999999910593033,0.03999999910593033,0.03999999910593033,0,0.0,0.0
2016-08-10 00:00:00-04:00,0.03999999910593033,0.03999999910593033,0.03999999910593033,0.03999999910593033,0,0.0,0.0
2016-08-11 00:00:00-04:00,0.03999999910593033,0.03999999910593033,0.03999999910593033,0.03999999910593033,0,0.0,0.0
2016-08-12 00:00:00-04:00,0.03999999910593033,0.03999999910593033,0.03999999910593033,0.03999999910593033,0,0.0,0.0
2016-08-15 00:00:00-04:00,0.03999999910593033,0.03999999910593033,0.03999999910593033,0.03999999910593033,0,0.0,0.0
2016-08-16 00:00:00-04:00,0.02500000037252903,0.025100000202655792,0.02500000037252903,0.025100000202655792,7100,0.0,0.0
2016-08-17 00:00:00-04:00,0.025100000202655792,0.025100000202655792,0.025100000202655792,0.025100000202655792,0,0.0,0.0
2016-08-18 00:00:00-04:00,0.025100000202655792,0.025100000202655792,0.025100000202655792,0.025100000202655792,0,0.0,0.0
2016-08-19 00:00:00-04:00,0.025100000202655792,0.025100000202655792,0.025100000202655792,0.025100000202655792,0,0.0,0.0
2016-08-22 00:00:00-04:00,0.025100000202655792,0.025100000202655792,0.025100000202655792,0.025100000202655792,0,0.0,0.0
2016-08-23 00:00:00-04:00,0.025100000202655792,0.025100000202655792,0.025100000202655792,0.025100000202655792,0,0.0,0.0
2016-08-24 00:00:00-04:00,0.025100000202655792,0.025100000202655792,0.025100000202655792,0.025100000202655792,0,0.0,0.0
2016-08-25 00:00:00-04:00,0.025100000202655792,0.025100000202655792,0.025100000202655792,0.025100000202655792,0,0.0,0.0
2016-08-26 00:00:00-04:00,0.025100000202655792,0.025100000202655792,0.025100000202655792,0.025100000202655792,0,0.0,0.0
2016-08-29 00:00:00-04:00,0.028219999745488167,0.028219999745488167,0.028219999745488167,0.028219999745488167,100,0.0,0.0
2016-08-30 00:00:00-04:00,0.02500000037252903,0.02500000037252903,0.02500000037252903,0.02500000037252903,555,0.0,0.0
2016-08-31 00:00:00-04:00,0.02500000037252903,0.02500000037252903,0.02500000037252903,0.02500000037252903,0,0.0,0.0
2016-09-01 00:00:00-04:00,0.02500000037252903,0.02500000037252903,0.02500000037252903,0.02500000037252903,0,0.0,0.0
2016-09-02 00:00:00-04:00,0.02500000037252903,0.02500000037252903,0.02500000037252903,0.02500000037252903,0,0.0,0.0
2016-09-06 00:00:00-04:00,0.028219999745488167,0.028219999745488167,0.028219999745488167,0.028219999745488167,100,0.0,0.0
2016-09-07 00:00:00-04:00,0.028219999745488167,0.028219999745488167,0.028219999745488167,0.028219999745488167,0,0.0,0.0
2016-09-08 00:00:00-04:00,0.028219999745488167,0.028219999745488167,0.028219999745488167,0.028219999745488167,0,0.0,0.0
2016-09-09 00:00:00-04:00,0.03759999945759773,0.039000000804662704,0.03759999945759773,0.039000000804662704,2000,0.0,0.0
2016-09-12 00:00:00-04:00,0.039000000804662704,0.039000000804662704,0.039000000804662704,0.039000000804662704,0,0.0,0.0
2016-09-13 00:00:00-04:00,0.039000000804662704,0.039000000804662704,0.039000000804662704,0.039000000804662704,0,0.0,0.0
2016-09-14 00:00:00-04:00,0.039000000804662704,0.039000000804662704,0.039000000804662704,0.039000000804662704,0,0.0,0.0
2016-09-15 00:00:00-04:00,0.02500000037252903,0.02500000037252903,0.02500000037252903,0.02500000037252903,640,0.0,0.0
2016-09-16 00:00:00-04:00,0.02500000037252903,0.02500000037252903,0.02500000037252903,0.02500000037252903,0,0.0,0.0
2016-09-19 00:00:00-04:00,0.02500000037252903,0.02500000037252903,0.02500000037252903,0.02500000037252903,0,0.0,0.0
2016-09-20 00:00:00-04:00,0.02500000037252903,0.02500000037252903,0.02500000037252903,0.02500000037252903,0,0.0,0.0
2016-09-21 00:00:00-04:00,0.02500000037252903,0.02500000037252903,0.02500000037252903,0.02500000037252903,0,0.0,0.0
2016-09-22 00:00:00-04:00,0.02500000037252903,0.02500000037252903,0.02500000037252903,0.02500000037252903,0,0.0,0.0
2016-09-23 00:00:00-04:00,0.02500000037252903,0.02500000037252903,0.02500000037252903,0.02500000037252903,0,0.0,0.0
2016-09-26 00:00:00-04:00,0.02500000037252903,0.02500000037252903,0.02500000037252903,0.02500000037252903,0,0.0,0.0
2016-09-27 00:00:00-04:00,0.026000000536441803,0.026000000536441803,0.026000000536441803,0.026000000536441803,1000,0.0,0.0
2016-09-28 00:00:00-04:00,0.026000000536441803,0.026000000536441803,0.026000000536441803,0.026000000536441803,0,0.0,0.0
2016-09-29 00:00:00-04:00,0.026000000536441803,0.026000000536441803,0.026000000536441803,0.026000000536441803,0,0.0,0.0
2016-09-30 00:00:00-04:00,0.026000000536441803,0.026000000536441803,0.026000000536441803,0.026000000536441803,0,0.0,0.0
2016-10-03 00:00:00-04:00,0.026000000536441803,0.026000000536441803,0.026000000536441803,0.026000000536441803,0,0.0,0.0
2016-10-04 00:00:00-04:00,0.026000000536441803,0.026000000536441803,0.026000000536441803,0.026000000536441803,0,0.0,0.0
2016-10-05 00:00:00-04:00,0.026000000536441803,0.026000000536441803,0.026000000536441803,0.026000000536441803,0,0.0,0.0
2016-10-06 00:00:00-04:00,0.026000000536441803,0.026000000536441803,0.026000000536441803,0.026000000536441803,0,0.0,0.0
2016-10-07 00:00:00-04:00,0.026000000536441803,0.026000000536441803,0.026000000536441803,0.026000000536441803,0,0.0,0.0
2016-10-10 00:00:00-04:00,0.026000000536441803,0.026000000536441803,0.026000000536441803,0.026000000536441803,0,0.0,0.0
2016-10-11 00:00:00-04:00,0.026000000536441803,0.026000000536441803,0.026000000536441803,0.026000000536441803,0,0.0,0.0
2016-10-12 00:00:00-04:00,0.026000000536441803,0.026000000536441803,0.026000000536441803,0.026000000536441803,0,0.0,0.0
2016-10-13 00:00:00-04:00,0.026000000536441803,0.026000000536441803,0.026000000536441803,0.026000000536441803,0,0.0,0.0
2016-10-14 00:00:00-04:00,0.026000000536441803,0.026000000536441803,0.026000000536441803,0.026000000536441803,0,0.0,0.0
2016-10-17 00:00:00-04:00,0.026000000536441803,0.026000000536441803,0.026000000536441803,0.026000000536441803,0,0.0,0.0
2016-10-18 00:00:00-04:00,0.026000000536441803,0.026000000536441803,0.026000000536441803,0.026000000536441803,0,0.0,0.0
2016-10-19 00:00:00-04:00,0.026000000536441803,0.026000000536441803,0.026000000536441803,0.026000000536441803,0,0.0,0.0
2016-10-20 00:00:00-04:00,0.02500000037252903,0.025100000202655792,0.02500000037252903,0.025100000202655792,10010,0.0,0.0
2016-10-21 00:00:00-04:00,0.025100000202655792,0.025100000202655792,0.025100000202655792,0.025100000202655792,0,0.0,0.0
2016-10-24 00:00:00-04:00,0.025100000202655792,0.025100000202655792,0.025100000202655792,0.025100000202655792,0,0.0,0.0
2016-10-25 00:00:00-04:00,0.02500000037252903,0.025100000202655792,0.02500000037252903,0.025100000202655792,10000,0.0,0.0
2016-10-26 00:00:00-04:00,0.025100000202655792,0.025100000202655792,0.025100000202655792,0.025100000202655792,0,0.0,0.0
2016-10-27 00:00:00-04:00,0.025100000202655792,0.025100000202655792,0.025100000202655792,0.025100000202655792,0,0.0,0.0
2016-10-28 00:00:00-04:00,0.025100000202655792,0.025100000202655792,0.025100000202655792,0.025100000202655792,0,0.0,0.0
2016-10-31 00:00:00-04:00,0.025100000202655792,0.025100000202655792,0.025100000202655792,0.025100000202655792,0,0.0,0.0
2016-11-01 00:00:00-04:00,0.02500000037252903,0.02500000037252903,0.02500000037252903,0.02500000037252903,700,0.0,0.0
2016-11-02 00:00:00-04:00,0.02500000037252903,0.02500000037252903,0.02500000037252903,0.02500000037252903,0,0.0,0.0
2016-11-03 00:00:00-04:00,0.02500000037252903,0.02500000037252903,0.02500000037252903,0.02500000037252903,0,0.0,0.0
2016-11-04 00:00:00-04:00,0.02500000037252903,0.02500000037252903,0.02500000037252903,0.02500000037252903,0,0.0,0.0
2016-11-07 00:00:00-05:00,0.026000000536441803,0.026000000536441803,0.02500000037252903,0.02500000037252903,3205,0.0,0.0
2016-11-08 00:00:00-05:00,0.02500000037252903,0.02500000037252903,0.02500000037252903,0.02500000037252903,0,0.0,0.0
2016-11-09 00:00:00-05:00,0.02500000037252903,0.02500000037252903,0.02500000037252903,0.02500000037252903,0,0.0,0.0
2016-11-10 00:00:00-05:00,0.02500000037252903,0.02500000037252903,0.02500000037252903,0.02500000037252903,0,0.0,0.0
2016-11-11 00:00:00-05:00,0.02500000037252903,0.02500000037252903,0.02500000037252903,0.02500000037252903,0,0.0,0.0
2016-11-14 00:00:00-05:00,0.02500000037252903,0.02500000037252903,0.02500000037252903,0.02500000037252903,0,0.0,0.0
2016-11-15 00:00:00-05:00,0.028219999745488167,0.028219999745488167,0.028219999745488167,0.028219999745488167,100,0.0,0.0
2016-11-16 00:00:00-05:00,0.028219999745488167,0.028219999745488167,0.028219999745488167,0.028219999745488167,0,0.0,0.0
2016-11-17 00:00:00-05:00,0.028219999745488167,0.028219999745488167,0.028219999745488167,0.028219999745488167,0,0.0,0.0
2016-11-18 00:00:00-05:00,0.028219999745488167,0.028219999745488167,0.028219999745488167,0.028219999745488167,0,0.0,0.0
2016-11-21 00:00:00-05:00,0.028219999745488167,0.028219999745488167,0.028219999745488167,0.028219999745488167,0,0.0,0.0
2016-11-22 00:00:00-05:00,0.028219999745488167,0.028219999745488167,0.028219999745488167,0.028219999745488167,0,0.0,0.0
2016-11-23 00:00:00-05:00,0.03200000151991844,0.03200000151991844,0.02500000037252903,0.02500000037252903,6200,0.0,0.0
2016-11-25 00:00:00-05:00,0.02500000037252903,0.02500000037252903,0.02500000037252903,0.02500000037252903,0,0.0,0.0
2016-11-28 00:00:00-05:00,0.02500000037252903,0.02500000037252903,0.02500000037252903,0.02500000037252903,100,0.0,0.0
2016-11-29 00:00:00-05:00,0.02500000037252903,0.02500000037252903,0.02500000037252903,0.02500000037252903,0,0.0,0.0
2016-11-30 00:00:00-05:00,0.02500000037252903,0.02500000037252903,0.02500000037252903,0.02500000037252903,0,0.0,0.0
2016-12-01 00:00:00-05:00,0.02500000037252903,0.02500000037252903,0.02500000037252903,0.02500000037252903,0,0.0,0.0
2016-12-02 00:00:00-05:00,0.02500000037252903,0.02500000037252903,0.02500000037252903,0.02500000037252903,0,0.0,0.0
2016-12-05 00:00:00-05:00,0.02500000037252903,0.028219999745488167,0.02500000037252903,0.028219999745488167,450,0.0,0.0
2016-12-06 00:00:00-05:00,0.028219999745488167,0.028219999745488167,0.028219999745488167,0.028219999745488167,0,0.0,0.0
2016-12-07 00:00:00-05:00,0.028219999745488167,0.028219999745488167,0.028219999745488167,0.028219999745488167,0,0.0,0.0
2016-12-08 00:00:00-05:00,0.028219999745488167,0.028219999745488167,0.028219999745488167,0.028219999745488167,0,0.0,0.0
2016-12-09 00:00:00-05:00,0.028219999745488167,0.028219999745488167,0.028219999745488167,0.028219999745488167,0,0.0,0.0
2016-12-12 00:00:00-05:00,0.028219999745488167,0.028219999745488167,0.028219999745488167,0.028219999745488167,0,0.0,0.0
2016-12-13 00:00:00-05:00,0.028219999745488167,0.028219999745488167,0.02500000037252903,0.02500000037252903,500,0.0,0.0
2016-12-14 00:00:00-05:00,0.02500000037252903,0.02500000037252903,0.02500000037252903,0.02500000037252903,0,0.0,0.0
2016-12-15 00:00:00-05:00,0.02500000037252903,0.02500000037252903,0.02500000037252903,0.02500000037252903,0,0.0,0.0
2016-12-16 00:00:00-05:00,0.02500000037252903,0.02500000037252903,0.02500000037252903,0.02500000037252903,0,0.0,0.0
2016-12-19 00:00:00-05:00,0.02500000037252903,0.02500000037252903,0.02500000037252903,0.02500000037252903,250,0.0,0.0
2016-12-20 00:00:00-05:00,0.02500000037252903,0.02500000037252903,0.02500000037252903,0.02500000037252903,0,0.0,0.0
2016-12-21 00:00:00-05:00,0.02500000037252903,0.02500000037252903,0.02500000037252903,0.02500000037252903,0,0.0,0.0
2016-12-22 00:00:00-05:00,0.02500000037252903,0.02500000037252903,0.02500000037252903,0.02500000037252903,0,0.0,0.0
2016-12-23 00:00:00-05:00,0.02500000037252903,0.02500000037252903,0.02500000037252903,0.02500000037252903,0,0.0,0.0
2016-12-27 00:00:00-05:00,0.02500000037252903,0.02500000037252903,0.02500000037252903,0.02500000037252903,200,0.0,0.0
2016-12-28 00:00:00-05:00,0.02500000037252903,0.02500000037252903,0.02500000037252903,0.02500000037252903,5101,0.0,0.0
2016-12-29 00:00:00-05:00,0.03200000151991844,0.03200000151991844,0.02500000037252903,0.02500000037252903,365,0.0,0.0
2016-12-30 00:00:00-05:00,0.039000000804662704,0.039000000804662704,0.039000000804662704,0.039000000804662704,1200,0.0,0.0
2017-01-03 00:00:00-05:00,0.039000000804662704,0.039000000804662704,0.039000000804662704,0.039000000804662704,0,0.0,0.0
2017-01-04 00:00:00-05:00,0.039000000804662704,0.039000000804662704,0.039000000804662704,0.039000000804662704,0,0.0,0.0
2017-01-05 00:00:00-05:00,0.039000000804662704,0.039000000804662704,0.039000000804662704,0.039000000804662704,0,0.0,0.0
2017-01-06 00:00:00-05:00,0.039000000804662704,0.039000000804662704,0.039000000804662704,0.039000000804662704,0,0.0,0.0
2017-01-09 00:00:00-05:00,0.039000000804662704,0.039000000804662704,0.039000000804662704,0.039000000804662704,0,0.0,0.0
2017-01-10 00:00:00-05:00,0.039000000804662704,0.039000000804662704,0.039000000804662704,0.039000000804662704,0,0.0,0.0
2017-01-11 00:00:00-05:00,0.039000000804662704,0.039000000804662704,0.039000000804662704,0.039000000804662704,0,0.0,0.0
2017-01-12 00:00:00-05:00,0.039000000804662704,0.039000000804662704,0.039000000804662704,0.039000000804662704,0,0.0,0.0
2017-01-13 00:00:00-05:00,0.039000000804662704,0.039000000804662704,0.039000000804662704,0.039000000804662704,0,0.0,0.0
2017-01-17 00:00:00-05:00,0.039000000804662704,0.039000000804662704,0.039000000804662704,0.039000000804662704,0,0.0,0.0
2017-01-18 00:00:00-05:00,0.039000000804662704,0.039000000804662704,0.039000000804662704,0.039000000804662704,0,0.0,0.0
2017-01-19 00:00:00-05:00,0.028219999745488167,0.028219999745488167,0.028219999745488167,0.028219999745488167,7400,0.0,0.0
2017-01-20 00:00:00-05:00,0.028219999745488167,0.028219999745488167,0.028219999745488167,0.028219999745488167,0,0.0,0.0
2017-01-23 00:00:00-05:00,0.028219999745488167,0.028219999745488167,0.028219999745488167,0.028219999745488167,0,0.0,0.0
2017-01-24 00:00:00-05:00,0.02500000037252903,0.02500000037252903,0.02500000037252903,0.02500000037252903,550,0.0,0.0
2017-01-25 00:00:00-05:00,0.02500000037252903,0.02500000037252903,0.02500000037252903,0.02500000037252903,0,0.0,0.0
2017-01-26 00:00:00-05:00,0.02500000037252903,0.02500000037252903,0.02500000037252903,0.02500000037252903,0,0.0,0.0
2017-01-27 00:00:00-05:00,0.02500000037252903,0.02500000037252903,0.02500000037252903,0.02500000037252903,0,0.0,0.0
2017-01-30 00:00:00-05:00,0.02500000037252903,0.02500000037252903,0.02500000037252903,0.02500000037252903,0,0.0,0.0
2017-01-31 00:00:00-05:00,0.02500000037252903,0.02500000037252903,0.02500000037252903,0.02500000037252903,0,0.0,0.0
2017-02-01 00:00:00-05:00,0.025100000202655792,0.025100000202655792,0.025100000202655792,0.025100000202655792,143,0.0,0.0
2017-02-02 00:00:00-05:00,0.02500000037252903,0.026000000536441803,0.02500000037252903,0.026000000536441803,300,0.0,0.0
2017-02-03 00:00:00-05:00,0.026000000536441803,0.026000000536441803,0.026000000536441803,0.026000000536441803,0,0.0,0.0
2017-02-06 00:00:00-05:00,0.026000000536441803,0.026000000536441803,0.026000000536441803,0.026000000536441803,0,0.0,0.0
2017-02-07 00:00:00-05:00,0.026000000536441803,0.026000000536441803,0.026000000536441803,0.026000000536441803,0,0.0,0.0
2017-02-08 00:00:00-05:00,0.026000000536441803,0.026000000536441803,0.026000000536441803,0.026000000536441803,0,0.0,0.0
2017-02-09 00:00:00-05:00,0.02500000037252903,0.02500000037252903,0.02500000037252903,0.02500000037252903,2000,0.0,0.0
2017-02-10 00:00:00-05:00,0.028219999745488167,0.028219999745488167,0.028219999745488167,0.028219999745488167,100,0.0,0.0
2017-02-13 00:00:00-05:00,0.028219999745488167,0.028219999745488167,0.028219999745488167,0.028219999745488167,0,0.0,0.0
2017-02-14 00:00:00-05:00,0.028219999745488167,0.028219999745488167,0.028219999745488167,0.028219999745488167,0,0.0,0.0
2017-02-15 00:00:00-05:00,0.028219999745488167,0.028219999745488167,0.028219999745488167,0.028219999745488167,0,0.0,0.0
2017-02-16 00:00:00-05:00,0.02500000037252903,0.02500000037252903,0.02500000037252903,0.02500000037252903,500,0.0,0.0
2017-02-17 00:00:00-05:00,0.02500000037252903,0.02500000037252903,0.02500000037252903,0.02500000037252903,0,0.0,0.0
2017-02-21 00:00:00-05:00,0.02500000037252903,0.02500000037252903,0.02500000037252903,0.02500000037252903,0,0.0,0.0
2017-02-22 00:00:00-05:00,0.02500000037252903,0.02500000037252903,0.02500000037252903,0.02500000037252903,0,0.0,0.0
2017-02-23 00:00:00-05:00,0.02500000037252903,0.02500000037252903,0.02500000037252903,0.02500000037252903,0,0.0,0.0
2017-02-24 00:00:00-05:00,0.02500000037252903,0.02500000037252903,0.02500000037252903,0.02500000037252903,0,0.0,0.0
2017-02-27 00:00:00-05:00,0.02500000037252903,0.02500000037252903,0.02500000037252903,0.02500000037252903,0,0.0,0.0
2017-02-28 00:00:00-05:00,0.02500000037252903,0.02500000037252903,0.02500000037252903,0.02500000037252903,0,0.0,0.0
2017-03-01 00:00:00-05:00,0.02500000037252903,0.02500000037252903,0.02500000037252903,0.02500000037252903,0,0.0,0.0
2017-03-02 00:00:00-05:00,0.02500000037252903,0.025100000202655792,0.02500000037252903,0.025100000202655792,5520,0.0,0.0
2017-03-03 00:00:00-05:00,0.02500000037252903,0.025100000202655792,0.02500000037252903,0.025100000202655792,218,0.0,0.0
2017-03-06 00:00:00-05:00,0.025100000202655792,0.025100000202655792,0.025100000202655792,0.025100000202655792,0,0.0,0.0
2017-03-07 00:00:00-05:00,0.025100000202655792,0.025100000202655792,0.025100000202655792,0.025100000202655792,0,0.0,0.0
2017-03-08 00:00:00-05:00,0.02500000037252903,0.02500000037252903,0.02500000037252903,0.02500000037252903,1220,0.0,0.0
2017-03-09 00:00:00-05:00,0.02500000037252903,0.02500000037252903,0.02500000037252903,0.02500000037252903,0,0.0,0.0
2017-03-10 00:00:00-05:00,0.02500000037252903,0.02500000037252903,0.02500000037252903,0.02500000037252903,0,0.0,0.0
2017-03-13 00:00:00-04:00,0.02500000037252903,0.02500000037252903,0.02500000037252903,0.02500000037252903,0,0.0,0.0
2017-03-14 00:00:00-04:00,0.02500000037252903,0.02500000037252903,0.02500000037252903,0.02500000037252903,0,0.0,0.0
2017-03-15 00:00:00-04:00,0.02500000037252903,0.02500000037252903,0.02500000037252903,0.02500000037252903,0,0.0,0.0
2017-03-16 00:00:00-04:00,0.02500000037252903,0.02500000037252903,0.02500000037252903,0.02500000037252903,0,0.0,0.0
2017-03-17 00:00:00-04:00,0.02500000037252903,0.02500000037252903,0.02500000037252903,0.02500000037252903,0,0.0,0.0
2017-03-20 00:00:00-04:00,0.02500000037252903,0.02500000037252903,0.02500000037252903,0.02500000037252903,0,0.0,0.0
2017-03-21 00:00:00-04:00,0.02500000037252903,0.02500000037252903,0.02500000037252903,0.02500000037252903,0,0.0,0.0
2017-03-22 00:00:00-04:00,0.028219999745488167,0.028219999745488167,0.028219999745488167,0.028219999745488167,200,0.0,0.0
2017-03-23 00:00:00-04:00,0.028219999745488167,0.028219999745488167,0.028219999745488167,0.028219999745488167,0,0.0,0.0
2017-03-24 00:00:00-04:00,0.028219999745488167,0.028219999745488167,0.028219999745488167,0.028219999745488167,0,0.0,0.0
2017-03-27 00:00:00-04:00,0.028219999745488167,0.028219999745488167,0.028219999745488167,0.028219999745488167,0,0.0,0.0
2017-03-28 00:00:00-04:00,0.028219999745488167,0.028219999745488167,0.028219999745488167,0.028219999745488167,0,0.0,0.0
2017-03-29 00:00:00-04:00,0.028219999745488167,0.028219999745488167,0.028219999745488167,0.028219999745488167,0,0.0,0.0
2017-03-30 00:00:00-04:00,0.028219999745488167,0.028219999745488167,0.028219999745488167,0.028219999745488167,0,0.0,0.0
2017-03-31 00:00:00-04:00,0.028219999745488167,0.028219999745488167,0.028219999745488167,0.028219999745488167,0,0.0,0.0
2017-04-03 00:00:00-04:00,0.028219999745488167,0.028219999745488167,0.028219999745488167,0.028219999745488167,0,0.0,0.0
2017-04-04 00:00:00-04:00,0.028219999745488167,0.028219999745488167,0.028219999745488167,0.028219999745488167,0,0.0,0.0
2017-04-05 00:00:00-04:00,0.028219999745488167,0.028219999745488167,0.028219999745488167,0.028219999745488167,0,0.0,0.0
2017-04-06 00:00:00-04:00,0.028219999745488167,0.028219999745488167,0.028219999745488167,0.028219999745488167,0,0.0,0.0
2017-04-07 00:00:00-04:00,0.028219999745488167,0.028219999745488167,0.028219999745488167,0.028219999745488167,0,0.0,0.0
2017-04-10 00:00:00-04:00,0.028219999745488167,0.028219999745488167,0.028219999745488167,0.028219999745488167,0,0.0,0.0
2017-04-11 00:00:00-04:00,0.028219999745488167,0.028219999745488167,0.028219999745488167,0.028219999745488167,0,0.0,0.0
2017-04-12 00:00:00-04:00,0.028219999745488167,0.028219999745488167,0.028219999745488167,0.028219999745488167,0,0.0,0.0
2017-04-13 00:00:00-04:00,0.028219999745488167,0.028219999745488167,0.028219999745488167,0.028219999745488167,0,0.0,0.0
2017-04-17 00:00:00-04:00,0.028219999745488167,0.028219999745488167,0.028219999745488167,0.028219999745488167,0,0.0,0.0
2017-04-18 00:00:00-04:00,0.028219999745488167,0.028219999745488167,0.028219999745488167,0.028219999745488167,0,0.0,0.0
2017-04-19 00:00:00-04:00,0.028219999745488167,0.028219999745488167,0.028219999745488167,0.028219999745488167,0,0.0,0.0
2017-04-20 00:00:00-04:00,0.02500000037252903,0.02500000037252903,0.02500000037252903,0.02500000037252903,100,0.0,0.0
2017-04-21 00:00:00-04:00,0.02500000037252903,0.02500000037252903,0.02500000037252903,0.02500000037252903,0,0.0,0.0
2017-04-24 00:00:00-04:00,0.02500000037252903,0.02500000037252903,0.02500000037252903,0.02500000037252903,0,0.0,0.0
2017-04-25 00:00:00-04:00,0.02500000037252903,0.02500000037252903,0.02500000037252903,0.02500000037252903,0,0.0,0.0
2017-04-26 00:00:00-04:00,0.02500000037252903,0.02500000037252903,0.02500000037252903,0.02500000037252903,1000,0.0,0.0
2017-04-27 00:00:00-04:00,0.02500000037252903,0.02500000037252903,0.02500000037252903,0.02500000037252903,0,0.0,0.0
2017-04-28 00:00:00-04:00,0.02500000037252903,0.02500000037252903,0.02500000037252903,0.02500000037252903,0,0.0,0.0
2017-05-01 00:00:00-04:00,0.02500000037252903,0.02500000037252903,0.02500000037252903,0.02500000037252903,0,0.0,0.0
2017-05-02 00:00:00-04:00,0.02500000037252903,0.02500000037252903,0.02500000037252903,0.02500000037252903,0,0.0,0.0
2017-05-03 00:00:00-04:00,0.02500000037252903,0.02500000037252903,0.02500000037252903,0.02500000037252903,0,0.0,0.0
2017-05-04 00:00:00-04:00,0.02500000037252903,0.02500000037252903,0.02500000037252903,0.02500000037252903,0,0.0,0.0
2017-05-05 00:00:00-04:00,0.02500000037252903,0.02500000037252903,0.02500000037252903,0.02500000037252903,0,0.0,0.0
2017-05-08 00:00:00-04:00,0.02500000037252903,0.02500000037252903,0.02500000037252903,0.02500000037252903,700,0.0,0.0
2017-05-09 00:00:00-04:00,0.028219999745488167,0.028219999745488167,0.028219999745488167,0.028219999745488167,520,0.0,0.0
2017-05-10 00:00:00-04:00,0.02500000037252903,0.02500000037252903,0.02500000037252903,0.02500000037252903,0,0.0,0.0
2017-05-11 00:00:00-04:00,0.02500000037252903,0.02500000037252903,0.02500000037252903,0.02500000037252903,0,0.0,0.0
2017-05-12 00:00:00-04:00,0.03200000151991844,0.03200000151991844,0.01549999974668026,0.01549999974668026,36395,0.0,0.0
2017-05-15 00:00:00-04:00,0.01549999974668026,0.01549999974668026,0.01549999974668026,0.01549999974668026,0,0.0,0.0
2017-05-16 00:00:00-04:00,0.01549999974668026,0.01549999974668026,0.01549999974668026,0.01549999974668026,0,0.0,0.0
2017-05-17 00:00:00-04:00,0.01549999974668026,0.01549999974668026,0.01549999974668026,0.01549999974668026,0,0.0,0.0
2017-05-18 00:00:00-04:00,0.01549999974668026,0.01549999974668026,0.01549999974668026,0.01549999974668026,0,0.0,0.0
2017-05-19 00:00:00-04:00,0.01549999974668026,0.01549999974668026,0.01549999974668026,0.01549999974668026,0,0.0,0.0
2017-05-22 00:00:00-04:00,0.02525000087916851,0.02525000087916851,0.014999999664723873,0.014999999664723873,26595,0.0,0.0
2017-05-23 00:00:00-04:00,0.014999999664723873,0.014999999664723873,0.014999999664723873,0.014999999664723873,0,0.0,0.0
2017-05-24 00:00:00-04:00,0.014999999664723873,0.014999999664723873,0.014999999664723873,0.014999999664723873,0,0.0,0.0
2017-05-25 00:00:00-04:00,0.014999999664723873,0.014999999664723873,0.014999999664723873,0.014999999664723873,0,0.0,0.0
2017-05-26 00:00:00-04:00,0.014999999664723873,0.014999999664723873,0.014999999664723873,0.014999999664723873,0,0.0,0.0
2017-05-30 00:00:00-04:00,0.014999999664723873,0.014999999664723873,0.014999999664723873,0.014999999664723873,0,0.0,0.0
2017-05-31 00:00:00-04:00,0.014999999664723873,0.014999999664723873,0.014999999664723873,0.014999999664723873,0,0.0,0.0
2017-06-01 00:00:00-04:00,0.014999999664723873,0.014999999664723873,0.014999999664723873,0.014999999664723873,0,0.0,0.0
2017-06-02 00:00:00-04:00,0.014999999664723873,0.014999999664723873,0.014999999664723873,0.014999999664723873,0,0.0,0.0
2017-06-05 00:00:00-04:00,0.014999999664723873,0.014999999664723873,0.014999999664723873,0.014999999664723873,0,0.0,0.0
2017-06-06 00:00:00-04:00,0.014999999664723873,0.014999999664723873,0.014999999664723873,0.014999999664723873,0,0.0,0.0
2017-06-07 00:00:00-04:00,0.014999999664723873,0.014999999664723873,0.014999999664723873,0.014999999664723873,0,0.0,0.0
2017-06-08 00:00:00-04:00,0.014999999664723873,0.014999999664723873,0.014999999664723873,0.014999999664723873,0,0.0,0.0
2017-06-09 00:00:00-04:00,0.014999999664723873,0.014999999664723873,0.014999999664723873,0.014999999664723873,0,0.0,0.0
2017-06-12 00:00:00-04:00,0.014999999664723873,0.014999999664723873,0.014999999664723873,0.014999999664723873,0,0.0,0.0
2017-06-13 00:00:00-04:00,0.014999999664723873,0.014999999664723873,0.014999999664723873,0.014999999664723873,0,0.0,0.0
2017-06-14 00:00:00-04:00,0.014999999664723873,0.014999999664723873,0.014999999664723873,0.014999999664723873,0,0.0,0.0
2017-06-15 00:00:00-04:00,0.014999999664723873,0.014999999664723873,0.012000000104308128,0.012000000104308128,30189,0.0,0.0
2017-06-16 00:00:00-04:00,0.012000000104308128,0.012000000104308128,0.012000000104308128,0.012000000104308128,0,0.0,0.0
2017-06-19 00:00:00-04:00,0.012000000104308128,0.012000000104308128,0.012000000104308128,0.012000000104308128,0,0.0,0.0
2017-06-20 00:00:00-04:00,0.012000000104308128,0.012000000104308128,0.012000000104308128,0.012000000104308128,0,0.0,0.0
2017-06-21 00:00:00-04:00,0.0170499999076128,0.0170499999076128,0.014299999922513962,0.014299999922513962,440,0.0,0.0
2017-06-22 00:00:00-04:00,0.014299999922513962,0.014299999922513962,0.014299999922513962,0.014299999922513962,0,0.0,0.0
2017-06-23 00:00:00-04:00,0.014299999922513962,0.014299999922513962,0.014299999922513962,0.014299999922513962,0,0.0,0.0
2017-06-26 00:00:00-04:00,0.014299999922513962,0.014299999922513962,0.014299999922513962,0.014299999922513962,0,0.0,0.0
2017-06-27 00:00:00-04:00,0.014299999922513962,0.014299999922513962,0.014299999922513962,0.014299999922513962,0,0.0,0.0
2017-06-28 00:00:00-04:00,0.014299999922513962,0.014299999922513962,0.014299999922513962,0.014299999922513962,0,0.0,0.0
2017-06-29 00:00:00-04:00,0.014299999922513962,0.014299999922513962,0.014299999922513962,0.014299999922513962,0,0.0,0.0
2017-06-30 00:00:00-04:00,0.014299999922513962,0.014299999922513962,0.014299999922513962,0.014299999922513962,0,0.0,0.0
2017-07-03 00:00:00-04:00,0.014299999922513962,0.014299999922513962,0.014299999922513962,0.014299999922513962,0,0.0,0.0
2017-07-05 00:00:00-04:00,0.014299999922513962,0.014299999922513962,0.014299999922513962,0.014299999922513962,0,0.0,0.0
2017-07-06 00:00:00-04:00,0.014299999922513962,0.014299999922513962,0.014299999922513962,0.014299999922513962,0,0.0,0.0
2017-07-07 00:00:00-04:00,0.014299999922513962,0.014299999922513962,0.014299999922513962,0.014299999922513962,0,0.0,0.0
2017-07-10 00:00:00-04:00,0.014299999922513962,0.014299999922513962,0.014299999922513962,0.014299999922513962,0,0.0,0.0
2017-07-11 00:00:00-04:00,0.014299999922513962,0.014299999922513962,0.014299999922513962,0.014299999922513962,0,0.0,0.0
2017-07-12 00:00:00-04:00,0.014299999922513962,0.014299999922513962,0.014299999922513962,0.014299999922513962,0,0.0,0.0
2017-07-13 00:00:00-04:00,0.014299999922513962,0.014299999922513962,0.014299999922513962,0.014299999922513962,0,0.0,0.0
2017-07-14 00:00:00-04:00,0.014299999922513962,0.014299999922513962,0.014299999922513962,0.014299999922513962,0,0.0,0.0
2017-07-17 00:00:00-04:00,0.014299999922513962,0.014299999922513962,0.014299999922513962,0.014299999922513962,0,0.0,0.0
2017-07-18 00:00:00-04:00,0.014299999922513962,0.014299999922513962,0.014299999922513962,0.014299999922513962,0,0.0,0.0
2017-07-19 00:00:00-04:00,0.014299999922513962,0.014299999922513962,0.014299999922513962,0.014299999922513962,0,0.0,0.0
2017-07-20 00:00:00-04:00,0.0170499999076128,0.0170499999076128,0.017000000923871994,0.017000000923871994,200,0.0,0.0
2017-07-21 00:00:00-04:00,0.014299999922513962,0.014299999922513962,0.014299999922513962,0.014299999922513962,0,0.0,0.0
2017-07-24 00:00:00-04:00,0.014299999922513962,0.014299999922513962,0.014299999922513962,0.014299999922513962,0,0.0,0.0
2017-07-25 00:00:00-04:00,0.014299999922513962,0.014299999922513962,0.014299999922513962,0.014299999922513962,0,0.0,0.0
2017-07-26 00:00:00-04:00,0.014299999922513962,0.014299999922513962,0.014299999922513962,0.014299999922513962,0,0.0,0.0
2017-07-27 00:00:00-04:00,0.014299999922513962,0.014299999922513962,0.014299999922513962,0.014299999922513962,0,0.0,0.0
2017-07-28 00:00:00-04:00,0.014299999922513962,0.014299999922513962,0.014299999922513962,0.014299999922513962,0,0.0,0.0
2017-07-31 00:00:00-04:00,0.017000000923871994,0.017000000923871994,0.017000000923871994,0.017000000923871994,6491,0.0,0.0
2017-08-01 00:00:00-04:00,0.017000000923871994,0.017000000923871994,0.017000000923871994,0.017000000923871994,0,0.0,0.0
2017-08-02 00:00:00-04:00,0.017000000923871994,0.017000000923871994,0.017000000923871994,0.017000000923871994,0,0.0,0.0
2017-08-03 00:00:00-04:00,0.017000000923871994,0.017000000923871994,0.017000000923871994,0.017000000923871994,0,0.0,0.0
2017-08-04 00:00:00-04:00,0.017000000923871994,0.017000000923871994,0.017000000923871994,0.017000000923871994,0,0.0,0.0
2017-08-07 00:00:00-04:00,0.012000000104308128,0.013150000013411045,0.012000000104308128,0.013150000013411045,800,0.0,0.0
2017-08-08 00:00:00-04:00,0.01209999993443489,0.01209999993443489,0.01209999993443489,0.01209999993443489,500,0.0,0.0
2017-08-09 00:00:00-04:00,0.01209999993443489,0.01209999993443489,0.01209999993443489,0.01209999993443489,0,0.0,0.0
2017-08-10 00:00:00-04:00,0.01209999993443489,0.01209999993443489,0.01209999993443489,0.01209999993443489,0,0.0,0.0
2017-08-11 00:00:00-04:00,0.01209999993443489,0.01209999993443489,0.01209999993443489,0.01209999993443489,0,0.0,0.0
2017-08-14 00:00:00-04:00,0.01209999993443489,0.01209999993443489,0.01209999993443489,0.01209999993443489,0,0.0,0.0
2017-08-15 00:00:00-04:00,0.01209999993443489,0.01209999993443489,0.01209999993443489,0.01209999993443489,0,0.0,0.0
2017-08-16 00:00:00-04:00,0.01432000007480383,0.01432000007480383,0.01432000007480383,0.01432000007480383,19729,0.0,0.0
2017-08-17 00:00:00-04:00,0.01432000007480383,0.01432000007480383,0.01432000007480383,0.01432000007480383,0,0.0,0.0
2017-08-18 00:00:00-04:00,0.01432000007480383,0.01432000007480383,0.01432000007480383,0.01432000007480383,0,0.0,0.0
2017-08-21 00:00:00-04:00,0.01432000007480383,0.01432000007480383,0.01432000007480383,0.01432000007480383,0,0.0,0.0
2017-08-22 00:00:00-04:00,0.01432000007480383,0.01432000007480383,0.01432000007480383,0.01432000007480383,0,0.0,0.0
2017-08-23 00:00:00-04:00,0.01432000007480383,0.01432000007480383,0.01432000007480383,0.01432000007480383,0,0.0,0.0
2017-08-24 00:00:00-04:00,0.012000000104308128,0.012000000104308128,0.012000000104308128,0.012000000104308128,34030,0.0,0.0
2017-08-25 00:00:00-04:00,0.012000000104308128,0.012000000104308128,0.012000000104308128,0.012000000104308128,0,0.0,0.0
2017-08-28 00:00:00-04:00,0.012000000104308128,0.012000000104308128,0.012000000104308128,0.012000000104308128,0,0.0,0.0
2017-08-29 00:00:00-04:00,0.012000000104308128,0.012000000104308128,0.012000000104308128,0.012000000104308128,0,0.0,0.0
2017-08-30 00:00:00-04:00,0.012000000104308128,0.012000000104308128,0.012000000104308128,0.012000000104308128,0,0.0,0.0
2017-08-31 00:00:00-04:00,0.012000000104308128,0.012000000104308128,0.012000000104308128,0.012000000104308128,0,0.0,0.0
2017-09-01 00:00:00-04:00,0.012000000104308128,0.012000000104308128,0.012000000104308128,0.012000000104308128,0,0.0,0.0
2017-09-05 00:00:00-04:00,0.012000000104308128,0.012000000104308128,0.012000000104308128,0.012000000104308128,0,0.0,0.0
2017-09-06 00:00:00-04:00,0.013009999878704548,0.013009999878704548,0.013009999878704548,0.013009999878704548,150,0.0,0.0
2017-09-07 00:00:00-04:00,0.013009999878704548,0.013009999878704548,0.013009999878704548,0.013009999878704548,0,0.0,0.0
2017-09-08 00:00:00-04:00,0.013009999878704548,0.013009999878704548,0.013009999878704548,0.013009999878704548,0,0.0,0.0
2017-09-11 00:00:00-04:00,0.013009999878704548,0.013009999878704548,0.013009999878704548,0.013009999878704548,0,0.0,0.0
2017-09-12 00:00:00-04:00,0.013009999878704548,0.013009999878704548,0.013009999878704548,0.013009999878704548,0,0.0,0.0
2017-09-13 00:00:00-04:00,0.013009999878704548,0.013009999878704548,0.013009999878704548,0.013009999878704548,0,0.0,0.0
2017-09-14 00:00:00-04:00,0.013009999878704548,0.013009999878704548,0.013009999878704548,0.013009999878704548,0,0.0,0.0
2017-09-15 00:00:00-04:00,0.013009999878704548,0.013009999878704548,0.013009999878704548,0.013009999878704548,0,0.0,0.0
2017-09-18 00:00:00-04:00,0.013009999878704548,0.013009999878704548,0.013009999878704548,0.013009999878704548,0,0.0,0.0
2017-09-19 00:00:00-04:00,0.013009999878704548,0.013009999878704548,0.013009999878704548,0.013009999878704548,0,0.0,0.0
2017-09-20 00:00:00-04:00,0.013009999878704548,0.013009999878704548,0.013009999878704548,0.013009999878704548,0,0.0,0.0
2017-09-21 00:00:00-04:00,0.012000000104308128,0.012000000104308128,0.012000000104308128,0.012000000104308128,800,0.0,0.0
2017-09-22 00:00:00-04:00,0.012000000104308128,0.012000000104308128,0.012000000104308128,0.012000000104308128,0,0.0,0.0
2017-09-25 00:00:00-04:00,0.012000000104308128,0.012000000104308128,0.012000000104308128,0.012000000104308128,100,0.0,0.0
2017-09-26 00:00:00-04:00,0.012000000104308128,0.012000000104308128,0.012000000104308128,0.012000000104308128,0,0.0,0.0
2017-09-27 00:00:00-04:00,0.012000000104308128,0.012000000104308128,0.012000000104308128,0.012000000104308128,0,0.0,0.0
2017-09-28 00:00:00-04:00,0.012000000104308128,0.012000000104308128,0.012000000104308128,0.012000000104308128,0,0.0,0.0
2017-09-29 00:00:00-04:00,0.012000000104308128,0.012000000104308128,0.012000000104308128,0.012000000104308128,5400,0.0,0.0
2017-10-02 00:00:00-04:00,0.012000000104308128,0.012000000104308128,0.012000000104308128,0.012000000104308128,0,0.0,0.0
2017-10-03 00:00:00-04:00,0.012000000104308128,0.012000000104308128,0.012000000104308128,0.012000000104308128,0,0.0,0.0
2017-10-04 00:00:00-04:00,0.012000000104308128,0.012000000104308128,0.012000000104308128,0.012000000104308128,0,0.0,0.0
2017-10-05 00:00:00-04:00,0.012000000104308128,0.012000000104308128,0.012000000104308128,0.012000000104308128,0,0.0,0.0
2017-10-06 00:00:00-04:00,0.012000000104308128,0.012000000104308128,0.012000000104308128,0.012000000104308128,0,0.0,0.0
2017-10-09 00:00:00-04:00,0.012000000104308128,0.012000000104308128,0.012000000104308128,0.012000000104308128,0,0.0,0.0
2017-10-10 00:00:00-04:00,0.012000000104308128,0.012000000104308128,0.012000000104308128,0.012000000104308128,0,0.0,0.0
2017-10-11 00:00:00-04:00,0.012000000104308128,0.012000000104308128,0.012000000104308128,0.012000000104308128,0,0.0,0.0
2017-10-12 00:00:00-04:00,0.012000000104308128,0.012000000104308128,0.012000000104308128,0.012000000104308128,125,0.0,0.0
2017-10-13 00:00:00-04:00,0.012000000104308128,0.012000000104308128,0.012000000104308128,0.012000000104308128,0,0.0,0.0
2017-10-16 00:00:00-04:00,0.012000000104308128,0.012000000104308128,0.012000000104308128,0.012000000104308128,0,0.0,0.0
2017-10-17 00:00:00-04:00,0.012000000104308128,0.012000000104308128,0.012000000104308128,0.012000000104308128,0,0.0,0.0
2017-10-18 00:00:00-04:00,0.012000000104308128,0.012000000104308128,0.012000000104308128,0.012000000104308128,0,0.0,0.0
2017-10-19 00:00:00-04:00,0.013009999878704548,0.013009999878704548,0.013009999878704548,0.013009999878704548,550,0.0,0.0
2017-10-20 00:00:00-04:00,0.013009999878704548,0.013009999878704548,0.013009999878704548,0.013009999878704548,0,0.0,0.0
2017-10-23 00:00:00-04:00,0.013009999878704548,0.013009999878704548,0.013009999878704548,0.013009999878704548,0,0.0,0.0
2017-10-24 00:00:00-04:00,0.013009999878704548,0.013009999878704548,0.013009999878704548,0.013009999878704548,100,0.0,0.0
2017-10-25 00:00:00-04:00,0.012000000104308128,0.01209999993443489,0.012000000104308128,0.01209999993443489,12000,0.0,0.0
2017-10-26 00:00:00-04:00,0.01209999993443489,0.01209999993443489,0.01209999993443489,0.01209999993443489,0,0.0,0.0
2017-10-27 00:00:00-04:00,0.01209999993443489,0.01209999993443489,0.01209999993443489,0.01209999993443489,0,0.0,0.0
2017-10-30 00:00:00-04:00,0.012000000104308128,0.012000000104308128,0.012000000104308128,0.012000000104308128,5000,0.0,0.0
2017-10-31 00:00:00-04:00,0.012000000104308128,0.012000000104308128,0.012000000104308128,0.012000000104308128,100,0.0,0.0
2017-11-01 00:00:00-04:00,0.012000000104308128,0.012000000104308128,0.012000000104308128,0.012000000104308128,0,0.0,0.0
2017-11-02 00:00:00-04:00,0.012000000104308128,0.012000000104308128,0.012000000104308128,0.012000000104308128,0,0.0,0.0
2017-11-03 00:00:00-04:00,0.012000000104308128,0.012000000104308128,0.012000000104308128,0.012000000104308128,0,0.0,0.0
2017-11-06 00:00:00-05:00,0.012000000104308128,0.01209999993443489,0.012000000104308128,0.01209999993443489,430,0.0,0.0
2017-11-07 00:00:00-05:00,0.01432000007480383,0.01432000007480383,0.01432000007480383,0.01432000007480383,150,0.0,0.0
2017-11-08 00:00:00-05:00,0.01432000007480383,0.01432000007480383,0.01432000007480383,0.01432000007480383,0,0.0,0.0
2017-11-09 00:00:00-05:00,0.01432000007480383,0.01432000007480383,0.01432000007480383,0.01432000007480383,0,0.0,0.0
2017-11-10 00:00:00-05:00,0.01432000007480383,0.01432000007480383,0.01432000007480383,0.01432000007480383,0,0.0,0.0
2017-11-13 00:00:00-05:00,0.01432000007480383,0.01432000007480383,0.01432000007480383,0.01432000007480383,0,0.0,0.0
2017-11-14 00:00:00-05:00,0.01432000007480383,0.01432000007480383,0.01432000007480383,0.01432000007480383,0,0.0,0.0
2017-11-15 00:00:00-05:00,0.01432000007480383,0.01432000007480383,0.01432000007480383,0.01432000007480383,0,0.0,0.0
2017-11-16 00:00:00-05:00,0.01432000007480383,0.01432000007480383,0.01432000007480383,0.01432000007480383,0,0.0,0.0
2017-11-17 00:00:00-05:00,0.01432000007480383,0.01432000007480383,0.01432000007480383,0.01432000007480383,0,0.0,0.0
2017-11-20 00:00:00-05:00,0.01432000007480383,0.01432000007480383,0.01432000007480383,0.01432000007480383,0,0.0,0.0
2017-11-21 00:00:00-05:00,0.01432000007480383,0.01432000007480383,0.01432000007480383,0.01432000007480383,0,0.0,0.0
2017-11-22 00:00:00-05:00,0.01432000007480383,0.01432000007480383,0.01432000007480383,0.01432000007480383,0,0.0,0.0
2017-11-24 00:00:00-05:00,0.01432000007480383,0.01432000007480383,0.01432000007480383,0.01432000007480383,0,0.0,0.0
2017-11-27 00:00:00-05:00,0.01432000007480383,0.01432000007480383,0.01432000007480383,0.01432000007480383,0,0.0,0.0
2017-11-28 00:00:00-05:00,0.01432000007480383,0.01432000007480383,0.01432000007480383,0.01432000007480383,0,0.0,0.0
2017-11-29 00:00:00-05:00,0.01432000007480383,0.01432000007480383,0.01432000007480383,0.01432000007480383,0,0.0,0.0
2017-11-30 00:00:00-05:00,0.01432000007480383,0.01432000007480383,0.01432000007480383,0.01432000007480383,0,0.0,0.0
2017-12-01 00:00:00-05:00,0.01432000007480383,0.01432000007480383,0.01432000007480383,0.01432000007480383,0,0.0,0.0
2017-12-04 00:00:00-05:00,0.01432000007480383,0.01432000007480383,0.01432000007480383,0.01432000007480383,0,0.0,0.0
2017-12-05 00:00:00-05:00,0.01432000007480383,0.01432000007480383,0.01432000007480383,0.01432000007480383,0,0.0,0.0
2017-12-06 00:00:00-05:00,0.01432000007480383,0.01432000007480383,0.01432000007480383,0.01432000007480383,0,0.0,0.0
2017-12-07 00:00:00-05:00,0.01432000007480383,0.01432000007480383,0.01432000007480383,0.01432000007480383,0,0.0,0.0
2017-12-08 00:00:00-05:00,0.01432000007480383,0.01432000007480383,0.01432000007480383,0.01432000007480383,0,0.0,0.0
2017-12-11 00:00:00-05:00,0.01432000007480383,0.01432000007480383,0.01432000007480383,0.01432000007480383,0,0.0,0.0
2017-12-12 00:00:00-05:00,0.012000000104308128,0.012000000104308128,0.012000000104308128,0.012000000104308128,500,0.0,0.0
2017-12-13 00:00:00-05:00,0.012000000104308128,0.012000000104308128,0.012000000104308128,0.012000000104308128,0,0.0,0.0
2017-12-14 00:00:00-05:00,0.01432000007480383,0.01432000007480383,0.01432000007480383,0.01432000007480383,431,0.0,0.0
2017-12-15 00:00:00-05:00,0.012000000104308128,0.012000000104308128,0.012000000104308128,0.012000000104308128,630,0.0,0.0
2017-12-18 00:00:00-05:00,0.012000000104308128,0.012000000104308128,0.012000000104308128,0.012000000104308128,0,0.0,0.0
2017-12-19 00:00:00-05:00,0.012000000104308128,0.012000000104308128,0.012000000104308128,0.012000000104308128,0,0.0,0.0
2017-12-20 00:00:00-05:00,0.01432000007480383,0.01432000007480383,0.01432000007480383,0.01432000007480383,165,0.0,0.0
2017-12-21 00:00:00-05:00,0.012000000104308128,0.012000000104308128,0.012000000104308128,0.012000000104308128,430,0.0,0.0
2017-12-22 00:00:00-05:00,0.012000000104308128,0.012000000104308128,0.012000000104308128,0.012000000104308128,0,0.0,0.0
2017-12-26 00:00:00-05:00,0.012000000104308128,0.012000000104308128,0.012000000104308128,0.012000000104308128,0,0.0,0.0
2017-12-27 00:00:00-05:00,0.012000000104308128,0.012000000104308128,0.012000000104308128,0.012000000104308128,0,0.0,0.0
2017-12-28 00:00:00-05:00,0.012000000104308128,0.012000000104308128,0.012000000104308128,0.012000000104308128,100,0.0,0.0
2017-12-29 00:00:00-05:00,0.012000000104308128,0.012000000104308128,0.012000000104308128,0.012000000104308128,100,0.0,0.0
2018-01-02 00:00:00-05:00,0.012000000104308128,0.012000000104308128,0.012000000104308128,0.012000000104308128,3795,0.0,0.0
2018-01-03 00:00:00-05:00,0.012000000104308128,0.012000000104308128,0.012000000104308128,0.012000000104308128,100,0.0,0.0
2018-01-04 00:00:00-05:00,0.012000000104308128,0.012000000104308128,0.012000000104308128,0.012000000104308128,0,0.0,0.0
2018-01-05 00:00:00-05:00,0.012000000104308128,0.012000000104308128,0.012000000104308128,0.012000000104308128,0,0.0,0.0
2018-01-08 00:00:00-05:00,0.012000000104308128,0.012000000104308128,0.012000000104308128,0.012000000104308128,0,0.0,0.0
2018-01-09 00:00:00-05:00,0.012000000104308128,0.012000000104308128,0.012000000104308128,0.012000000104308128,0,0.0,0.0
2018-01-10 00:00:00-05:00,0.012000000104308128,0.012000000104308128,0.012000000104308128,0.012000000104308128,0,0.0,0.0
2018-01-11 00:00:00-05:00,0.012000000104308128,0.012000000104308128,0.012000000104308128,0.012000000104308128,0,0.0,0.0
2018-01-12 00:00:00-05:00,0.012000000104308128,0.012000000104308128,0.012000000104308128,0.012000000104308128,0,0.0,0.0
2018-01-16 00:00:00-05:00,0.012000000104308128,0.012000000104308128,0.012000000104308128,0.012000000104308128,5000,0.0,0.0
2018-01-17 00:00:00-05:00,0.012000000104308128,0.012000000104308128,0.012000000104308128,0.012000000104308128,0,0.0,0.0
2018-01-18 00:00:00-05:00,0.012000000104308128,0.012000000104308128,0.012000000104308128,0.012000000104308128,0,0.0,0.0
2018-01-19 00:00:00-05:00,0.012000000104308128,0.012000000104308128,0.012000000104308128,0.012000000104308128,0,0.0,0.0
2018-01-22 00:00:00-05:00,0.012000000104308128,0.012000000104308128,0.012000000104308128,0.012000000104308128,2000,0.0,0.0
2018-01-23 00:00:00-05:00,0.012000000104308128,0.012000000104308128,0.012000000104308128,0.012000000104308128,0,0.0,0.0
2018-01-24 00:00:00-05:00,0.012000000104308128,0.012000000104308128,0.012000000104308128,0.012000000104308128,100,0.0,0.0
2018-01-25 00:00:00-05:00,0.012000000104308128,0.012000000104308128,0.012000000104308128,0.012000000104308128,0,0.0,0.0
2018-01-26 00:00:00-05:00,0.012000000104308128,0.012000000104308128,0.012000000104308128,0.012000000104308128,0,0.0,0.0
2018-01-29 00:00:00-05:00,0.012000000104308128,0.012000000104308128,0.012000000104308128,0.012000000104308128,0,0.0,0.0
2018-01-30 00:00:00-05:00,0.012000000104308128,0.012000000104308128,0.012000000104308128,0.012000000104308128,0,0.0,0.0
2018-01-31 00:00:00-05:00,0.012000000104308128,0.012000000104308128,0.012000000104308128,0.012000000104308128,0,0.0,0.0
2018-02-01 00:00:00-05:00,0.012000000104308128,0.012000000104308128,0.012000000104308128,0.012000000104308128,140,0.0,0.0
2018-02-02 00:00:00-05:00,0.012000000104308128,0.012000000104308128,0.012000000104308128,0.012000000104308128,0,0.0,0.0
2018-02-05 00:00:00-05:00,0.012000000104308128,0.012000000104308128,0.012000000104308128,0.012000000104308128,0,0.0,0.0
2018-02-06 00:00:00-05:00,0.012000000104308128,0.012000000104308128,0.012000000104308128,0.012000000104308128,250,0.0,0.0
2018-02-07 00:00:00-05:00,0.012000000104308128,0.012000000104308128,0.012000000104308128,0.012000000104308128,0,0.0,0.0
2018-02-08 00:00:00-05:00,0.012000000104308128,0.012000000104308128,0.012000000104308128,0.012000000104308128,0,0.0,0.0
2018-02-09 00:00:00-05:00,0.012000000104308128,0.012000000104308128,0.012000000104308128,0.012000000104308128,0,0.0,0.0
2018-02-12 00:00:00-05:00,0.012000000104308128,0.012000000104308128,0.012000000104308128,0.012000000104308128,0,0.0,0.0
2018-02-13 00:00:00-05:00,0.012000000104308128,0.012000000104308128,0.012000000104308128,0.012000000104308128,0,0.0,0.0
2018-02-14 00:00:00-05:00,0.012000000104308128,0.012000000104308128,0.012000000104308128,0.012000000104308128,0,0.0,0.0
2018-02-15 00:00:00-05:00,0.012000000104308128,0.012000000104308128,0.012000000104308128,0.012000000104308128,200,0.0,0.0
2018-02-16 00:00:00-05:00,0.012000000104308128,0.012000000104308128,0.012000000104308128,0.012000000104308128,0,0.0,0.0
2018-02-20 00:00:00-05:00,0.012000000104308128,0.012000000104308128,0.012000000104308128,0.012000000104308128,0,0.0,0.0
2018-02-21 00:00:00-05:00,0.012000000104308128,0.012000000104308128,0.012000000104308128,0.012000000104308128,0,0.0,0.0
2018-02-22 00:00:00-05:00,0.012000000104308128,0.012000000104308128,0.012000000104308128,0.012000000104308128,0,0.0,0.0
2018-02-23 00:00:00-05:00,0.012000000104308128,0.012000000104308128,0.012000000104308128,0.012000000104308128,0,0.0,0.0
2018-02-26 00:00:00-05:00,0.012500000186264515,0.012600000016391277,0.012500000186264515,0.012600000016391277,18408,0.0,0.0
2018-02-27 00:00:00-05:00,0.012600000016391277,0.012600000016391277,0.012600000016391277,0.012600000016391277,0,0.0,0.0
2018-02-28 00:00:00-05:00,0.012600000016391277,0.012600000016391277,0.012600000016391277,0.012600000016391277,0,0.0,0.0
2018-03-01 00:00:00-05:00,0.012600000016391277,0.012600000016391277,0.012600000016391277,0.012600000016391277,0,0.0,0.0
2018-03-02 00:00:00-05:00,0.012600000016391277,0.012600000016391277,0.012600000016391277,0.012600000016391277,0,0.0,0.0
2018-03-05 00:00:00-05:00,0.012600000016391277,0.012600000016391277,0.012600000016391277,0.012600000016391277,0,0.0,0.0
2018-03-06 00:00:00-05:00,0.012600000016391277,0.012600000016391277,0.012600000016391277,0.012600000016391277,0,0.0,0.0
2018-03-07 00:00:00-05:00,0.012600000016391277,0.012600000016391277,0.012600000016391277,0.012600000016391277,0,0.0,0.0
2018-03-08 00:00:00-05:00,0.012600000016391277,0.012600000016391277,0.012600000016391277,0.012600000016391277,0,0.0,0.0
2018-03-09 00:00:00-05:00,0.012600000016391277,0.012600000016391277,0.012600000016391277,0.012600000016391277,0,0.0,0.0
2018-03-12 00:00:00-04:00,0.012600000016391277,0.012600000016391277,0.012600000016391277,0.012600000016391277,0,0.0,0.0
2018-03-13 00:00:00-04:00,0.012600000016391277,0.012600000016391277,0.012600000016391277,0.012600000016391277,0,0.0,0.0
2018-03-14 00:00:00-04:00,0.012600000016391277,0.012600000016391277,0.012600000016391277,0.012600000016391277,0,0.0,0.0
2018-03-15 00:00:00-04:00,0.012600000016391277,0.012600000016391277,0.012600000016391277,0.012600000016391277,0,0.0,0.0
2018-03-16 00:00:00-04:00,0.012600000016391277,0.012600000016391277,0.012600000016391277,0.012600000016391277,0,0.0,0.0
2018-03-19 00:00:00-04:00,0.012600000016391277,0.012600000016391277,0.012600000016391277,0.012600000016391277,0,0.0,0.0
2018-03-20 00:00:00-04:00,0.012600000016391277,0.012600000016391277,0.012600000016391277,0.012600000016391277,0,0.0,0.0
2018-03-21 00:00:00-04:00,0.012600000016391277,0.012600000016391277,0.012600000016391277,0.012600000016391277,0,0.0,0.0
2018-03-22 00:00:00-04:00,0.012600000016391277,0.012600000016391277,0.012600000016391277,0.012600000016391277,0,0.0,0.0
2018-03-23 00:00:00-04:00,0.012600000016391277,0.012600000016391277,0.012600000016391277,0.012600000016391277,0,0.0,0.0
2018-03-26 00:00:00-04:00,0.012600000016391277,0.012600000016391277,0.012600000016391277,0.012600000016391277,0,0.0,0.0
2018-03-27 00:00:00-04:00,0.012600000016391277,0.012600000016391277,0.012600000016391277,0.012600000016391277,0,0.0,0.0
2018-03-28 00:00:00-04:00,0.012600000016391277,0.012600000016391277,0.012600000016391277,0.012600000016391277,0,0.0,0.0
2018-03-29 00:00:00-04:00,0.012600000016391277,0.012600000016391277,0.012600000016391277,0.012600000016391277,0,0.0,0.0
2018-04-02 00:00:00-04:00,0.012600000016391277,0.012600000016391277,0.012600000016391277,0.012600000016391277,0,0.0,0.0
2018-04-03 00:00:00-04:00,0.012600000016391277,0.012600000016391277,0.012600000016391277,0.012600000016391277,0,0.0,0.0
2018-04-04 00:00:00-04:00,0.012600000016391277,0.012600000016391277,0.012600000016391277,0.012600000016391277,0,0.0,0.0
2018-04-05 00:00:00-04:00,0.012600000016391277,0.012600000016391277,0.012600000016391277,0.012600000016391277,0,0.0,0.0
2018-04-06 00:00:00-04:00,0.012600000016391277,0.012600000016391277,0.012600000016391277,0.012600000016391277,0,0.0,0.0
2018-04-09 00:00:00-04:00,0.012600000016391277,0.012600000016391277,0.012600000016391277,0.012600000016391277,0,0.0,0.0
2018-04-10 00:00:00-04:00,0.012000000104308128,0.012000000104308128,0.012000000104308128,0.012000000104308128,2010,0.0,0.0
2018-04-11 00:00:00-04:00,0.012000000104308128,0.012000000104308128,0.012000000104308128,0.012000000104308128,0,0.0,0.0
2018-04-12 00:00:00-04:00,0.012000000104308128,0.012000000104308128,0.012000000104308128,0.012000000104308128,0,0.0,0.0
2018-04-13 00:00:00-04:00,0.012000000104308128,0.012000000104308128,0.012000000104308128,0.012000000104308128,0,0.0,0.0
2018-04-16 00:00:00-04:00,0.012000000104308128,0.012000000104308128,0.012000000104308128,0.012000000104308128,0,0.0,0.0
2018-04-17 00:00:00-04:00,0.012000000104308128,0.012000000104308128,0.012000000104308128,0.012000000104308128,0,0.0,0.0
2018-04-18 00:00:00-04:00,0.012000000104308128,0.012000000104308128,0.012000000104308128,0.012000000104308128,0,0.0,0.0
2018-04-19 00:00:00-04:00,0.012000000104308128,0.012000000104308128,0.012000000104308128,0.012000000104308128,0,0.0,0.0
2018-04-20 00:00:00-04:00,0.012000000104308128,0.012000000104308128,0.012000000104308128,0.012000000104308128,0,0.0,0.0
2018-04-23 00:00:00-04:00,0.012000000104308128,0.012000000104308128,0.012000000104308128,0.012000000104308128,0,0.0,0.0
2018-04-24 00:00:00-04:00,0.012000000104308128,0.012000000104308128,0.012000000104308128,0.012000000104308128,0,0.0,0.0
2018-04-25 00:00:00-04:00,0.012000000104308128,0.012000000104308128,0.012000000104308128,0.012000000104308128,0,0.0,0.0
2018-04-26 00:00:00-04:00,0.012000000104308128,0.012000000104308128,0.012000000104308128,0.012000000104308128,0,0.0,0.0
2018-04-27 00:00:00-04:00,0.012000000104308128,0.012000000104308128,0.012000000104308128,0.012000000104308128,0,0.0,0.0
2018-04-30 00:00:00-04:00,0.012000000104308128,0.012000000104308128,0.012000000104308128,0.012000000104308128,0,0.0,0.0
2018-05-01 00:00:00-04:00,0.012000000104308128,0.012000000104308128,0.012000000104308128,0.012000000104308128,0,0.0,0.0
2018-05-02 00:00:00-04:00,0.012000000104308128,0.012000000104308128,0.012000000104308128,0.012000000104308128,550,0.0,0.0
2018-05-03 00:00:00-04:00,0.012000000104308128,0.012000000104308128,0.012000000104308128,0.012000000104308128,0,0.0,0.0
2018-05-04 00:00:00-04:00,0.012000000104308128,0.012000000104308128,0.012000000104308128,0.012000000104308128,0,0.0,0.0
2018-05-07 00:00:00-04:00,0.012000000104308128,0.012000000104308128,0.012000000104308128,0.012000000104308128,0,0.0,0.0
2018-05-08 00:00:00-04:00,0.012000000104308128,0.012000000104308128,0.012000000104308128,0.012000000104308128,0,0.0,0.0
2018-05-09 00:00:00-04:00,0.012000000104308128,0.012000000104308128,0.012000000104308128,0.012000000104308128,0,0.0,0.0
2018-05-10 00:00:00-04:00,0.012000000104308128,0.012000000104308128,0.012000000104308128,0.012000000104308128,0,0.0,0.0
2018-05-11 00:00:00-04:00,0.012000000104308128,0.012000000104308128,0.012000000104308128,0.012000000104308128,0,0.0,0.0
2018-05-14 00:00:00-04:00,0.012000000104308128,0.012000000104308128,0.012000000104308128,0.012000000104308128,0,0.0,0.0
2018-05-15 00:00:00-04:00,0.012000000104308128,0.012000000104308128,0.012000000104308128,0.012000000104308128,0,0.0,0.0
2018-05-16 00:00:00-04:00,0.012000000104308128,0.012000000104308128,0.012000000104308128,0.012000000104308128,0,0.0,0.0
2018-05-17 00:00:00-04:00,0.012000000104308128,0.012000000104308128,0.012000000104308128,0.012000000104308128,0,0.0,0.0
2018-05-18 00:00:00-04:00,0.024000000208616257,0.024000000208616257,0.024000000208616257,0.024000000208616257,1800,0.0,0.0
2018-05-21 00:00:00-04:00,0.024000000208616257,0.024000000208616257,0.024000000208616257,0.024000000208616257,0,0.0,0.0
2018-05-22 00:00:00-04:00,0.024000000208616257,0.024000000208616257,0.024000000208616257,0.024000000208616257,0,0.0,0.0
2018-05-23 00:00:00-04:00,0.024000000208616257,0.024000000208616257,0.024000000208616257,0.024000000208616257,0,0.0,0.0
2018-05-24 00:00:00-04:00,0.012000000104308128,0.012000000104308128,0.012000000104308128,0.012000000104308128,245,0.0,0.0
2018-05-25 00:00:00-04:00,0.012000000104308128,0.012000000104308128,0.012000000104308128,0.012000000104308128,0,0.0,0.0
2018-05-29 00:00:00-04:00,0.012000000104308128,0.012000000104308128,0.012000000104308128,0.012000000104308128,0,0.0,0.0
2018-05-30 00:00:00-04:00,0.012000000104308128,0.012000000104308128,0.012000000104308128,0.012000000104308128,0,0.0,0.0
2018-05-31 00:00:00-04:00,0.012000000104308128,0.012000000104308128,0.012000000104308128,0.012000000104308128,0,0.0,0.0
2018-06-01 00:00:00-04:00,0.012000000104308128,0.012000000104308128,0.012000000104308128,0.012000000104308128,0,0.0,0.0
2018-06-04 00:00:00-04:00,0.012000000104308128,0.012000000104308128,0.012000000104308128,0.012000000104308128,0,0.0,0.0
2018-06-05 00:00:00-04:00,0.012000000104308128,0.012000000104308128,0.012000000104308128,0.012000000104308128,0,0.0,0.0
2018-06-06 00:00:00-04:00,0.012000000104308128,0.012000000104308128,0.012000000104308128,0.012000000104308128,0,0.0,0.0
2018-06-07 00:00:00-04:00,0.012000000104308128,0.012000000104308128,0.012000000104308128,0.012000000104308128,0,0.0,0.0
2018-06-08 00:00:00-04:00,0.012109999544918537,0.012109999544918537,0.012000000104308128,0.012000000104308128,200,0.0,0.0
2018-06-11 00:00:00-04:00,0.012000000104308128,0.012000000104308128,0.012000000104308128,0.012000000104308128,0,0.0,0.0
2018-06-12 00:00:00-04:00,0.012000000104308128,0.012000000104308128,0.012000000104308128,0.012000000104308128,0,0.0,0.0
2018-06-13 00:00:00-04:00,0.012000000104308128,0.012000000104308128,0.012000000104308128,0.012000000104308128,0,0.0,0.0
2018-06-14 00:00:00-04:00,0.012000000104308128,0.012000000104308128,0.012000000104308128,0.012000000104308128,0,0.0,0.0
2018-06-15 00:00:00-04:00,0.012000000104308128,0.012000000104308128,0.012000000104308128,0.012000000104308128,0,0.0,0.0
2018-06-18 00:00:00-04:00,0.012000000104308128,0.012000000104308128,0.012000000104308128,0.012000000104308128,10080,0.0,0.0
2018-06-19 00:00:00-04:00,0.012000000104308128,0.012000000104308128,0.012000000104308128,0.012000000104308128,0,0.0,0.0
2018-06-20 00:00:00-04:00,0.012000000104308128,0.012000000104308128,0.012000000104308128,0.012000000104308128,0,0.0,0.0
2018-06-21 00:00:00-04:00,0.012000000104308128,0.012000000104308128,0.012000000104308128,0.012000000104308128,0,0.0,0.0
2018-06-22 00:00:00-04:00,0.012000000104308128,0.012000000104308128,0.012000000104308128,0.012000000104308128,0,0.0,0.0
2018-06-25 00:00:00-04:00,0.024000000208616257,0.02500000037252903,0.024000000208616257,0.02500000037252903,80500,0.0,0.0
2018-06-26 00:00:00-04:00,0.02500000037252903,0.02500000037252903,0.02500000037252903,0.02500000037252903,0,0.0,0.0
2018-06-27 00:00:00-04:00,0.02500000037252903,0.02500000037252903,0.02500000037252903,0.02500000037252903,0,0.0,0.0
2018-06-28 00:00:00-04:00,0.02500000037252903,0.02500000037252903,0.02500000037252903,0.02500000037252903,0,0.0,0.0
2018-06-29 00:00:00-04:00,0.012600000016391277,0.013100000098347664,0.012500000186264515,0.013000000268220901,16760,0.0,0.0
2018-07-02 00:00:00-04:00,0.013000000268220901,0.013000000268220901,0.013000000268220901,0.013000000268220901,0,0.0,0.0
2018-07-03 00:00:00-04:00,0.013000000268220901,0.013000000268220901,0.013000000268220901,0.013000000268220901,0,0.0,0.0
2018-07-05 00:00:00-04:00,0.013000000268220901,0.013000000268220901,0.013000000268220901,0.013000000268220901,0,0.0,0.0
2018-07-06 00:00:00-04:00,0.013000000268220901,0.013000000268220901,0.013000000268220901,0.013000000268220901,0,0.0,0.0
2018-07-09 00:00:00-04:00,0.013000000268220901,0.013000000268220901,0.013000000268220901,0.013000000268220901,0,0.0,0.0
2018-07-10 00:00:00-04:00,0.013000000268220901,0.013000000268220901,0.013000000268220901,0.013000000268220901,0,0.0,0.0
2018-07-11 00:00:00-04:00,0.013000000268220901,0.013000000268220901,0.013000000268220901,0.013000000268220901,0,0.0,0.0
2018-07-12 00:00:00-04:00,0.013000000268220901,0.013000000268220901,0.013000000268220901,0.013000000268220901,0,0.0,0.0
2018-07-13 00:00:00-04:00,0.013000000268220901,0.013000000268220901,0.013000000268220901,0.013000000268220901,0,0.0,0.0
2018-07-16 00:00:00-04:00,0.013000000268220901,0.013000000268220901,0.013000000268220901,0.013000000268220901,0,0.0,0.0
2018-07-17 00:00:00-04:00,0.013000000268220901,0.013000000268220901,0.013000000268220901,0.013000000268220901,0,0.0,0.0
2018-07-18 00:00:00-04:00,0.013000000268220901,0.013000000268220901,0.013000000268220901,0.013000000268220901,0,0.0,0.0
2018-07-19 00:00:00-04:00,0.013000000268220901,0.013000000268220901,0.013000000268220901,0.013000000268220901,0,0.0,0.0
2018-07-20 00:00:00-04:00,0.013000000268220901,0.013000000268220901,0.013000000268220901,0.013000000268220901,0,0.0,0.0
2018-07-23 00:00:00-04:00,0.013000000268220901,0.013000000268220901,0.013000000268220901,0.013000000268220901,0,0.0,0.0
2018-07-24 00:00:00-04:00,0.013000000268220901,0.013000000268220901,0.013000000268220901,0.013000000268220901,0,0.0,0.0
2018-07-25 00:00:00-04:00,0.013000000268220901,0.013000000268220901,0.013000000268220901,0.013000000268220901,0,0.0,0.0
2018-07-26 00:00:00-04:00,0.013000000268220901,0.013000000268220901,0.013000000268220901,0.013000000268220901,0,0.0,0.0
2018-07-27 00:00:00-04:00,0.013000000268220901,0.013000000268220901,0.013000000268220901,0.013000000268220901,0,0.0,0.0
2018-07-30 00:00:00-04:00,0.013000000268220901,0.013000000268220901,0.013000000268220901,0.013000000268220901,0,0.0,0.0
2018-07-31 00:00:00-04:00,0.013000000268220901,0.013000000268220901,0.013000000268220901,0.013000000268220901,0,0.0,0.0
2018-08-01 00:00:00-04:00,0.013000000268220901,0.013000000268220901,0.013000000268220901,0.013000000268220901,0,0.0,0.0
2018-08-02 00:00:00-04:00,0.013000000268220901,0.013000000268220901,0.013000000268220901,0.013000000268220901,0,0.0,0.0
2018-08-03 00:00:00-04:00,0.013000000268220901,0.013000000268220901,0.013000000268220901,0.013000000268220901,0,0.0,0.0
2018-08-06 00:00:00-04:00,0.013000000268220901,0.013000000268220901,0.013000000268220901,0.013000000268220901,0,0.0,0.0
2018-08-07 00:00:00-04:00,0.013000000268220901,0.013000000268220901,0.013000000268220901,0.013000000268220901,1109,0.0,0.0
2018-08-08 00:00:00-04:00,0.013000000268220901,0.013000000268220901,0.013000000268220901,0.013000000268220901,0,0.0,0.0
2018-08-09 00:00:00-04:00,0.013000000268220901,0.013000000268220901,0.013000000268220901,0.013000000268220901,0,0.0,0.0
2018-08-10 00:00:00-04:00,0.013000000268220901,0.013000000268220901,0.013000000268220901,0.013000000268220901,0,0.0,0.0
2018-08-13 00:00:00-04:00,0.013000000268220901,0.013000000268220901,0.013000000268220901,0.013000000268220901,4000,0.0,0.0
2018-08-14 00:00:00-04:00,0.013000000268220901,0.013000000268220901,0.013000000268220901,0.013000000268220901,0,0.0,0.0
2018-08-15 00:00:00-04:00,0.013000000268220901,0.013000000268220901,0.013000000268220901,0.013000000268220901,0,0.0,0.0
2018-08-16 00:00:00-04:00,0.013000000268220901,0.013000000268220901,0.013000000268220901,0.013000000268220901,0,0.0,0.0
2018-08-17 00:00:00-04:00,0.013000000268220901,0.013000000268220901,0.013000000268220901,0.013000000268220901,0,0.0,0.0
2018-08-20 00:00:00-04:00,0.013000000268220901,0.013000000268220901,0.013000000268220901,0.013000000268220901,124,0.0,0.0
2018-08-21 00:00:00-04:00,0.013000000268220901,0.013000000268220901,0.013000000268220901,0.013000000268220901,0,0.0,0.0
2018-08-22 00:00:00-04:00,0.013000000268220901,0.013000000268220901,0.013000000268220901,0.013000000268220901,0,0.0,0.0
2018-08-23 00:00:00-04:00,0.013000000268220901,0.013000000268220901,0.013000000268220901,0.013000000268220901,0,0.0,0.0
2018-08-24 00:00:00-04:00,0.013000000268220901,0.013000000268220901,0.013000000268220901,0.013000000268220901,0,0.0,0.0
2018-08-27 00:00:00-04:00,0.013000000268220901,0.013000000268220901,0.013000000268220901,0.013000000268220901,0,0.0,0.0
2018-08-28 00:00:00-04:00,0.013000000268220901,0.013000000268220901,0.013000000268220901,0.013000000268220901,0,0.0,0.0
2018-08-29 00:00:00-04:00,0.013000000268220901,0.013000000268220901,0.013000000268220901,0.013000000268220901,0,0.0,0.0
2018-08-30 00:00:00-04:00,0.013000000268220901,0.013000000268220901,0.013000000268220901,0.013000000268220901,0,0.0,0.0
2018-08-31 00:00:00-04:00,0.013000000268220901,0.013000000268220901,0.013000000268220901,0.013000000268220901,0,0.0,0.0
2018-09-04 00:00:00-04:00,0.013000000268220901,0.013000000268220901,0.013000000268220901,0.013000000268220901,0,0.0,0.0
2018-09-05 00:00:00-04:00,0.013000000268220901,0.013000000268220901,0.013000000268220901,0.013000000268220901,0,0.0,0.0
2018-09-06 00:00:00-04:00,0.013000000268220901,0.013000000268220901,0.013000000268220901,0.013000000268220901,0,0.0,0.0
2018-09-07 00:00:00-04:00,0.013000000268220901,0.013000000268220901,0.013000000268220901,0.013000000268220901,0,0.0,0.0
2018-09-10 00:00:00-04:00,0.013000000268220901,0.013000000268220901,0.013000000268220901,0.013000000268220901,0,0.0,0.0
2018-09-11 00:00:00-04:00,0.013000000268220901,0.013000000268220901,0.013000000268220901,0.013000000268220901,0,0.0,0.0
2018-09-12 00:00:00-04:00,0.013000000268220901,0.013000000268220901,0.013000000268220901,0.013000000268220901,0,0.0,0.0
2018-09-13 00:00:00-04:00,0.013000000268220901,0.013000000268220901,0.013000000268220901,0.013000000268220901,0,0.0,0.0
2018-09-14 00:00:00-04:00,0.013000000268220901,0.013000000268220901,0.013000000268220901,0.013000000268220901,0,0.0,0.0
2018-09-17 00:00:00-04:00,0.013000000268220901,0.013000000268220901,0.013000000268220901,0.013000000268220901,0,0.0,0.0
2018-09-18 00:00:00-04:00,0.013000000268220901,0.013000000268220901,0.013000000268220901,0.013000000268220901,0,0.0,0.0
2018-09-19 00:00:00-04:00,0.013000000268220901,0.013000000268220901,0.013000000268220901,0.013000000268220901,0,0.0,0.0
2018-09-20 00:00:00-04:00,0.013000000268220901,0.013000000268220901,0.013000000268220901,0.013000000268220901,0,0.0,0.0
2018-09-21 00:00:00-04:00,0.013000000268220901,0.013000000268220901,0.013000000268220901,0.013000000268220901,0,0.0,0.0
2018-09-24 00:00:00-04:00,0.013000000268220901,0.013000000268220901,0.013000000268220901,0.013000000268220901,0,0.0,0.0
2018-09-25 00:00:00-04:00,0.013000000268220901,0.013000000268220901,0.013000000268220901,0.013000000268220901,0,0.0,0.0
2018-09-26 00:00:00-04:00,0.013000000268220901,0.013000000268220901,0.013000000268220901,0.013000000268220901,0,0.0,0.0
2018-09-27 00:00:00-04:00,0.013000000268220901,0.013000000268220901,0.013000000268220901,0.013000000268220901,0,0.0,0.0
2018-09-28 00:00:00-04:00,0.013000000268220901,0.013000000268220901,0.013000000268220901,0.013000000268220901,0,0.0,0.0
2018-10-01 00:00:00-04:00,0.013000000268220901,0.013000000268220901,0.009999999776482582,0.010300000198185444,50000,0.0,0.0
2018-10-02 00:00:00-04:00,0.010300000198185444,0.010300000198185444,0.010300000198185444,0.010300000198185444,0,0.0,0.0
2018-10-03 00:00:00-04:00,0.008999999612569809,0.008999999612569809,0.008999999612569809,0.008999999612569809,500,0.0,0.0
2018-10-04 00:00:00-04:00,0.008999999612569809,0.008999999612569809,0.008999999612569809,0.008999999612569809,0,0.0,0.0
2018-10-05 00:00:00-04:00,0.008999999612569809,0.008999999612569809,0.008999999612569809,0.008999999612569809,0,0.0,0.0
2018-10-08 00:00:00-04:00,0.008999999612569809,0.008999999612569809,0.008999999612569809,0.008999999612569809,0,0.0,0.0
2018-10-09 00:00:00-04:00,0.008999999612569809,0.008999999612569809,0.008999999612569809,0.008999999612569809,0,0.0,0.0
2018-10-10 00:00:00-04:00,0.008999999612569809,0.008999999612569809,0.008999999612569809,0.008999999612569809,0,0.0,0.0
2018-10-11 00:00:00-04:00,0.008999999612569809,0.008999999612569809,0.008999999612569809,0.008999999612569809,0,0.0,0.0
2018-10-12 00:00:00-04:00,0.008999999612569809,0.008999999612569809,0.008999999612569809,0.008999999612569809,115,0.0,0.0
2018-10-15 00:00:00-04:00,0.008999999612569809,0.008999999612569809,0.008999999612569809,0.008999999612569809,0,0.0,0.0
2018-10-16 00:00:00-04:00,0.009999999776482582,0.009999999776482582,0.009999999776482582,0.009999999776482582,54500,0.0,0.0
2018-10-17 00:00:00-04:00,0.009999999776482582,0.009999999776482582,0.009999999776482582,0.009999999776482582,0,0.0,0.0
2018-10-18 00:00:00-04:00,0.009999999776482582,0.009999999776482582,0.009999999776482582,0.009999999776482582,0,0.0,0.0
2018-10-19 00:00:00-04:00,0.009999999776482582,0.009999999776482582,0.009999999776482582,0.009999999776482582,0,0.0,0.0
2018-10-22 00:00:00-04:00,0.009999999776482582,0.009999999776482582,0.009999999776482582,0.009999999776482582,0,0.0,0.0
2018-10-23 00:00:00-04:00,0.009999999776482582,0.009999999776482582,0.009999999776482582,0.009999999776482582,0,0.0,0.0
2018-10-24 00:00:00-04:00,0.01899999938905239,0.01899999938905239,0.01899999938905239,0.01899999938905239,10000,0.0,0.0
2018-10-25 00:00:00-04:00,0.009999999776482582,0.009999999776482582,0.009999999776482582,0.009999999776482582,286,0.0,0.0
2018-10-26 00:00:00-04:00,0.009999999776482582,0.009999999776482582,0.009999999776482582,0.009999999776482582,0,0.0,0.0
2018-10-29 00:00:00-04:00,0.009999999776482582,0.009999999776482582,0.009999999776482582,0.009999999776482582,0,0.0,0.0
2018-10-30 00:00:00-04:00,0.009999999776482582,0.009999999776482582,0.009999999776482582,0.009999999776482582,0,0.0,0.0
2018-10-31 00:00:00-04:00,0.009999999776482582,0.009999999776482582,0.009999999776482582,0.009999999776482582,1600,0.0,0.0
2018-11-01 00:00:00-04:00,0.009999999776482582,0.009999999776482582,0.009999999776482582,0.009999999776482582,0,0.0,0.0
2018-11-02 00:00:00-04:00,0.009999999776482582,0.009999999776482582,0.009999999776482582,0.009999999776482582,10000,0.0,0.0
2018-11-05 00:00:00-05:00,0.009999999776482582,0.009999999776482582,0.009999999776482582,0.009999999776482582,0,0.0,0.0
2018-11-06 00:00:00-05:00,0.009999999776482582,0.009999999776482582,0.009999999776482582,0.009999999776482582,0,0.0,0.0
2018-11-07 00:00:00-05:00,0.009999999776482582,0.009999999776482582,0.009999999776482582,0.009999999776482582,0,0.0,0.0
2018-11-08 00:00:00-05:00,0.009999999776482582,0.009999999776482582,0.009999999776482582,0.009999999776482582,0,0.0,0.0
2018-11-09 00:00:00-05:00,0.009999999776482582,0.009999999776482582,0.009999999776482582,0.009999999776482582,0,0.0,0.0
2018-11-12 00:00:00-05:00,0.009999999776482582,0.009999999776482582,0.009999999776482582,0.009999999776482582,0,0.0,0.0
2018-11-13 00:00:00-05:00,0.009999999776482582,0.009999999776482582,0.009999999776482582,0.009999999776482582,0,0.0,0.0
2018-11-14 00:00:00-05:00,0.009999999776482582,0.009999999776482582,0.009999999776482582,0.009999999776482582,0,0.0,0.0
2018-11-15 00:00:00-05:00,0.009999999776482582,0.009999999776482582,0.009999999776482582,0.009999999776482582,25194,0.0,0.0
2018-11-16 00:00:00-05:00,0.009999999776482582,0.009999999776482582,0.009999999776482582,0.009999999776482582,0,0.0,0.0
2018-11-19 00:00:00-05:00,0.009999999776482582,0.009999999776482582,0.009999999776482582,0.009999999776482582,0,0.0,0.0
2018-11-20 00:00:00-05:00,0.009999999776482582,0.009999999776482582,0.009999999776482582,0.009999999776482582,0,0.0,0.0
2018-11-21 00:00:00-05:00,0.009999999776482582,0.009999999776482582,0.009999999776482582,0.009999999776482582,0,0.0,0.0
2018-11-23 00:00:00-05:00,0.009999999776482582,0.009999999776482582,0.009999999776482582,0.009999999776482582,0,0.0,0.0
2018-11-26 00:00:00-05:00,0.009999999776482582,0.009999999776482582,0.009999999776482582,0.009999999776482582,2000,0.0,0.0
2018-11-27 00:00:00-05:00,0.009999999776482582,0.009999999776482582,0.009999999776482582,0.009999999776482582,0,0.0,0.0
2018-11-28 00:00:00-05:00,0.009999999776482582,0.009999999776482582,0.009999999776482582,0.009999999776482582,0,0.0,0.0
2018-11-29 00:00:00-05:00,0.009999999776482582,0.009999999776482582,0.009999999776482582,0.009999999776482582,0,0.0,0.0
2018-11-30 00:00:00-05:00,0.009999999776482582,0.009999999776482582,0.009999999776482582,0.009999999776482582,0,0.0,0.0
2018-12-03 00:00:00-05:00,0.019500000402331352,0.019500000402331352,0.019500000402331352,0.019500000402331352,100,0.0,0.0
2018-12-04 00:00:00-05:00,0.019500000402331352,0.019500000402331352,0.019500000402331352,0.019500000402331352,0,0.0,0.0
2018-12-06 00:00:00-05:00,0.019500000402331352,0.019500000402331352,0.019500000402331352,0.019500000402331352,0,0.0,0.0
2018-12-07 00:00:00-05:00,0.019500000402331352,0.019500000402331352,0.019500000402331352,0.019500000402331352,0,0.0,0.0
2018-12-10 00:00:00-05:00,0.019500000402331352,0.019500000402331352,0.019500000402331352,0.019500000402331352,0,0.0,0.0
2018-12-11 00:00:00-05:00,0.019500000402331352,0.019500000402331352,0.019500000402331352,0.019500000402331352,0,0.0,0.0
2018-12-12 00:00:00-05:00,0.009999999776482582,0.009999999776482582,0.009999999776482582,0.009999999776482582,200,0.0,0.0
2018-12-13 00:00:00-05:00,0.009999999776482582,0.009999999776482582,0.009999999776482582,0.009999999776482582,0,0.0,0.0
2018-12-14 00:00:00-05:00,0.009999999776482582,0.009999999776482582,0.009999999776482582,0.009999999776482582,0,0.0,0.0
2018-12-17 00:00:00-05:00,0.009999999776482582,0.009999999776482582,0.009999999776482582,0.009999999776482582,0,0.0,0.0
2018-12-18 00:00:00-05:00,0.009999999776482582,0.009999999776482582,0.009999999776482582,0.009999999776482582,0,0.0,0.0
2018-12-19 00:00:00-05:00,0.019999999552965164,0.019999999552965164,0.01899999938905239,0.01899999938905239,28000,0.0,0.0
2018-12-20 00:00:00-05:00,0.010099999606609344,0.010099999606609344,0.010099999606609344,0.010099999606609344,6000,0.0,0.0
2018-12-21 00:00:00-05:00,0.010099999606609344,0.010099999606609344,0.010099999606609344,0.010099999606609344,0,0.0,0.0
2018-12-24 00:00:00-05:00,0.010099999606609344,0.010099999606609344,0.010099999606609344,0.010099999606609344,0,0.0,0.0
2018-12-26 00:00:00-05:00,0.007000000216066837,0.007000000216066837,0.007000000216066837,0.007000000216066837,110,0.0,0.0
2018-12-27 00:00:00-05:00,0.007000000216066837,0.007000000216066837,0.007000000216066837,0.007000000216066837,0,0.0,0.0
2018-12-28 00:00:00-05:00,0.007000000216066837,0.007000000216066837,0.007000000216066837,0.007000000216066837,6385,0.0,0.0
2018-12-31 00:00:00-05:00,0.007000000216066837,0.007000000216066837,0.007000000216066837,0.007000000216066837,900,0.0,0.0
2019-01-02 00:00:00-05:00,0.007000000216066837,0.007000000216066837,0.007000000216066837,0.007000000216066837,150,0.0,0.0
2019-01-03 00:00:00-05:00,0.009999999776482582,0.009999999776482582,0.009999999776482582,0.009999999776482582,155,0.0,0.0
2019-01-04 00:00:00-05:00,0.019999999552965164,0.019999999552965164,0.019999999552965164,0.019999999552965164,500,0.0,0.0
2019-01-07 00:00:00-05:00,0.007000000216066837,0.007000000216066837,0.007000000216066837,0.007000000216066837,100,0.0,0.0
2019-01-08 00:00:00-05:00,0.007000000216066837,0.007000000216066837,0.007000000216066837,0.007000000216066837,0,0.0,0.0
2019-01-09 00:00:00-05:00,0.007000000216066837,0.007000000216066837,0.007000000216066837,0.007000000216066837,0,0.0,0.0
2019-01-10 00:00:00-05:00,0.007000000216066837,0.007000000216066837,0.007000000216066837,0.007000000216066837,0,0.0,0.0
2019-01-11 00:00:00-05:00,0.007000000216066837,0.007000000216066837,0.007000000216066837,0.007000000216066837,1210,0.0,0.0
2019-01-14 00:00:00-05:00,0.007000000216066837,0.007000000216066837,0.007000000216066837,0.007000000216066837,0,0.0,0.0
2019-01-15 00:00:00-05:00,0.009999999776482582,0.009999999776482582,0.009999999776482582,0.009999999776482582,20000,0.0,0.0
2019-01-16 00:00:00-05:00,0.009999999776482582,0.009999999776482582,0.009999999776482582,0.009999999776482582,0,0.0,0.0
2019-01-17 00:00:00-05:00,0.009999999776482582,0.009999999776482582,0.009999999776482582,0.009999999776482582,0,0.0,0.0
2019-01-18 00:00:00-05:00,0.009999999776482582,0.009999999776482582,0.009999999776482582,0.009999999776482582,0,0.0,0.0
2019-01-22 00:00:00-05:00,0.009999999776482582,0.009999999776482582,0.009999999776482582,0.009999999776482582,0,0.0,0.0
2019-01-23 00:00:00-05:00,0.009999999776482582,0.009999999776482582,0.009999999776482582,0.009999999776482582,0,0.0,0.0
2019-01-24 00:00:00-05:00,0.007000000216066837,0.007000000216066837,0.007000000216066837,0.007000000216066837,33105,0.0,0.0
2019-01-25 00:00:00-05:00,0.007000000216066837,0.007000000216066837,0.007000000216066837,0.007000000216066837,0,0.0,0.0
2019-01-28 00:00:00-05:00,0.006000000052154064,0.006000000052154064,0.006000000052154064,0.006000000052154064,1004,0.0,0.0
2019-01-29 00:00:00-05:00,0.006000000052154064,0.006000000052154064,0.006000000052154064,0.006000000052154064,0,0.0,0.0
2019-01-30 00:00:00-05:00,0.006000000052154064,0.006000000052154064,0.006000000052154064,0.006000000052154064,0,0.0,0.0
2019-01-31 00:00:00-05:00,0.006000000052154064,0.006000000052154064,0.006000000052154064,0.006000000052154064,0,0.0,0.0
2019-02-01 00:00:00-05:00,0.006000000052154064,0.006000000052154064,0.006000000052154064,0.006000000052154064,0,0.0,0.0
2019-02-04 00:00:00-05:00,0.006000000052154064,0.006000000052154064,0.006000000052154064,0.006000000052154064,0,0.0,0.0
2019-02-05 00:00:00-05:00,0.006000000052154064,0.006000000052154064,0.006000000052154064,0.006000000052154064,0,0.0,0.0
2019-02-06 00:00:00-05:00,0.006000000052154064,0.006000000052154064,0.006000000052154064,0.006000000052154064,0,0.0,0.0
2019-02-07 00:00:00-05:00,0.006000000052154064,0.006000000052154064,0.006000000052154064,0.006000000052154064,0,0.0,0.0
2019-02-08 00:00:00-05:00,0.006000000052154064,0.006000000052154064,0.006000000052154064,0.006000000052154064,0,0.0,0.0
2019-02-11 00:00:00-05:00,0.0066999997943639755,0.0066999997943639755,0.0066999997943639755,0.0066999997943639755,6269,0.0,0.0
2019-02-12 00:00:00-05:00,0.0066999997943639755,0.0066999997943639755,0.0066999997943639755,0.0066999997943639755,0,0.0,0.0
2019-02-13 00:00:00-05:00,0.0066999997943639755,0.0066999997943639755,0.0066999997943639755,0.0066999997943639755,0,0.0,0.0
2019-02-14 00:00:00-05:00,0.0066999997943639755,0.0066999997943639755,0.0066999997943639755,0.0066999997943639755,0,0.0,0.0
2019-02-15 00:00:00-05:00,0.0066999997943639755,0.0066999997943639755,0.0066999997943639755,0.0066999997943639755,0,0.0,0.0
2019-02-19 00:00:00-05:00,0.0066999997943639755,0.0066999997943639755,0.0066999997943639755,0.0066999997943639755,0,0.0,0.0
2019-02-20 00:00:00-05:00,0.0066999997943639755,0.0066999997943639755,0.0066999997943639755,0.0066999997943639755,0,0.0,0.0
2019-02-21 00:00:00-05:00,0.0066999997943639755,0.0066999997943639755,0.0066999997943639755,0.0066999997943639755,0,0.0,0.0
2019-02-22 00:00:00-05:00,0.0066999997943639755,0.0066999997943639755,0.0066999997943639755,0.0066999997943639755,0,0.0,0.0
2019-02-25 00:00:00-05:00,0.0066999997943639755,0.0066999997943639755,0.0066999997943639755,0.0066999997943639755,0,0.0,0.0
2019-02-26 00:00:00-05:00,0.0066999997943639755,0.0066999997943639755,0.0066999997943639755,0.0066999997943639755,0,0.0,0.0
2019-02-27 00:00:00-05:00,0.006000000052154064,0.006000000052154064,0.006000000052154064,0.006000000052154064,100,0.0,0.0
2019-02-28 00:00:00-05:00,0.006000000052154064,0.006000000052154064,0.006000000052154064,0.006000000052154064,0,0.0,0.0
2019-03-01 00:00:00-05:00,0.006000000052154064,0.006000000052154064,0.006000000052154064,0.006000000052154064,0,0.0,0.0
2019-03-04 00:00:00-05:00,0.006000000052154064,0.006000000052154064,0.006000000052154064,0.006000000052154064,0,0.0,0.0
2019-03-05 00:00:00-05:00,0.006000000052154064,0.006000000052154064,0.006000000052154064,0.006000000052154064,6700,0.0,0.0
2019-03-06 00:00:00-05:00,0.006000000052154064,0.006000000052154064,0.006000000052154064,0.006000000052154064,0,0.0,0.0
2019-03-07 00:00:00-05:00,0.006000000052154064,0.006000000052154064,0.006000000052154064,0.006000000052154064,0,0.0,0.0
2019-03-08 00:00:00-05:00,0.006000000052154064,0.006000000052154064,0.006000000052154064,0.006000000052154064,0,0.0,0.0
2019-03-11 00:00:00-04:00,0.006000000052154064,0.006000000052154064,0.006000000052154064,0.006000000052154064,0,0.0,0.0
2019-03-12 00:00:00-04:00,0.006000000052154064,0.006000000052154064,0.006000000052154064,0.006000000052154064,0,0.0,0.0
2019-03-13 00:00:00-04:00,0.006000000052154064,0.006000000052154064,0.006000000052154064,0.006000000052154064,0,0.0,0.0
2019-03-14 00:00:00-04:00,0.006000000052154064,0.006000000052154064,0.006000000052154064,0.006000000052154064,0,0.0,0.0
2019-03-15 00:00:00-04:00,0.006000000052154064,0.006000000052154064,0.006000000052154064,0.006000000052154064,0,0.0,0.0
2019-03-18 00:00:00-04:00,0.006000000052154064,0.006000000052154064,0.006000000052154064,0.006000000052154064,0,0.0,0.0
2019-03-19 00:00:00-04:00,0.006000000052154064,0.006000000052154064,0.006000000052154064,0.006000000052154064,0,0.0,0.0
2019-03-20 00:00:00-04:00,0.006000000052154064,0.006000000052154064,0.006000000052154064,0.006000000052154064,0,0.0,0.0
2019-03-21 00:00:00-04:00,0.006000000052154064,0.006000000052154064,0.006000000052154064,0.006000000052154064,0,0.0,0.0
2019-03-22 00:00:00-04:00,0.006000000052154064,0.006000000052154064,0.006000000052154064,0.006000000052154064,1000,0.0,0.0
2019-03-25 00:00:00-04:00,0.006000000052154064,0.006000000052154064,0.006000000052154064,0.006000000052154064,0,0.0,0.0
2019-03-26 00:00:00-04:00,0.006000000052154064,0.006000000052154064,0.006000000052154064,0.006000000052154064,0,0.0,0.0
2019-03-27 00:00:00-04:00,0.006000000052154064,0.006000000052154064,0.006000000052154064,0.006000000052154064,0,0.0,0.0
2019-03-28 00:00:00-04:00,0.006000000052154064,0.006000000052154064,0.006000000052154064,0.006000000052154064,0,0.0,0.0
2019-03-29 00:00:00-04:00,0.006000000052154064,0.006000000052154064,0.004999999888241291,0.004999999888241291,72788,0.0,0.0
2019-04-01 00:00:00-04:00,0.004999999888241291,0.004999999888241291,0.004999999888241291,0.004999999888241291,0,0.0,0.0
2019-04-02 00:00:00-04:00,0.004999999888241291,0.004999999888241291,0.004999999888241291,0.004999999888241291,0,0.0,0.0
2019-04-03 00:00:00-04:00,0.004999999888241291,0.004999999888241291,0.004999999888241291,0.004999999888241291,0,0.0,0.0
2019-04-04 00:00:00-04:00,0.004999999888241291,0.004999999888241291,0.004999999888241291,0.004999999888241291,0,0.0,0.0
2019-04-05 00:00:00-04:00,0.004999999888241291,0.004999999888241291,0.004999999888241291,0.004999999888241291,0,0.0,0.0
2019-04-08 00:00:00-04:00,0.004999999888241291,0.004999999888241291,0.004999999888241291,0.004999999888241291,0,0.0,0.0
2019-04-09 00:00:00-04:00,0.004999999888241291,0.004999999888241291,0.004999999888241291,0.004999999888241291,0,0.0,0.0
2019-04-10 00:00:00-04:00,0.004999999888241291,0.004999999888241291,0.004999999888241291,0.004999999888241291,0,0.0,0.0
2019-04-11 00:00:00-04:00,0.004999999888241291,0.004999999888241291,0.004999999888241291,0.004999999888241291,0,0.0,0.0
2019-04-12 00:00:00-04:00,0.004999999888241291,0.004999999888241291,0.004999999888241291,0.004999999888241291,0,0.0,0.0
2019-04-15 00:00:00-04:00,0.004999999888241291,0.004999999888241291,0.004999999888241291,0.004999999888241291,500,0.0,0.0
2019-04-16 00:00:00-04:00,0.004999999888241291,0.004999999888241291,0.004999999888241291,0.004999999888241291,0,0.0,0.0
2019-04-17 00:00:00-04:00,0.004999999888241291,0.004999999888241291,0.004999999888241291,0.004999999888241291,0,0.0,0.0
2019-04-18 00:00:00-04:00,0.004999999888241291,0.004999999888241291,0.004999999888241291,0.004999999888241291,0,0.0,0.0
2019-04-22 00:00:00-04:00,0.004999999888241291,0.004999999888241291,0.004999999888241291,0.004999999888241291,0,0.0,0.0
2019-04-23 00:00:00-04:00,0.004999999888241291,0.004999999888241291,0.004999999888241291,0.004999999888241291,0,0.0,0.0
2019-04-24 00:00:00-04:00,0.004999999888241291,0.004999999888241291,0.004999999888241291,0.004999999888241291,0,0.0,0.0
2019-04-25 00:00:00-04:00,0.004999999888241291,0.004999999888241291,0.004999999888241291,0.004999999888241291,0,0.0,0.0
2019-04-26 00:00:00-04:00,0.004999999888241291,0.004999999888241291,0.004999999888241291,0.004999999888241291,0,0.0,0.0
2019-04-29 00:00:00-04:00,0.004999999888241291,0.004999999888241291,0.004999999888241291,0.004999999888241291,0,0.0,0.0
2019-04-30 00:00:00-04:00,0.004999999888241291,0.004999999888241291,0.004999999888241291,0.004999999888241291,0,0.0,0.0
2019-05-01 00:00:00-04:00,0.004999999888241291,0.004999999888241291,0.004999999888241291,0.004999999888241291,0,0.0,0.0
2019-05-02 00:00:00-04:00,0.004999999888241291,0.004999999888241291,0.004999999888241291,0.004999999888241291,0,0.0,0.0
2019-05-03 00:00:00-04:00,0.004999999888241291,0.004999999888241291,0.004999999888241291,0.004999999888241291,0,0.0,0.0
2019-05-06 00:00:00-04:00,0.004999999888241291,0.004999999888241291,0.004999999888241291,0.004999999888241291,0,0.0,0.0
2019-05-07 00:00:00-04:00,0.004999999888241291,0.004999999888241291,0.004999999888241291,0.004999999888241291,0,0.0,0.0
2019-05-08 00:00:00-04:00,0.004999999888241291,0.004999999888241291,0.004999999888241291,0.004999999888241291,0,0.0,0.0
2019-05-09 00:00:00-04:00,0.004999999888241291,0.004999999888241291,0.004999999888241291,0.004999999888241291,0,0.0,0.0
2019-05-10 00:00:00-04:00,0.004999999888241291,0.004999999888241291,0.004999999888241291,0.004999999888241291,0,0.0,0.0
2019-05-13 00:00:00-04:00,0.004999999888241291,0.004999999888241291,0.004999999888241291,0.004999999888241291,0,0.0,0.0
2019-05-14 00:00:00-04:00,0.004999999888241291,0.005750000011175871,0.004999999888241291,0.004999999888241291,11141,0.0,0.0
2019-05-15 00:00:00-04:00,0.004999999888241291,0.004999999888241291,0.004999999888241291,0.004999999888241291,0,0.0,0.0
2019-05-16 00:00:00-04:00,0.004999999888241291,0.004999999888241291,0.004999999888241291,0.004999999888241291,0,0.0,0.0
2019-05-17 00:00:00-04:00,0.004999999888241291,0.004999999888241291,0.004999999888241291,0.004999999888241291,0,0.0,0.0
2019-05-20 00:00:00-04:00,0.004999999888241291,0.004999999888241291,0.004999999888241291,0.004999999888241291,0,0.0,0.0
2019-05-21 00:00:00-04:00,0.004999999888241291,0.004999999888241291,0.004999999888241291,0.004999999888241291,0,0.0,0.0
2019-05-22 00:00:00-04:00,0.004999999888241291,0.004999999888241291,0.004999999888241291,0.004999999888241291,0,0.0,0.0
2019-05-23 00:00:00-04:00,0.004999999888241291,0.004999999888241291,0.004999999888241291,0.004999999888241291,0,0.0,0.0
2019-05-24 00:00:00-04:00,0.004999999888241291,0.004999999888241291,0.004999999888241291,0.004999999888241291,0,0.0,0.0
2019-05-28 00:00:00-04:00,0.004999999888241291,0.004999999888241291,0.004999999888241291,0.004999999888241291,0,0.0,0.0
2019-05-29 00:00:00-04:00,0.004999999888241291,0.004999999888241291,0.004999999888241291,0.004999999888241291,0,0.0,0.0
2019-05-30 00:00:00-04:00,0.004999999888241291,0.004999999888241291,0.004999999888241291,0.004999999888241291,0,0.0,0.0
2019-05-31 00:00:00-04:00,0.004999999888241291,0.004999999888241291,0.004999999888241291,0.004999999888241291,0,0.0,0.0
2019-06-03 00:00:00-04:00,0.003000000026077032,0.003000000026077032,0.003000000026077032,0.003000000026077032,500,0.0,0.0
2019-06-04 00:00:00-04:00,0.003000000026077032,0.003000000026077032,0.003000000026077032,0.003000000026077032,0,0.0,0.0
2019-06-05 00:00:00-04:00,0.003000000026077032,0.003000000026077032,0.003000000026077032,0.003000000026077032,0,0.0,0.0
2019-06-06 00:00:00-04:00,0.003000000026077032,0.003000000026077032,0.003000000026077032,0.003000000026077032,0,0.0,0.0
2019-06-07 00:00:00-04:00,0.003000000026077032,0.003000000026077032,0.003000000026077032,0.003000000026077032,0,0.0,0.0
2019-06-10 00:00:00-04:00,0.003000000026077032,0.003000000026077032,0.003000000026077032,0.003000000026077032,0,0.0,0.0
2019-06-11 00:00:00-04:00,0.003000000026077032,0.003000000026077032,0.003000000026077032,0.003000000026077032,0,0.0,0.0
2019-06-12 00:00:00-04:00,0.003000000026077032,0.003000000026077032,0.003000000026077032,0.003000000026077032,0,0.0,0.0
2019-06-13 00:00:00-04:00,0.003000000026077032,0.003000000026077032,0.003000000026077032,0.003000000026077032,0,0.0,0.0
2019-06-14 00:00:00-04:00,0.003000000026077032,0.003000000026077032,0.003000000026077032,0.003000000026077032,0,0.0,0.0
2019-06-17 00:00:00-04:00,0.003000000026077032,0.003000000026077032,0.003000000026077032,0.003000000026077032,0,0.0,0.0
2019-06-18 00:00:00-04:00,0.003000000026077032,0.003000000026077032,0.003000000026077032,0.003000000026077032,0,0.0,0.0
2019-06-19 00:00:00-04:00,0.003000000026077032,0.003000000026077032,0.003000000026077032,0.003000000026077032,0,0.0,0.0
2019-06-20 00:00:00-04:00,0.003000000026077032,0.003000000026077032,0.003000000026077032,0.003000000026077032,0,0.0,0.0
2019-06-21 00:00:00-04:00,0.003000000026077032,0.003000000026077032,0.003000000026077032,0.003000000026077032,0,0.0,0.0
2019-06-24 00:00:00-04:00,0.003000000026077032,0.003000000026077032,0.003000000026077032,0.003000000026077032,0,0.0,0.0
2019-06-25 00:00:00-04:00,0.003000000026077032,0.003000000026077032,0.003000000026077032,0.003000000026077032,0,0.0,0.0
2019-06-26 00:00:00-04:00,0.003000000026077032,0.003000000026077032,0.003000000026077032,0.003000000026077032,0,0.0,0.0
2019-06-27 00:00:00-04:00,0.003000000026077032,0.003000000026077032,0.003000000026077032,0.003000000026077032,0,0.0,0.0
2019-06-28 00:00:00-04:00,0.003000000026077032,0.003000000026077032,0.003000000026077032,0.003000000026077032,0,0.0,0.0
2019-07-01 00:00:00-04:00,0.003000000026077032,0.003000000026077032,0.003000000026077032,0.003000000026077032,0,0.0,0.0
2019-07-02 00:00:00-04:00,0.003000000026077032,0.003000000026077032,0.003000000026077032,0.003000000026077032,0,0.0,0.0
2019-07-03 00:00:00-04:00,0.003000000026077032,0.003000000026077032,0.003000000026077032,0.003000000026077032,0,0.0,0.0
2019-07-05 00:00:00-04:00,0.003000000026077032,0.003000000026077032,0.003000000026077032,0.003000000026077032,0,0.0,0.0
2019-07-08 00:00:00-04:00,0.003000000026077032,0.003000000026077032,0.003000000026077032,0.003000000026077032,0,0.0,0.0
2019-07-09 00:00:00-04:00,0.003000000026077032,0.003000000026077032,0.003000000026077032,0.003000000026077032,0,0.0,0.0
2019-07-10 00:00:00-04:00,0.003000000026077032,0.003000000026077032,0.003000000026077032,0.003000000026077032,0,0.0,0.0
2019-07-11 00:00:00-04:00,0.003000000026077032,0.003000000026077032,0.003000000026077032,0.003000000026077032,0,0.0,0.0
2019-07-12 00:00:00-04:00,0.003000000026077032,0.003000000026077032,0.003000000026077032,0.003000000026077032,1600,0.0,0.0
2019-07-15 00:00:00-04:00,0.003000000026077032,0.003000000026077032,0.003000000026077032,0.003000000026077032,0,0.0,0.0
2019-07-16 00:00:00-04:00,0.003000000026077032,0.003000000026077032,0.003000000026077032,0.003000000026077032,0,0.0,0.0
2019-07-17 00:00:00-04:00,0.003000000026077032,0.003000000026077032,0.003000000026077032,0.003000000026077032,0,0.0,0.0
2019-07-18 00:00:00-04:00,0.003000000026077032,0.003000000026077032,0.003000000026077032,0.003000000026077032,0,0.0,0.0
2019-07-19 00:00:00-04:00,0.003000000026077032,0.003000000026077032,0.003000000026077032,0.003000000026077032,0,0.0,0.0
2019-07-22 00:00:00-04:00,0.0026000000070780516,0.0026000000070780516,0.0026000000070780516,0.0026000000070780516,100,0.0,0.0
2019-07-23 00:00:00-04:00,0.0026000000070780516,0.0026000000070780516,0.0026000000070780516,0.0026000000070780516,0,0.0,0.0
2019-07-24 00:00:00-04:00,0.0026000000070780516,0.0026000000070780516,0.0026000000070780516,0.0026000000070780516,0,0.0,0.0
2019-07-25 00:00:00-04:00,0.0026000000070780516,0.0026000000070780516,0.0026000000070780516,0.0026000000070780516,0,0.0,0.0
2019-07-26 00:00:00-04:00,0.0026000000070780516,0.0026000000070780516,0.0026000000070780516,0.0026000000070780516,0,0.0,0.0
2019-07-29 00:00:00-04:00,0.0026000000070780516,0.0026000000070780516,0.0026000000070780516,0.0026000000070780516,0,0.0,0.0
2019-07-30 00:00:00-04:00,0.0026000000070780516,0.0026000000070780516,0.0026000000070780516,0.0026000000070780516,0,0.0,0.0
2019-07-31 00:00:00-04:00,0.0026000000070780516,0.0026000000070780516,0.0026000000070780516,0.0026000000070780516,0,0.0,0.0
2019-08-01 00:00:00-04:00,0.0026000000070780516,0.0026000000070780516,0.0026000000070780516,0.0026000000070780516,0,0.0,0.0
2019-08-02 00:00:00-04:00,0.0026000000070780516,0.0026000000070780516,0.0026000000070780516,0.0026000000070780516,0,0.0,0.0
2019-08-05 00:00:00-04:00,0.0026000000070780516,0.0026000000070780516,0.0026000000070780516,0.0026000000070780516,0,0.0,0.0
2019-08-06 00:00:00-04:00,0.0026000000070780516,0.0026000000070780516,0.0026000000070780516,0.0026000000070780516,0,0.0,0.0
2019-08-07 00:00:00-04:00,0.0026000000070780516,0.0026000000070780516,0.0026000000070780516,0.0026000000070780516,0,0.0,0.0
2019-08-08 00:00:00-04:00,0.0026000000070780516,0.0026000000070780516,0.0026000000070780516,0.0026000000070780516,0,0.0,0.0
2019-08-09 00:00:00-04:00,0.0026000000070780516,0.0026000000070780516,0.0026000000070780516,0.0026000000070780516,0,0.0,0.0
2019-08-12 00:00:00-04:00,0.0026000000070780516,0.0026000000070780516,0.0026000000070780516,0.0026000000070780516,0,0.0,0.0
2019-08-13 00:00:00-04:00,0.0026000000070780516,0.0026000000070780516,0.0026000000070780516,0.0026000000070780516,0,0.0,0.0
2019-08-14 00:00:00-04:00,0.0024999999441206455,0.0024999999441206455,0.0024999999441206455,0.0024999999441206455,150,0.0,0.0
2019-08-15 00:00:00-04:00,0.0024999999441206455,0.0024999999441206455,0.0024999999441206455,0.0024999999441206455,0,0.0,0.0
2019-08-16 00:00:00-04:00,0.0024999999441206455,0.0024999999441206455,0.0024999999441206455,0.0024999999441206455,0,0.0,0.0
2019-08-19 00:00:00-04:00,0.0024999999441206455,0.0024999999441206455,0.0024999999441206455,0.0024999999441206455,0,0.0,0.0
2019-08-20 00:00:00-04:00,0.0024999999441206455,0.0024999999441206455,0.0024999999441206455,0.0024999999441206455,0,0.0,0.0
2019-08-21 00:00:00-04:00,0.0024999999441206455,0.0024999999441206455,0.0024999999441206455,0.0024999999441206455,0,0.0,0.0
2019-08-22 00:00:00-04:00,0.0026000000070780516,0.0026700000744313,0.0026000000070780516,0.0026700000744313,310,0.0,0.0
2019-08-23 00:00:00-04:00,0.0026700000744313,0.0026700000744313,0.0026700000744313,0.0026700000744313,0,0.0,0.0
2019-08-26 00:00:00-04:00,0.0026700000744313,0.0026700000744313,0.0026700000744313,0.0026700000744313,0,0.0,0.0
2019-08-27 00:00:00-04:00,0.0026700000744313,0.0026700000744313,0.0026700000744313,0.0026700000744313,0,0.0,0.0
2019-08-28 00:00:00-04:00,0.0026700000744313,0.0026700000744313,0.0026700000744313,0.0026700000744313,0,0.0,0.0
2019-08-29 00:00:00-04:00,0.0026700000744313,0.0026700000744313,0.0026700000744313,0.0026700000744313,0,0.0,0.0
2019-08-30 00:00:00-04:00,0.0026700000744313,0.0026700000744313,0.0026700000744313,0.0026700000744313,0,0.0,0.0
2019-09-03 00:00:00-04:00,0.0026700000744313,0.0026700000744313,0.0026700000744313,0.0026700000744313,0,0.0,0.0
2019-09-04 00:00:00-04:00,0.0026700000744313,0.0026700000744313,0.0026700000744313,0.0026700000744313,0,0.0,0.0
2019-09-05 00:00:00-04:00,0.0026700000744313,0.0026700000744313,0.0026700000744313,0.0026700000744313,0,0.0,0.0
2019-09-06 00:00:00-04:00,0.0026700000744313,0.0026700000744313,0.0026700000744313,0.0026700000744313,0,0.0,0.0
2019-09-09 00:00:00-04:00,0.004100000020116568,0.004100000020116568,0.004100000020116568,0.004100000020116568,200,0.0,0.0
2019-09-10 00:00:00-04:00,0.004100000020116568,0.004100000020116568,0.004100000020116568,0.004100000020116568,0,0.0,0.0
2019-09-11 00:00:00-04:00,0.004100000020116568,0.004100000020116568,0.004100000020116568,0.004100000020116568,0,0.0,0.0
2019-09-12 00:00:00-04:00,0.004100000020116568,0.004100000020116568,0.004100000020116568,0.004100000020116568,0,0.0,0.0
2019-09-13 00:00:00-04:00,0.004100000020116568,0.004100000020116568,0.004100000020116568,0.004100000020116568,0,0.0,0.0
2019-09-16 00:00:00-04:00,0.004100000020116568,0.004100000020116568,0.004100000020116568,0.004100000020116568,0,0.0,0.0
2019-09-17 00:00:00-04:00,0.00394000019878149,0.00394000019878149,0.00394000019878149,0.00394000019878149,896,0.0,0.0
2019-09-18 00:00:00-04:00,0.00394000019878149,0.00394000019878149,0.00394000019878149,0.00394000019878149,0,0.0,0.0
2019-09-19 00:00:00-04:00,0.00394000019878149,0.00394000019878149,0.00394000019878149,0.00394000019878149,0,0.0,0.0
2019-09-20 00:00:00-04:00,0.003100000089034438,0.003100000089034438,0.003100000089034438,0.003100000089034438,105,0.0,0.0
2019-09-23 00:00:00-04:00,0.003100000089034438,0.003100000089034438,0.003100000089034438,0.003100000089034438,0,0.0,0.0
2019-09-24 00:00:00-04:00,0.003100000089034438,0.003100000089034438,0.003100000089034438,0.003100000089034438,250,0.0,0.0
2019-09-25 00:00:00-04:00,0.003100000089034438,0.003100000089034438,0.003100000089034438,0.003100000089034438,0,0.0,0.0
2019-09-26 00:00:00-04:00,0.003100000089034438,0.003100000089034438,0.003100000089034438,0.003100000089034438,0,0.0,0.0
2019-09-27 00:00:00-04:00,0.003100000089034438,0.003100000089034438,0.003100000089034438,0.003100000089034438,200,0.0,0.0
2019-09-30 00:00:00-04:00,0.003100000089034438,0.003100000089034438,0.003100000089034438,0.003100000089034438,500,0.0,0.0
2019-10-01 00:00:00-04:00,0.003100000089034438,0.003100000089034438,0.003100000089034438,0.003100000089034438,0,0.0,0.0
2019-10-02 00:00:00-04:00,0.003100000089034438,0.003100000089034438,0.003100000089034438,0.003100000089034438,0,0.0,0.0
2019-10-03 00:00:00-04:00,0.003100000089034438,0.003100000089034438,0.003100000089034438,0.003100000089034438,0,0.0,0.0
2019-10-04 00:00:00-04:00,0.003100000089034438,0.003100000089034438,0.003100000089034438,0.003100000089034438,0,0.0,0.0
2019-10-07 00:00:00-04:00,0.003100000089034438,0.003100000089034438,0.003100000089034438,0.003100000089034438,0,0.0,0.0
2019-10-08 00:00:00-04:00,0.003100000089034438,0.003100000089034438,0.003100000089034438,0.003100000089034438,0,0.0,0.0
2019-10-09 00:00:00-04:00,0.003100000089034438,0.003100000089034438,0.003100000089034438,0.003100000089034438,0,0.0,0.0
2019-10-10 00:00:00-04:00,0.003100000089034438,0.003100000089034438,0.003100000089034438,0.003100000089034438,0,0.0,0.0
2019-10-11 00:00:00-04:00,0.003100000089034438,0.003100000089034438,0.003100000089034438,0.003100000089034438,0,0.0,0.0
2019-10-14 00:00:00-04:00,0.003100000089034438,0.003100000089034438,0.003100000089034438,0.003100000089034438,0,0.0,0.0
2019-10-15 00:00:00-04:00,0.003100000089034438,0.003100000089034438,0.003100000089034438,0.003100000089034438,0,0.0,0.0
2019-10-16 00:00:00-04:00,0.0032599999103695154,0.0032599999103695154,0.003100000089034438,0.003100000089034438,1550,0.0,0.0
2019-10-17 00:00:00-04:00,0.003100000089034438,0.003100000089034438,0.003100000089034438,0.003100000089034438,0,0.0,0.0
2019-10-18 00:00:00-04:00,0.003100000089034438,0.003100000089034438,0.003100000089034438,0.003100000089034438,0,0.0,0.0
2019-10-21 00:00:00-04:00,0.003100000089034438,0.003100000089034438,0.003100000089034438,0.003100000089034438,0,0.0,0.0
2019-10-22 00:00:00-04:00,0.003100000089034438,0.003100000089034438,0.003100000089034438,0.003100000089034438,0,0.0,0.0
2019-10-23 00:00:00-04:00,0.003100000089034438,0.003100000089034438,0.003100000089034438,0.003100000089034438,0,0.0,0.0
2019-10-24 00:00:00-04:00,0.003100000089034438,0.003100000089034438,0.003100000089034438,0.003100000089034438,0,0.0,0.0
2019-10-25 00:00:00-04:00,0.003100000089034438,0.003100000089034438,0.003100000089034438,0.003100000089034438,0,0.0,0.0
2019-10-28 00:00:00-04:00,0.003100000089034438,0.003100000089034438,0.003100000089034438,0.003100000089034438,0,0.0,0.0
2019-10-29 00:00:00-04:00,0.003100000089034438,0.003100000089034438,0.003100000089034438,0.003100000089034438,0,0.0,0.0
2019-10-30 00:00:00-04:00,0.003100000089034438,0.003100000089034438,0.003100000089034438,0.003100000089034438,0,0.0,0.0
2019-10-31 00:00:00-04:00,0.003100000089034438,0.003100000089034438,0.003100000089034438,0.003100000089034438,0,0.0,0.0
2019-11-01 00:00:00-04:00,0.003100000089034438,0.003100000089034438,0.003100000089034438,0.003100000089034438,0,0.0,0.0
2019-11-04 00:00:00-05:00,0.003100000089034438,0.003100000089034438,0.003100000089034438,0.003100000089034438,0,0.0,0.0
2019-11-05 00:00:00-05:00,0.003100000089034438,0.003100000089034438,0.003100000089034438,0.003100000089034438,0,0.0,0.0
2019-11-06 00:00:00-05:00,0.003100000089034438,0.003100000089034438,0.003100000089034438,0.003100000089034438,0,0.0,0.0
2019-11-07 00:00:00-05:00,0.0024999999441206455,0.008999999612569809,0.0024999999441206455,0.008999999612569809,7150,0.0,0.0
2019-11-08 00:00:00-05:00,0.008999999612569809,0.008999999612569809,0.008999999612569809,0.008999999612569809,0,0.0,0.0
2019-11-11 00:00:00-05:00,0.009320000186562538,0.009320000186562538,0.009320000186562538,0.009320000186562538,180,0.0,0.0
2019-11-12 00:00:00-05:00,0.009320000186562538,0.009320000186562538,0.009320000186562538,0.009320000186562538,0,0.0,0.0
2019-11-13 00:00:00-05:00,0.009320000186562538,0.009320000186562538,0.009320000186562538,0.009320000186562538,0,0.0,0.0
2019-11-14 00:00:00-05:00,0.009320000186562538,0.009320000186562538,0.009320000186562538,0.009320000186562538,0,0.0,0.0
2019-11-15 00:00:00-05:00,0.009320000186562538,0.009320000186562538,0.009320000186562538,0.009320000186562538,0,0.0,0.0
2019-11-18 00:00:00-05:00,0.009320000186562538,0.009320000186562538,0.009320000186562538,0.009320000186562538,0,0.0,0.0
2019-11-19 00:00:00-05:00,0.009320000186562538,0.009320000186562538,0.009320000186562538,0.009320000186562538,0,0.0,0.0
2019-11-20 00:00:00-05:00,0.009320000186562538,0.009320000186562538,0.009320000186562538,0.009320000186562538,0,0.0,0.0
2019-11-21 00:00:00-05:00,0.004000000189989805,0.004000000189989805,0.004000000189989805,0.004000000189989805,350,0.0,0.0
2019-11-22 00:00:00-05:00,0.004000000189989805,0.004000000189989805,0.004000000189989805,0.004000000189989805,105,0.0,0.0
2019-11-25 00:00:00-05:00,0.004000000189989805,0.004000000189989805,0.004000000189989805,0.004000000189989805,0,0.0,0.0
2019-11-26 00:00:00-05:00,0.004000000189989805,0.004000000189989805,0.004000000189989805,0.004000000189989805,0,0.0,0.0
2019-11-27 00:00:00-05:00,0.0051299999468028545,0.0051299999468028545,0.004000000189989805,0.004000000189989805,430,0.0,0.0
2019-11-29 00:00:00-05:00,0.004000000189989805,0.004000000189989805,0.004000000189989805,0.004000000189989805,0,0.0,0.0
2019-12-02 00:00:00-05:00,0.004000000189989805,0.004000000189989805,0.004000000189989805,0.004000000189989805,0,0.0,0.0
2019-12-03 00:00:00-05:00,0.004000000189989805,0.004000000189989805,0.004000000189989805,0.004000000189989805,0,0.0,0.0
2019-12-04 00:00:00-05:00,0.004000000189989805,0.004000000189989805,0.004000000189989805,0.004000000189989805,0,0.0,0.0
2019-12-05 00:00:00-05:00,0.004000000189989805,0.004000000189989805,0.004000000189989805,0.004000000189989805,0,0.0,0.0
2019-12-06 00:00:00-05:00,0.004000000189989805,0.004000000189989805,0.004000000189989805,0.004000000189989805,0,0.0,0.0
2019-12-09 00:00:00-05:00,0.004000000189989805,0.004000000189989805,0.004000000189989805,0.004000000189989805,0,0.0,0.0
2019-12-10 00:00:00-05:00,0.004000000189989805,0.004000000189989805,0.004000000189989805,0.004000000189989805,0,0.0,0.0
2019-12-11 00:00:00-05:00,0.004000000189989805,0.004000000189989805,0.004000000189989805,0.004000000189989805,0,0.0,0.0
2019-12-12 00:00:00-05:00,0.004000000189989805,0.004000000189989805,0.004000000189989805,0.004000000189989805,0,0.0,0.0
2019-12-13 00:00:00-05:00,0.004000000189989805,0.004000000189989805,0.004000000189989805,0.004000000189989805,0,0.0,0.0
2019-12-16 00:00:00-05:00,0.004000000189989805,0.004000000189989805,0.004000000189989805,0.004000000189989805,0,0.0,0.0
2019-12-17 00:00:00-05:00,0.004000000189989805,0.004000000189989805,0.004000000189989805,0.004000000189989805,0,0.0,0.0
2019-12-18 00:00:00-05:00,0.004000000189989805,0.004000000189989805,0.004000000189989805,0.004000000189989805,0,0.0,0.0
2019-12-19 00:00:00-05:00,0.004000000189989805,0.004000000189989805,0.004000000189989805,0.004000000189989805,0,0.0,0.0
2019-12-20 00:00:00-05:00,0.004000000189989805,0.004000000189989805,0.004000000189989805,0.004000000189989805,0,0.0,0.0
2019-12-23 00:00:00-05:00,0.009990000165998936,0.009990000165998936,0.004000000189989805,0.004000000189989805,200,0.0,0.0
2019-12-24 00:00:00-05:00,0.004000000189989805,0.004000000189989805,0.004000000189989805,0.004000000189989805,0,0.0,0.0
2019-12-26 00:00:00-05:00,0.009100000374019146,0.009100000374019146,0.009100000374019146,0.009100000374019146,10000,0.0,0.0
2019-12-27 00:00:00-05:00,0.009100000374019146,0.009100000374019146,0.009100000374019146,0.009100000374019146,0,0.0,0.0
2019-12-30 00:00:00-05:00,0.009100000374019146,0.009100000374019146,0.009100000374019146,0.009100000374019146,0,0.0,0.0
2019-12-31 00:00:00-05:00,0.004999999888241291,0.004999999888241291,0.004999999888241291,0.004999999888241291,100,0.0,0.0
2020-01-02 00:00:00-05:00,0.004999999888241291,0.004999999888241291,0.004999999888241291,0.004999999888241291,0,0.0,0.0
2020-01-03 00:00:00-05:00,0.005249999929219484,0.005249999929219484,0.005249999929219484,0.005249999929219484,100,0.0,0.0
2020-01-06 00:00:00-05:00,0.005249999929219484,0.005249999929219484,0.005249999929219484,0.005249999929219484,0,0.0,0.0
2020-01-07 00:00:00-05:00,0.004999999888241291,0.004999999888241291,0.004999999888241291,0.004999999888241291,2500,0.0,0.0
2020-01-08 00:00:00-05:00,0.004999999888241291,0.004999999888241291,0.004999999888241291,0.004999999888241291,0,0.0,0.0
2020-01-09 00:00:00-05:00,0.009990000165998936,0.009990000165998936,0.004999999888241291,0.004999999888241291,200,0.0,0.0
2020-01-10 00:00:00-05:00,0.004999999888241291,0.004999999888241291,0.004999999888241291,0.004999999888241291,0,0.0,0.0
2020-01-13 00:00:00-05:00,0.004999999888241291,0.004999999888241291,0.004999999888241291,0.004999999888241291,0,0.0,0.0
2020-01-14 00:00:00-05:00,0.004999999888241291,0.004999999888241291,0.004999999888241291,0.004999999888241291,0,0.0,0.0
2020-01-15 00:00:00-05:00,0.004999999888241291,0.004999999888241291,0.004999999888241291,0.004999999888241291,0,0.0,0.0
2020-01-16 00:00:00-05:00,0.004999999888241291,0.004999999888241291,0.004999999888241291,0.004999999888241291,0,0.0,0.0
2020-01-17 00:00:00-05:00,0.004999999888241291,0.004999999888241291,0.004999999888241291,0.004999999888241291,0,0.0,0.0
2020-01-21 00:00:00-05:00,0.004999999888241291,0.004999999888241291,0.004999999888241291,0.004999999888241291,0,0.0,0.0
2020-01-22 00:00:00-05:00,0.004999999888241291,0.004999999888241291,0.004999999888241291,0.004999999888241291,0,0.0,0.0
2020-01-23 00:00:00-05:00,0.004999999888241291,0.004999999888241291,0.004999999888241291,0.004999999888241291,0,0.0,0.0
2020-01-24 00:00:00-05:00,0.004999999888241291,0.004999999888241291,0.004999999888241291,0.004999999888241291,2500,0.0,0.0
2020-01-27 00:00:00-05:00,0.004999999888241291,0.004999999888241291,0.004999999888241291,0.004999999888241291,0,0.0,0.0
2020-01-28 00:00:00-05:00,0.004999999888241291,0.004999999888241291,0.004999999888241291,0.004999999888241291,0,0.0,0.0
2020-01-29 00:00:00-05:00,0.004999999888241291,0.004999999888241291,0.004999999888241291,0.004999999888241291,0,0.0,0.0
2020-01-30 00:00:00-05:00,0.004999999888241291,0.004999999888241291,0.004999999888241291,0.004999999888241291,0,0.0,0.0
2020-01-31 00:00:00-05:00,0.004999999888241291,0.004999999888241291,0.004999999888241291,0.004999999888241291,0,0.0,0.0
2020-02-03 00:00:00-05:00,0.004999999888241291,0.004999999888241291,0.004999999888241291,0.004999999888241291,0,0.0,0.0
2020-02-04 00:00:00-05:00,0.004999999888241291,0.004999999888241291,0.004999999888241291,0.004999999888241291,0,0.0,0.0
2020-02-05 00:00:00-05:00,0.004999999888241291,0.004999999888241291,0.004999999888241291,0.004999999888241291,0,0.0,0.0
2020-02-06 00:00:00-05:00,0.004999999888241291,0.004999999888241291,0.004999999888241291,0.004999999888241291,0,0.0,0.0
2020-02-07 00:00:00-05:00,0.004999999888241291,0.004999999888241291,0.004999999888241291,0.004999999888241291,0,0.0,0.0
2020-02-10 00:00:00-05:00,0.004999999888241291,0.004999999888241291,0.004999999888241291,0.004999999888241291,0,0.0,0.0
2020-02-11 00:00:00-05:00,0.004999999888241291,0.004999999888241291,0.004999999888241291,0.004999999888241291,0,0.0,0.0
2020-02-12 00:00:00-05:00,0.004999999888241291,0.004999999888241291,0.004999999888241291,0.004999999888241291,10000,0.0,0.0
2020-02-13 00:00:00-05:00,0.004999999888241291,0.004999999888241291,0.004999999888241291,0.004999999888241291,0,0.0,0.0
2020-02-14 00:00:00-05:00,0.004999999888241291,0.004999999888241291,0.004999999888241291,0.004999999888241291,0,0.0,0.0
2020-02-18 00:00:00-05:00,0.004999999888241291,0.004999999888241291,0.004999999888241291,0.004999999888241291,0,0.0,0.0
2020-02-19 00:00:00-05:00,0.004999999888241291,0.004999999888241291,0.004999999888241291,0.004999999888241291,0,0.0,0.0
2020-02-20 00:00:00-05:00,0.004999999888241291,0.004999999888241291,0.004999999888241291,0.004999999888241291,0,0.0,0.0
2020-02-21 00:00:00-05:00,0.004999999888241291,0.004999999888241291,0.004999999888241291,0.004999999888241291,0,0.0,0.0
2020-02-24 00:00:00-05:00,0.004999999888241291,0.004999999888241291,0.004999999888241291,0.004999999888241291,0,0.0,0.0
2020-02-25 00:00:00-05:00,0.004999999888241291,0.004999999888241291,0.004999999888241291,0.004999999888241291,0,0.0,0.0
2020-02-26 00:00:00-05:00,0.004999999888241291,0.004999999888241291,0.004999999888241291,0.004999999888241291,0,0.0,0.0
2020-02-27 00:00:00-05:00,0.004999999888241291,0.004999999888241291,0.004999999888241291,0.004999999888241291,0,0.0,0.0
2020-02-28 00:00:00-05:00,0.004999999888241291,0.004999999888241291,0.004999999888241291,0.004999999888241291,0,0.0,0.0
2020-03-02 00:00:00-05:00,0.004999999888241291,0.004999999888241291,0.004999999888241291,0.004999999888241291,190,0.0,0.0
2020-03-03 00:00:00-05:00,0.004999999888241291,0.004999999888241291,0.004999999888241291,0.004999999888241291,0,0.0,0.0
2020-03-04 00:00:00-05:00,0.004999999888241291,0.004999999888241291,0.004999999888241291,0.004999999888241291,0,0.0,0.0
2020-03-05 00:00:00-05:00,0.004999999888241291,0.004999999888241291,0.004999999888241291,0.004999999888241291,0,0.0,0.0
2020-03-06 00:00:00-05:00,0.004999999888241291,0.004999999888241291,0.004999999888241291,0.004999999888241291,0,0.0,0.0
2020-03-09 00:00:00-04:00,0.004999999888241291,0.004999999888241291,0.004999999888241291,0.004999999888241291,0,0.0,0.0
2020-03-10 00:00:00-04:00,0.004999999888241291,0.004999999888241291,0.004999999888241291,0.004999999888241291,0,0.0,0.0
2020-03-11 00:00:00-04:00,0.004999999888241291,0.004999999888241291,0.004999999888241291,0.004999999888241291,0,0.0,0.0
2020-03-12 00:00:00-04:00,0.004999999888241291,0.004999999888241291,0.004999999888241291,0.004999999888241291,19700,0.0,0.0
2020-03-13 00:00:00-04:00,0.006659999955445528,0.006659999955445528,0.006659999955445528,0.006659999955445528,14000,0.0,0.0
2020-03-16 00:00:00-04:00,0.006659999955445528,0.006659999955445528,0.006659999955445528,0.006659999955445528,0,0.0,0.0
2020-03-17 00:00:00-04:00,0.006659999955445528,0.006659999955445528,0.006659999955445528,0.006659999955445528,0,0.0,0.0
2020-03-18 00:00:00-04:00,0.006659999955445528,0.006659999955445528,0.006659999955445528,0.006659999955445528,0,0.0,0.0
2020-03-19 00:00:00-04:00,0.006659999955445528,0.006659999955445528,0.006659999955445528,0.006659999955445528,0,0.0,0.0
2020-03-20 00:00:00-04:00,0.006659999955445528,0.006659999955445528,0.006659999955445528,0.006659999955445528,0,0.0,0.0
2020-03-23 00:00:00-04:00,0.006659999955445528,0.006659999955445528,0.006659999955445528,0.006659999955445528,0,0.0,0.0
2020-03-24 00:00:00-04:00,0.006659999955445528,0.006659999955445528,0.006659999955445528,0.006659999955445528,0,0.0,0.0
2020-03-25 00:00:00-04:00,0.006659999955445528,0.006659999955445528,0.006659999955445528,0.006659999955445528,0,0.0,0.0
2020-03-26 00:00:00-04:00,0.006659999955445528,0.006659999955445528,0.006659999955445528,0.006659999955445528,0,0.0,0.0
2020-03-27 00:00:00-04:00,0.006659999955445528,0.006659999955445528,0.006659999955445528,0.006659999955445528,0,0.0,0.0
2020-03-30 00:00:00-04:00,0.006659999955445528,0.006659999955445528,0.006659999955445528,0.006659999955445528,0,0.0,0.0
2020-03-31 00:00:00-04:00,0.006659999955445528,0.006659999955445528,0.006659999955445528,0.006659999955445528,0,0.0,0.0
2020-04-01 00:00:00-04:00,0.006659999955445528,0.006659999955445528,0.006659999955445528,0.006659999955445528,0,0.0,0.0
2020-04-02 00:00:00-04:00,0.006659999955445528,0.006659999955445528,0.006659999955445528,0.006659999955445528,0,0.0,0.0
2020-04-03 00:00:00-04:00,0.006659999955445528,0.006659999955445528,0.006659999955445528,0.006659999955445528,0,0.0,0.0
2020-04-06 00:00:00-04:00,0.006659999955445528,0.006659999955445528,0.006659999955445528,0.006659999955445528,0,0.0,0.0
2020-04-07 00:00:00-04:00,0.006659999955445528,0.006659999955445528,0.006659999955445528,0.006659999955445528,0,0.0,0.0
2020-04-08 00:00:00-04:00,0.006659999955445528,0.006659999955445528,0.006659999955445528,0.006659999955445528,0,0.0,0.0
2020-04-09 00:00:00-04:00,0.004000000189989805,0.004000000189989805,0.004000000189989805,0.004000000189989805,120,0.0,0.0
2020-04-13 00:00:00-04:00,0.004000000189989805,0.004000000189989805,0.004000000189989805,0.004000000189989805,0,0.0,0.0
2020-04-14 00:00:00-04:00,0.004000000189989805,0.004000000189989805,0.004000000189989805,0.004000000189989805,0,0.0,0.0
2020-04-15 00:00:00-04:00,0.004000000189989805,0.004000000189989805,0.004000000189989805,0.004000000189989805,0,0.0,0.0
2020-04-16 00:00:00-04:00,0.004000000189989805,0.004000000189989805,0.004000000189989805,0.004000000189989805,0,0.0,0.0
2020-04-17 00:00:00-04:00,0.004000000189989805,0.004000000189989805,0.004000000189989805,0.004000000189989805,0,0.0,0.0
2020-04-20 00:00:00-04:00,0.004000000189989805,0.004000000189989805,0.004000000189989805,0.004000000189989805,0,0.0,0.0
2020-04-21 00:00:00-04:00,0.004000000189989805,0.004000000189989805,0.004000000189989805,0.004000000189989805,0,0.0,0.0
2020-04-22 00:00:00-04:00,0.004000000189989805,0.004000000189989805,0.004000000189989805,0.004000000189989805,0,0.0,0.0
2020-04-23 00:00:00-04:00,0.004000000189989805,0.004100000020116568,0.004000000189989805,0.004000000189989805,6505,0.0,0.0
2020-04-24 00:00:00-04:00,0.004000000189989805,0.004000000189989805,0.004000000189989805,0.004000000189989805,0,0.0,0.0
2020-04-27 00:00:00-04:00,0.004000000189989805,0.004000000189989805,0.004000000189989805,0.004000000189989805,0,0.0,0.0
2020-04-28 00:00:00-04:00,0.004000000189989805,0.004000000189989805,0.004000000189989805,0.004000000189989805,38000,0.0,0.0
2020-04-29 00:00:00-04:00,0.005900000222027302,0.007000000216066837,0.004000000189989805,0.0044999998062849045,9050,0.0,0.0
2020-04-30 00:00:00-04:00,0.0051299999468028545,0.0051299999468028545,0.0044999998062849045,0.0044999998062849045,1100,0.0,0.0
2020-05-01 00:00:00-04:00,0.0044999998062849045,0.0044999998062849045,0.0044999998062849045,0.0044999998062849045,0,0.0,0.0
2020-05-04 00:00:00-04:00,0.0044999998062849045,0.0044999998062849045,0.0044999998062849045,0.0044999998062849045,0,0.0,0.0
2020-05-05 00:00:00-04:00,0.0044999998062849045,0.0044999998062849045,0.0044999998062849045,0.0044999998062849045,0,0.0,0.0
2020-05-06 00:00:00-04:00,0.0044999998062849045,0.0044999998062849045,0.0044999998062849045,0.0044999998062849045,0,0.0,0.0
2020-05-07 00:00:00-04:00,0.0044999998062849045,0.0044999998062849045,0.0044999998062849045,0.0044999998062849045,0,0.0,0.0
2020-05-08 00:00:00-04:00,0.0044999998062849045,0.0044999998062849045,0.0044999998062849045,0.0044999998062849045,0,0.0,0.0
2020-05-11 00:00:00-04:00,0.0044999998062849045,0.0044999998062849045,0.0044999998062849045,0.0044999998062849045,0,0.0,0.0
2020-05-12 00:00:00-04:00,0.0044999998062849045,0.0044999998062849045,0.0044999998062849045,0.0044999998062849045,0,0.0,0.0
2020-05-13 00:00:00-04:00,0.006500000134110451,0.007000000216066837,0.006500000134110451,0.007000000216066837,30000,0.0,0.0
2020-05-14 00:00:00-04:00,0.007000000216066837,0.007000000216066837,0.007000000216066837,0.007000000216066837,0,0.0,0.0
2020-05-15 00:00:00-04:00,0.007000000216066837,0.007000000216066837,0.007000000216066837,0.007000000216066837,0,0.0,0.0
2020-05-18 00:00:00-04:00,0.0045900000259280205,0.0074800001457333565,0.0044999998062849045,0.0074800001457333565,30000,0.0,0.0
2020-05-19 00:00:00-04:00,0.0074800001457333565,0.0074800001457333565,0.0074800001457333565,0.0074800001457333565,0,0.0,0.0
2020-05-20 00:00:00-04:00,0.0074800001457333565,0.0074800001457333565,0.0074800001457333565,0.0074800001457333565,0,0.0,0.0
2020-05-21 00:00:00-04:00,0.0074800001457333565,0.0074800001457333565,0.0074800001457333565,0.0074800001457333565,0,0.0,0.0
2020-05-22 00:00:00-04:00,0.0074800001457333565,0.0074800001457333565,0.0074800001457333565,0.0074800001457333565,0,0.0,0.0
2020-05-26 00:00:00-04:00,0.017899999395012856,0.017899999395012856,0.010950000025331974,0.010950000025331974,10235,0.0,0.0
2020-05-27 00:00:00-04:00,0.010950000025331974,0.010950000025331974,0.010950000025331974,0.010950000025331974,0,0.0,0.0
2020-05-28 00:00:00-04:00,0.010950000025331974,0.010950000025331974,0.010950000025331974,0.010950000025331974,0,0.0,0.0
2020-05-29 00:00:00-04:00,0.010950000025331974,0.010950000025331974,0.010950000025331974,0.010950000025331974,0,0.0,0.0
2020-06-01 00:00:00-04:00,0.011500000022351742,0.011500000022351742,0.011500000022351742,0.011500000022351742,99926,0.0,0.0
2020-06-02 00:00:00-04:00,0.011500000022351742,0.011500000022351742,0.011500000022351742,0.011500000022351742,0,0.0,0.0
2020-06-03 00:00:00-04:00,0.011500000022351742,0.011500000022351742,0.011500000022351742,0.011500000022351742,0,0.0,0.0
2020-06-04 00:00:00-04:00,0.011500000022351742,0.011500000022351742,0.011500000022351742,0.011500000022351742,0,0.0,0.0
2020-06-05 00:00:00-04:00,0.011500000022351742,0.011500000022351742,0.011500000022351742,0.011500000022351742,0,0.0,0.0
2020-06-08 00:00:00-04:00,0.011500000022351742,0.011500000022351742,0.011500000022351742,0.011500000022351742,0,0.0,0.0
2020-06-09 00:00:00-04:00,0.011500000022351742,0.011500000022351742,0.011500000022351742,0.011500000022351742,0,0.0,0.0
2020-06-10 00:00:00-04:00,0.011500000022351742,0.011500000022351742,0.011500000022351742,0.011500000022351742,0,0.0,0.0
2020-06-11 00:00:00-04:00,0.011500000022351742,0.011500000022351742,0.011500000022351742,0.011500000022351742,0,0.0,0.0
2020-06-12 00:00:00-04:00,0.011500000022351742,0.011500000022351742,0.011500000022351742,0.011500000022351742,0,0.0,0.0
2020-06-15 00:00:00-04:00,0.011500000022351742,0.011500000022351742,0.011500000022351742,0.011500000022351742,0,0.0,0.0
2020-06-16 00:00:00-04:00,0.017899999395012856,0.017899999395012856,0.017899999395012856,0.017899999395012856,10000,0.0,0.0
2020-06-17 00:00:00-04:00,0.017899999395012856,0.017899999395012856,0.017899999395012856,0.017899999395012856,0,0.0,0.0
2020-06-18 00:00:00-04:00,0.017899999395012856,0.017899999395012856,0.017899999395012856,0.017899999395012856,0,0.0,0.0
2020-06-19 00:00:00-04:00,0.017899999395012856,0.017899999395012856,0.017899999395012856,0.017899999395012856,0,0.0,0.0
2020-06-22 00:00:00-04:00,0.017899999395012856,0.017899999395012856,0.017899999395012856,0.017899999395012856,0,0.0,0.0
2020-06-23 00:00:00-04:00,0.017899999395012856,0.017899999395012856,0.017899999395012856,0.017899999395012856,0,0.0,0.0
2020-06-24 00:00:00-04:00,0.017500000074505806,0.017500000074505806,0.017500000074505806,0.017500000074505806,1000,0.0,0.0
2020-06-25 00:00:00-04:00,0.006300000008195639,0.006300000008195639,0.006300000008195639,0.006300000008195639,1000,0.0,0.0
2020-06-26 00:00:00-04:00,0.006300000008195639,0.006300000008195639,0.006300000008195639,0.006300000008195639,0,0.0,0.0
2020-06-29 00:00:00-04:00,0.006300000008195639,0.006300000008195639,0.006300000008195639,0.006300000008195639,0,0.0,0.0
2020-06-30 00:00:00-04:00,0.006300000008195639,0.006300000008195639,0.006300000008195639,0.006300000008195639,0,0.0,0.0
2020-07-01 00:00:00-04:00,0.006300000008195639,0.006300000008195639,0.006300000008195639,0.006300000008195639,0,0.0,0.0
2020-07-02 00:00:00-04:00,0.006300000008195639,0.006300000008195639,0.006300000008195639,0.006300000008195639,0,0.0,0.0
2020-07-06 00:00:00-04:00,0.006300000008195639,0.006300000008195639,0.006300000008195639,0.006300000008195639,200,0.0,0.0
2020-07-07 00:00:00-04:00,0.006300000008195639,0.006300000008195639,0.006300000008195639,0.006300000008195639,0,0.0,0.0
2020-07-08 00:00:00-04:00,0.006300000008195639,0.006300000008195639,0.006300000008195639,0.006300000008195639,0,0.0,0.0
2020-07-09 00:00:00-04:00,0.006300000008195639,0.006300000008195639,0.006300000008195639,0.006300000008195639,0,0.0,0.0
2020-07-10 00:00:00-04:00,0.006300000008195639,0.006300000008195639,0.006300000008195639,0.006300000008195639,0,0.0,0.0
2020-07-13 00:00:00-04:00,0.006300000008195639,0.006300000008195639,0.006300000008195639,0.006300000008195639,0,0.0,0.0
2020-07-14 00:00:00-04:00,0.006300000008195639,0.006300000008195639,0.006300000008195639,0.006300000008195639,0,0.0,0.0
2020-07-15 00:00:00-04:00,0.006300000008195639,0.006300000008195639,0.006300000008195639,0.006300000008195639,0,0.0,0.0
2020-07-16 00:00:00-04:00,0.006300000008195639,0.006300000008195639,0.006300000008195639,0.006300000008195639,0,0.0,0.0
2020-07-17 00:00:00-04:00,0.006300000008195639,0.006300000008195639,0.006300000008195639,0.006300000008195639,0,0.0,0.0
2020-07-20 00:00:00-04:00,0.006300000008195639,0.006300000008195639,0.006300000008195639,0.006300000008195639,0,0.0,0.0
2020-07-21 00:00:00-04:00,0.006300000008195639,0.006300000008195639,0.006300000008195639,0.006300000008195639,0,0.0,0.0
2020-07-22 00:00:00-04:00,0.006300000008195639,0.006300000008195639,0.006300000008195639,0.006300000008195639,0,0.0,0.0
2020-07-23 00:00:00-04:00,0.006300000008195639,0.006300000008195639,0.006300000008195639,0.006300000008195639,0,0.0,0.0
2020-07-24 00:00:00-04:00,0.006300000008195639,0.006300000008195639,0.006300000008195639,0.006300000008195639,120,0.0,0.0
2020-07-27 00:00:00-04:00,0.006300000008195639,0.006300000008195639,0.006300000008195639,0.006300000008195639,0,0.0,0.0
2020-07-28 00:00:00-04:00,0.006300000008195639,0.006300000008195639,0.006300000008195639,0.006300000008195639,0,0.0,0.0
2020-07-29 00:00:00-04:00,0.006300000008195639,0.006300000008195639,0.006300000008195639,0.006300000008195639,0,0.0,0.0
2020-07-30 00:00:00-04:00,0.006300000008195639,0.006300000008195639,0.006300000008195639,0.006300000008195639,500,0.0,0.0
2020-07-31 00:00:00-04:00,0.006300000008195639,0.006300000008195639,0.006300000008195639,0.006300000008195639,0,0.0,0.0
2020-08-03 00:00:00-04:00,0.006300000008195639,0.006300000008195639,0.006300000008195639,0.006300000008195639,0,0.0,0.0
2020-08-04 00:00:00-04:00,0.006300000008195639,0.006300000008195639,0.006300000008195639,0.006300000008195639,0,0.0,0.0
2020-08-05 00:00:00-04:00,0.006300000008195639,0.006300000008195639,0.006300000008195639,0.006300000008195639,0,0.0,0.0
2020-08-06 00:00:00-04:00,0.006300000008195639,0.006300000008195639,0.006300000008195639,0.006300000008195639,100,0.0,0.0
2020-08-07 00:00:00-04:00,0.006300000008195639,0.006300000008195639,0.006300000008195639,0.006300000008195639,0,0.0,0.0
2020-08-10 00:00:00-04:00,0.006300000008195639,0.006300000008195639,0.006300000008195639,0.006300000008195639,0,0.0,0.0
2020-08-11 00:00:00-04:00,0.006300000008195639,0.006300000008195639,0.006300000008195639,0.006300000008195639,0,0.0,0.0
2020-08-12 00:00:00-04:00,0.006300000008195639,0.006300000008195639,0.006300000008195639,0.006300000008195639,0,0.0,0.0
2020-08-13 00:00:00-04:00,0.006300000008195639,0.006300000008195639,0.006300000008195639,0.006300000008195639,0,0.0,0.0
2020-08-14 00:00:00-04:00,0.006300000008195639,0.006300000008195639,0.006300000008195639,0.006300000008195639,0,0.0,0.0
2020-08-17 00:00:00-04:00,0.006300000008195639,0.006300000008195639,0.006300000008195639,0.006300000008195639,0,0.0,0.0
2020-08-18 00:00:00-04:00,0.006300000008195639,0.006300000008195639,0.006300000008195639,0.006300000008195639,0,0.0,0.0
2020-08-19 00:00:00-04:00,0.006300000008195639,0.011900000274181366,0.006300000008195639,0.011900000274181366,976,0.0,0.0
2020-08-20 00:00:00-04:00,0.011900000274181366,0.011900000274181366,0.011900000274181366,0.011900000274181366,0,0.0,0.0
2020-08-21 00:00:00-04:00,0.006300000008195639,0.006300000008195639,0.006300000008195639,0.006300000008195639,100,0.0,0.0
2020-08-24 00:00:00-04:00,0.008539999835193157,0.008539999835193157,0.008539999835193157,0.008539999835193157,7035,0.0,0.0
2020-08-25 00:00:00-04:00,0.008539999835193157,0.008539999835193157,0.008539999835193157,0.008539999835193157,0,0.0,0.0
2020-08-26 00:00:00-04:00,0.008539999835193157,0.008539999835193157,0.008539999835193157,0.008539999835193157,0,0.0,0.0
2020-08-27 00:00:00-04:00,0.008539999835193157,0.008539999835193157,0.008539999835193157,0.008539999835193157,0,0.0,0.0
2020-08-28 00:00:00-04:00,0.008539999835193157,0.008539999835193157,0.008539999835193157,0.008539999835193157,0,0.0,0.0
2020-08-31 00:00:00-04:00,0.008539999835193157,0.008539999835193157,0.008539999835193157,0.008539999835193157,0,0.0,0.0
2020-09-01 00:00:00-04:00,0.008539999835193157,0.008539999835193157,0.008539999835193157,0.008539999835193157,0,0.0,0.0
2020-09-02 00:00:00-04:00,0.008539999835193157,0.008539999835193157,0.008539999835193157,0.008539999835193157,0,0.0,0.0
2020-09-03 00:00:00-04:00,0.008539999835193157,0.008539999835193157,0.008539999835193157,0.008539999835193157,0,0.0,0.0
2020-09-04 00:00:00-04:00,0.008539999835193157,0.008539999835193157,0.008539999835193157,0.008539999835193157,0,0.0,0.0
2020-09-08 00:00:00-04:00,0.008539999835193157,0.008539999835193157,0.008539999835193157,0.008539999835193157,0,0.0,0.0
2020-09-09 00:00:00-04:00,0.008539999835193157,0.008539999835193157,0.008539999835193157,0.008539999835193157,0,0.0,0.0
2020-09-10 00:00:00-04:00,0.008539999835193157,0.008539999835193157,0.008539999835193157,0.008539999835193157,0,0.0,0.0
2020-09-11 00:00:00-04:00,0.008539999835193157,0.008539999835193157,0.008539999835193157,0.008539999835193157,0,0.0,0.0
2020-09-14 00:00:00-04:00,0.008539999835193157,0.008539999835193157,0.008539999835193157,0.008539999835193157,0,0.0,0.0
2020-09-15 00:00:00-04:00,0.008539999835193157,0.008539999835193157,0.008539999835193157,0.008539999835193157,0,0.0,0.0
2020-09-16 00:00:00-04:00,0.008539999835193157,0.008539999835193157,0.008539999835193157,0.008539999835193157,0,0.0,0.0
2020-09-17 00:00:00-04:00,0.004000000189989805,0.004000000189989805,0.004000000189989805,0.004000000189989805,1100,0.0,0.0
2020-09-18 00:00:00-04:00,0.004000000189989805,0.004000000189989805,0.004000000189989805,0.004000000189989805,0,0.0,0.0
2020-09-21 00:00:00-04:00,0.004000000189989805,0.004000000189989805,0.004000000189989805,0.004000000189989805,0,0.0,0.0
2020-09-22 00:00:00-04:00,0.004000000189989805,0.004000000189989805,0.004000000189989805,0.004000000189989805,0,0.0,0.0
2020-09-23 00:00:00-04:00,0.004000000189989805,0.004000000189989805,0.004000000189989805,0.004000000189989805,0,0.0,0.0
2020-09-24 00:00:00-04:00,0.004000000189989805,0.004000000189989805,0.004000000189989805,0.004000000189989805,0,0.0,0.0
2020-09-25 00:00:00-04:00,0.004000000189989805,0.004000000189989805,0.004000000189989805,0.004000000189989805,0,0.0,0.0
2020-09-28 00:00:00-04:00,0.004000000189989805,0.004000000189989805,0.004000000189989805,0.004000000189989805,0,0.0,0.0
2020-09-29 00:00:00-04:00,0.004000000189989805,0.004000000189989805,0.004000000189989805,0.004000000189989805,0,0.0,0.0
2020-09-30 00:00:00-04:00,0.004000000189989805,0.004000000189989805,0.004000000189989805,0.004000000189989805,0,0.0,0.0
2020-10-01 00:00:00-04:00,0.004000000189989805,0.004000000189989805,0.004000000189989805,0.004000000189989805,0,0.0,0.0
2020-10-02 00:00:00-04:00,0.004000000189989805,0.004000000189989805,0.004000000189989805,0.004000000189989805,0,0.0,0.0
2020-10-05 00:00:00-04:00,0.004000000189989805,0.004000000189989805,0.004000000189989805,0.004000000189989805,0,0.0,0.0
2020-10-06 00:00:00-04:00,0.004000000189989805,0.004000000189989805,0.004000000189989805,0.004000000189989805,0,0.0,0.0
2020-10-07 00:00:00-04:00,0.004000000189989805,0.004000000189989805,0.004000000189989805,0.004000000189989805,0,0.0,0.0
2020-10-08 00:00:00-04:00,0.004000000189989805,0.004000000189989805,0.004000000189989805,0.004000000189989805,0,0.0,0.0
2020-10-09 00:00:00-04:00,0.004000000189989805,0.004000000189989805,0.004000000189989805,0.004000000189989805,0,0.0,0.0
2020-10-12 00:00:00-04:00,0.007249999791383743,0.007249999791383743,0.007249999791383743,0.007249999791383743,500,0.0,0.0
2020-10-13 00:00:00-04:00,0.007249999791383743,0.007249999791383743,0.007249999791383743,0.007249999791383743,0,0.0,0.0
2020-10-14 00:00:00-04:00,0.007249999791383743,0.007249999791383743,0.007249999791383743,0.007249999791383743,0,0.0,0.0
2020-10-15 00:00:00-04:00,0.007249999791383743,0.007249999791383743,0.007249999791383743,0.007249999791383743,0,0.0,0.0
2020-10-16 00:00:00-04:00,0.007249999791383743,0.007249999791383743,0.007249999791383743,0.007249999791383743,0,0.0,0.0
2020-10-19 00:00:00-04:00,0.007249999791383743,0.007249999791383743,0.007249999791383743,0.007249999791383743,0,0.0,0.0
2020-10-20 00:00:00-04:00,0.007249999791383743,0.007249999791383743,0.007249999791383743,0.007249999791383743,0,0.0,0.0
2020-10-21 00:00:00-04:00,0.007249999791383743,0.007249999791383743,0.007249999791383743,0.007249999791383743,0,0.0,0.0
2020-10-22 00:00:00-04:00,0.0044999998062849045,0.00559999980032444,0.0044999998062849045,0.00559999980032444,2400,0.0,0.0
2020-10-23 00:00:00-04:00,0.00559999980032444,0.00559999980032444,0.00559999980032444,0.00559999980032444,0,0.0,0.0
2020-10-26 00:00:00-04:00,0.0044999998062849045,0.0044999998062849045,0.0044999998062849045,0.0044999998062849045,1128,0.0,0.0
2020-10-27 00:00:00-04:00,0.0044999998062849045,0.0044999998062849045,0.0044999998062849045,0.0044999998062849045,0,0.0,0.0
2020-10-28 00:00:00-04:00,0.0044999998062849045,0.0044999998062849045,0.0044999998062849045,0.0044999998062849045,0,0.0,0.0
2020-10-29 00:00:00-04:00,0.0044999998062849045,0.0044999998062849045,0.0044999998062849045,0.0044999998062849045,0,0.0,0.0
2020-10-30 00:00:00-04:00,0.0044999998062849045,0.0044999998062849045,0.0044999998062849045,0.0044999998062849045,0,0.0,0.0
2020-11-02 00:00:00-05:00,0.0044999998062849045,0.0044999998062849045,0.0044999998062849045,0.0044999998062849045,0,0.0,0.0
2020-11-03 00:00:00-05:00,0.0044999998062849045,0.0044999998062849045,0.0044999998062849045,0.0044999998062849045,0,0.0,0.0
2020-11-04 00:00:00-05:00,0.0044999998062849045,0.0044999998062849045,0.0044999998062849045,0.0044999998062849045,0,0.0,0.0
2020-11-05 00:00:00-05:00,0.0044999998062849045,0.0044999998062849045,0.0044999998062849045,0.0044999998062849045,7400,0.0,0.0
2020-11-06 00:00:00-05:00,0.0044999998062849045,0.0044999998062849045,0.0044999998062849045,0.0044999998062849045,0,0.0,0.0
2020-11-09 00:00:00-05:00,0.0044999998062849045,0.0044999998062849045,0.0044999998062849045,0.0044999998062849045,0,0.0,0.0
2020-11-10 00:00:00-05:00,0.0044999998062849045,0.0044999998062849045,0.0044999998062849045,0.0044999998062849045,0,0.0,0.0
2020-11-11 00:00:00-05:00,0.0044999998062849045,0.0044999998062849045,0.0044999998062849045,0.0044999998062849045,0,0.0,0.0
2020-11-12 00:00:00-05:00,0.0044999998062849045,0.0044999998062849045,0.0044999998062849045,0.0044999998062849045,0,0.0,0.0
2020-11-13 00:00:00-05:00,0.0044999998062849045,0.0044999998062849045,0.0044999998062849045,0.0044999998062849045,0,0.0,0.0
2020-11-16 00:00:00-05:00,0.0044999998062849045,0.0044999998062849045,0.0044999998062849045,0.0044999998062849045,0,0.0,0.0
2020-11-17 00:00:00-05:00,0.0044999998062849045,0.0044999998062849045,0.0044999998062849045,0.0044999998062849045,0,0.0,0.0
2020-11-18 00:00:00-05:00,0.0044999998062849045,0.0044999998062849045,0.0044999998062849045,0.0044999998062849045,0,0.0,0.0
2020-11-19 00:00:00-05:00,0.0044999998062849045,0.0044999998062849045,0.0044999998062849045,0.0044999998062849045,0,0.0,0.0
2020-11-20 00:00:00-05:00,0.0044999998062849045,0.0044999998062849045,0.0044999998062849045,0.0044999998062849045,0,0.0,0.0
2020-11-23 00:00:00-05:00,0.0044999998062849045,0.0044999998062849045,0.0044999998062849045,0.0044999998062849045,0,0.0,0.0
2020-11-24 00:00:00-05:00,0.0044999998062849045,0.0044999998062849045,0.0044999998062849045,0.0044999998062849045,0,0.0,0.0
2020-11-25 00:00:00-05:00,0.0044999998062849045,0.0044999998062849045,0.0044999998062849045,0.0044999998062849045,0,0.0,0.0
2020-11-27 00:00:00-05:00,0.0044999998062849045,0.0044999998062849045,0.0044999998062849045,0.0044999998062849045,200,0.0,0.0
2020-11-30 00:00:00-05:00,0.0044999998062849045,0.0044999998062849045,0.0044999998062849045,0.0044999998062849045,135,0.0,0.0
2020-12-01 00:00:00-05:00,0.0044999998062849045,0.0044999998062849045,0.0044999998062849045,0.0044999998062849045,0,0.0,0.0
2020-12-02 00:00:00-05:00,0.0044999998062849045,0.0044999998062849045,0.0044999998062849045,0.0044999998062849045,0,0.0,0.0
2020-12-03 00:00:00-05:00,0.0044999998062849045,0.0044999998062849045,0.0044999998062849045,0.0044999998062849045,0,0.0,0.0
2020-12-04 00:00:00-05:00,0.0044999998062849045,0.0044999998062849045,0.0044999998062849045,0.0044999998062849045,0,0.0,0.0
2020-12-07 00:00:00-05:00,0.0044999998062849045,0.0044999998062849045,0.0044999998062849045,0.0044999998062849045,0,0.0,0.0
2020-12-08 00:00:00-05:00,0.0044999998062849045,0.0044999998062849045,0.0044999998062849045,0.0044999998062849045,0,0.0,0.0
2020-12-09 00:00:00-05:00,0.0044999998062849045,0.0044999998062849045,0.0044999998062849045,0.0044999998062849045,0,0.0,0.0
2020-12-10 00:00:00-05:00,0.0044999998062849045,0.0044999998062849045,0.0044999998062849045,0.0044999998062849045,0,0.0,0.0
2020-12-11 00:00:00-05:00,0.004600000102072954,0.004600000102072954,0.004600000102072954,0.004600000102072954,342,0.0,0.0
2020-12-14 00:00:00-05:00,0.004600000102072954,0.004600000102072954,0.004600000102072954,0.004600000102072954,100,0.0,0.0
2020-12-15 00:00:00-05:00,0.004600000102072954,0.004600000102072954,0.004600000102072954,0.004600000102072954,0,0.0,0.0
2020-12-16 00:00:00-05:00,0.004600000102072954,0.004600000102072954,0.004600000102072954,0.004600000102072954,0,0.0,0.0
2020-12-17 00:00:00-05:00,0.004600000102072954,0.004600000102072954,0.004600000102072954,0.004600000102072954,2125,0.0,0.0
2020-12-18 00:00:00-05:00,0.004650000017136335,0.004650000017136335,0.004600000102072954,0.004600000102072954,1100,0.0,0.0
2020-12-21 00:00:00-05:00,0.004600000102072954,0.004600000102072954,0.004600000102072954,0.004600000102072954,100,0.0,0.0
2020-12-22 00:00:00-05:00,0.004600000102072954,0.004600000102072954,0.004600000102072954,0.004600000102072954,0,0.0,0.0
2020-12-23 00:00:00-05:00,0.005679999943822622,0.005679999943822622,0.004600000102072954,0.004600000102072954,680,0.0,0.0
2020-12-24 00:00:00-05:00,0.004600000102072954,0.004600000102072954,0.004600000102072954,0.004600000102072954,0,0.0,0.0
2020-12-28 00:00:00-05:00,0.004600000102072954,0.004600000102072954,0.004600000102072954,0.004600000102072954,0,0.0,0.0
2020-12-29 00:00:00-05:00,0.004600000102072954,0.004600000102072954,0.004600000102072954,0.004600000102072954,0,0.0,0.0
2020-12-30 00:00:00-05:00,0.004600000102072954,0.004600000102072954,0.004600000102072954,0.004600000102072954,360,0.0,0.0
2020-12-31 00:00:00-05:00,0.007300000172108412,0.009999999776482582,0.004600000102072954,0.004730000160634518,21466,0.0,0.0
2021-01-04 00:00:00-05:00,0.004730000160634518,0.004730000160634518,0.004730000160634518,0.004730000160634518,0,0.0,0.0
2021-01-05 00:00:00-05:00,0.004730000160634518,0.004730000160634518,0.004730000160634518,0.004730000160634518,0,0.0,0.0
2021-01-06 00:00:00-05:00,0.004730000160634518,0.004730000160634518,0.004730000160634518,0.004730000160634518,0,0.0,0.0
2021-01-07 00:00:00-05:00,0.004730000160634518,0.004730000160634518,0.004730000160634518,0.004730000160634518,0,0.0,0.0
2021-01-08 00:00:00-05:00,0.004730000160634518,0.004730000160634518,0.004730000160634518,0.004730000160634518,0,0.0,0.0
2021-01-11 00:00:00-05:00,0.004730000160634518,0.004730000160634518,0.004730000160634518,0.004730000160634518,0,0.0,0.0
2021-01-12 00:00:00-05:00,0.004730000160634518,0.004730000160634518,0.004730000160634518,0.004730000160634518,0,0.0,0.0
2021-01-13 00:00:00-05:00,0.017899999395012856,0.017899999395012856,0.017899999395012856,0.017899999395012856,500,0.0,0.0
2021-01-14 00:00:00-05:00,0.015530000440776348,0.015530000440776348,0.009999999776482582,0.009999999776482582,10250,0.0,0.0
2021-01-15 00:00:00-05:00,0.009999999776482582,0.009999999776482582,0.009999999776482582,0.009999999776482582,0,0.0,0.0
2021-01-19 00:00:00-05:00,0.009999999776482582,0.014999999664723873,0.009999999776482582,0.014000000432133675,2500,0.0,0.0
2021-01-20 00:00:00-05:00,0.014000000432133675,0.014000000432133675,0.014000000432133675,0.014000000432133675,0,0.0,0.0
2021-01-21 00:00:00-05:00,0.014000000432133675,0.014000000432133675,0.014000000432133675,0.014000000432133675,0,0.0,0.0
2021-01-22 00:00:00-05:00,0.014000000432133675,0.014000000432133675,0.014000000432133675,0.014000000432133675,0,0.0,0.0
2021-01-25 00:00:00-05:00,0.012000000104308128,0.017899999395012856,0.012000000104308128,0.017899999395012856,2300,0.0,0.0
2021-01-26 00:00:00-05:00,0.011950000189244747,0.011950000189244747,0.011950000189244747,0.011950000189244747,1000,0.0,0.0
2021-01-27 00:00:00-05:00,0.011950000189244747,0.011950000189244747,0.011950000189244747,0.011950000189244747,0,0.0,0.0
2021-01-28 00:00:00-05:00,0.011950000189244747,0.011950000189244747,0.011950000189244747,0.011950000189244747,0,0.0,0.0
2021-01-29 00:00:00-05:00,0.014999999664723873,0.014999999664723873,0.006000000052154064,0.006000000052154064,17700,0.0,0.0
2021-02-01 00:00:00-05:00,0.006000000052154064,0.006000000052154064,0.006000000052154064,0.006000000052154064,0,0.0,0.0
2021-02-02 00:00:00-05:00,0.006000000052154064,0.006000000052154064,0.006000000052154064,0.006000000052154064,0,0.0,0.0
2021-02-03 00:00:00-05:00,0.006000000052154064,0.006000000052154064,0.006000000052154064,0.006000000052154064,0,0.0,0.0
2021-02-04 00:00:00-05:00,0.006000000052154064,0.006000000052154064,0.006000000052154064,0.006000000052154064,0,0.0,0.0
2021-02-05 00:00:00-05:00,0.006000000052154064,0.006000000052154064,0.006000000052154064,0.006000000052154064,0,0.0,0.0
2021-02-08 00:00:00-05:00,0.006000000052154064,0.006000000052154064,0.006000000052154064,0.006000000052154064,100,0.0,0.0
2021-02-09 00:00:00-05:00,0.014499999582767487,0.014999999664723873,0.014499999582767487,0.014999999664723873,5042,0.0,0.0
2021-02-10 00:00:00-05:00,0.01769999973475933,0.019999999552965164,0.01769999973475933,0.019999999552965164,50000,0.0,0.0
2021-02-11 00:00:00-05:00,0.019999999552965164,0.019999999552965164,0.019999999552965164,0.019999999552965164,10000,0.0,0.0
2021-02-12 00:00:00-05:00,0.008100000210106373,0.008100000210106373,0.008100000210106373,0.008100000210106373,6666,0.0,0.0
2021-02-16 00:00:00-05:00,0.006000000052154064,0.006000000052154064,0.006000000052154064,0.006000000052154064,600,0.0,0.0
2021-02-17 00:00:00-05:00,0.006000000052154064,0.006000000052154064,0.006000000052154064,0.006000000052154064,0,0.0,0.0
2021-02-18 00:00:00-05:00,0.006000000052154064,0.006000000052154064,0.006000000052154064,0.006000000052154064,0,0.0,0.0
2021-02-19 00:00:00-05:00,0.006000000052154064,0.006000000052154064,0.006000000052154064,0.006000000052154064,0,0.0,0.0
2021-02-22 00:00:00-05:00,0.006000000052154064,0.006000000052154064,0.006000000052154064,0.006000000052154064,0,0.0,0.0
2021-02-23 00:00:00-05:00,0.029999999329447746,0.029999999329447746,0.029999999329447746,0.029999999329447746,100,0.0,0.0
2021-02-24 00:00:00-05:00,0.029999999329447746,0.029999999329447746,0.029999999329447746,0.029999999329447746,0,0.0,0.0
2021-02-25 00:00:00-05:00,0.029999999329447746,0.029999999329447746,0.029999999329447746,0.029999999329447746,0,0.0,0.0
2021-02-26 00:00:00-05:00,0.029999999329447746,0.029999999329447746,0.027710000053048134,0.029999999329447746,5395,0.0,0.0
2021-03-01 00:00:00-05:00,0.029999999329447746,0.029999999329447746,0.029999999329447746,0.029999999329447746,1000,0.0,0.0
2021-03-02 00:00:00-05:00,0.029999999329447746,0.029999999329447746,0.029999999329447746,0.029999999329447746,0,0.0,0.0
2021-03-03 00:00:00-05:00,0.029999999329447746,0.029999999329447746,0.029999999329447746,0.029999999329447746,0,0.0,0.0
2021-03-04 00:00:00-05:00,0.029999999329447746,0.029999999329447746,0.029999999329447746,0.029999999329447746,0,0.0,0.0
2021-03-05 00:00:00-05:00,0.019999999552965164,0.019999999552965164,0.019999999552965164,0.019999999552965164,166,0.0,0.0
2021-03-08 00:00:00-05:00,0.019999999552965164,0.019999999552965164,0.019999999552965164,0.019999999552965164,0,0.0,0.0
2021-03-09 00:00:00-05:00,0.019999999552965164,0.019999999552965164,0.019999999552965164,0.019999999552965164,0,0.0,0.0
2021-03-10 00:00:00-05:00,0.019999999552965164,0.019999999552965164,0.019999999552965164,0.019999999552965164,0,0.0,0.0
2021-03-11 00:00:00-05:00,0.019999999552965164,0.019999999552965164,0.019999999552965164,0.019999999552965164,0,0.0,0.0
2021-03-12 00:00:00-05:00,0.029999999329447746,0.029999999329447746,0.029999999329447746,0.029999999329447746,7000,0.0,0.0
2021-03-15 00:00:00-04:00,0.010099999606609344,0.010099999606609344,0.009999999776482582,0.009999999776482582,1000,0.0,0.0
2021-03-16 00:00:00-04:00,0.009999999776482582,0.009999999776482582,0.009999999776482582,0.009999999776482582,0,0.0,0.0
2021-03-17 00:00:00-04:00,0.019109999760985374,0.019109999760985374,0.019109999760985374,0.019109999760985374,11116,0.0,0.0
2021-03-18 00:00:00-04:00,0.010499999858438969,0.010499999858438969,0.010499999858438969,0.010499999858438969,100,0.0,0.0
2021-03-19 00:00:00-04:00,0.014999999664723873,0.014999999664723873,0.014999999664723873,0.014999999664723873,2000,0.0,0.0
2021-03-22 00:00:00-04:00,0.014999999664723873,0.014999999664723873,0.014999999664723873,0.014999999664723873,0,0.0,0.0
2021-03-23 00:00:00-04:00,0.014999999664723873,0.014999999664723873,0.014999999664723873,0.014999999664723873,0,0.0,0.0
2021-03-24 00:00:00-04:00,0.014999999664723873,0.014999999664723873,0.014999999664723873,0.014999999664723873,0,0.0,0.0
2021-03-25 00:00:00-04:00,0.014999999664723873,0.014999999664723873,0.014999999664723873,0.014999999664723873,0,0.0,0.0
2021-03-26 00:00:00-04:00,0.014999999664723873,0.014999999664723873,0.014999999664723873,0.014999999664723873,0,0.0,0.0
2021-03-29 00:00:00-04:00,0.014999999664723873,0.014999999664723873,0.014999999664723873,0.014999999664723873,0,0.0,0.0
2021-03-30 00:00:00-04:00,0.014999999664723873,0.014999999664723873,0.014999999664723873,0.014999999664723873,0,0.0,0.0
2021-03-31 00:00:00-04:00,0.014999999664723873,0.014999999664723873,0.014999999664723873,0.014999999664723873,0,0.0,0.0
2021-04-01 00:00:00-04:00,0.014999999664723873,0.014999999664723873,0.014999999664723873,0.014999999664723873,0,0.0,0.0
2021-04-05 00:00:00-04:00,0.014999999664723873,0.014999999664723873,0.014999999664723873,0.014999999664723873,0,0.0,0.0
2021-04-06 00:00:00-04:00,0.014999999664723873,0.014999999664723873,0.014999999664723873,0.014999999664723873,0,0.0,0.0
2021-04-07 00:00:00-04:00,0.014999999664723873,0.029999999329447746,0.014999999664723873,0.028999999165534973,10000,0.0,0.0
2021-04-08 00:00:00-04:00,0.028999999165534973,0.028999999165534973,0.028999999165534973,0.028999999165534973,0,0.0,0.0
2021-04-09 00:00:00-04:00,0.028999999165534973,0.028999999165534973,0.028999999165534973,0.028999999165534973,0,0.0,0.0
2021-04-12 00:00:00-04:00,0.028999999165534973,0.028999999165534973,0.028999999165534973,0.028999999165534973,0,0.0,0.0
2021-04-13 00:00:00-04:00,0.028999999165534973,0.028999999165534973,0.028999999165534973,0.028999999165534973,0,0.0,0.0
2021-04-14 00:00:00-04:00,0.028999999165534973,0.028999999165534973,0.028999999165534973,0.028999999165534973,0,0.0,0.0
2021-04-15 00:00:00-04:00,0.028999999165534973,0.028999999165534973,0.028999999165534973,0.028999999165534973,0,0.0,0.0
2021-04-16 00:00:00-04:00,0.028999999165534973,0.028999999165534973,0.028999999165534973,0.028999999165534973,0,0.0,0.0
2021-04-19 00:00:00-04:00,0.028999999165534973,0.028999999165534973,0.028999999165534973,0.028999999165534973,0,0.0,0.0
2021-04-20 00:00:00-04:00,0.028999999165534973,0.028999999165534973,0.028999999165534973,0.028999999165534973,0,0.0,0.0
2021-04-21 00:00:00-04:00,0.028999999165534973,0.028999999165534973,0.028999999165534973,0.028999999165534973,0,0.0,0.0
2021-04-22 00:00:00-04:00,0.010689999908208847,0.010689999908208847,0.010689999908208847,0.010689999908208847,100,0.0,0.0
2021-04-23 00:00:00-04:00,0.010700000450015068,0.010700000450015068,0.010499999858438969,0.010499999858438969,10000,0.0,0.0
2021-04-26 00:00:00-04:00,0.010499999858438969,0.010499999858438969,0.010499999858438969,0.010499999858438969,0,0.0,0.0
2021-04-27 00:00:00-04:00,0.010499999858438969,0.010499999858438969,0.010499999858438969,0.010499999858438969,0,0.0,0.0
2021-04-28 00:00:00-04:00,0.010499999858438969,0.010499999858438969,0.010499999858438969,0.010499999858438969,0,0.0,0.0
2021-04-29 00:00:00-04:00,0.010499999858438969,0.010499999858438969,0.010499999858438969,0.010499999858438969,0,0.0,0.0
2021-04-30 00:00:00-04:00,0.010499999858438969,0.010499999858438969,0.010499999858438969,0.010499999858438969,0,0.0,0.0
2021-05-03 00:00:00-04:00,0.010499999858438969,0.010499999858438969,0.010499999858438969,0.010499999858438969,0,0.0,0.0
2021-05-04 00:00:00-04:00,0.010499999858438969,0.010499999858438969,0.010499999858438969,0.010499999858438969,0,0.0,0.0
2021-05-05 00:00:00-04:00,0.010499999858438969,0.010499999858438969,0.010499999858438969,0.010499999858438969,0,0.0,0.0
2021-05-06 00:00:00-04:00,0.029500000178813934,0.029500000178813934,0.019999999552965164,0.019999999552965164,13260,0.0,0.0
2021-05-07 00:00:00-04:00,0.019999999552965164,0.019999999552965164,0.019999999552965164,0.019999999552965164,0,0.0,0.0
2021-05-10 00:00:00-04:00,0.019999999552965164,0.019999999552965164,0.019999999552965164,0.019999999552965164,1000,0.0,0.0
2021-05-11 00:00:00-04:00,0.019999999552965164,0.019999999552965164,0.019999999552965164,0.019999999552965164,0,0.0,0.0
2021-05-12 00:00:00-04:00,0.010350000113248825,0.01510000042617321,0.010200000368058681,0.01510000042617321,13352,0.0,0.0
2021-05-13 00:00:00-04:00,0.01510000042617321,0.01510000042617321,0.01510000042617321,0.01510000042617321,0,0.0,0.0
2021-05-14 00:00:00-04:00,0.01510000042617321,0.01510000042617321,0.01510000042617321,0.01510000042617321,0,0.0,0.0
2021-05-17 00:00:00-04:00,0.019999999552965164,0.019999999552965164,0.009999999776482582,0.009999999776482582,78087,0.0,0.0
2021-05-18 00:00:00-04:00,0.009999999776482582,0.009999999776482582,0.009999999776482582,0.009999999776482582,0,0.0,0.0
2021-05-19 00:00:00-04:00,0.009999999776482582,0.009999999776482582,0.009999999776482582,0.009999999776482582,0,0.0,0.0
2021-05-20 00:00:00-04:00,0.009999999776482582,0.009999999776482582,0.009999999776482582,0.009999999776482582,0,0.0,0.0
2021-05-21 00:00:00-04:00,0.029500000178813934,0.029500000178813934,0.029500000178813934,0.029500000178813934,275,0.0,0.0
2021-05-24 00:00:00-04:00,0.029500000178813934,0.029500000178813934,0.029500000178813934,0.029500000178813934,5000,0.0,0.0
2021-05-25 00:00:00-04:00,0.013000000268220901,0.013000000268220901,0.009999999776482582,0.009999999776482582,7000,0.0,0.0
2021-05-26 00:00:00-04:00,0.009999999776482582,0.009999999776482582,0.009999999776482582,0.009999999776482582,0,0.0,0.0
2021-05-27 00:00:00-04:00,0.014999999664723873,0.014999999664723873,0.006000000052154064,0.006099999882280827,119467,0.0,0.0
2021-05-28 00:00:00-04:00,0.006099999882280827,0.006099999882280827,0.006099999882280827,0.006099999882280827,0,0.0,0.0
2021-06-01 00:00:00-04:00,0.006099999882280827,0.006099999882280827,0.006099999882280827,0.006099999882280827,0,0.0,0.0
2021-06-02 00:00:00-04:00,0.006099999882280827,0.006099999882280827,0.006099999882280827,0.006099999882280827,0,0.0,0.0
2021-06-03 00:00:00-04:00,0.00795000046491623,0.00795000046491623,0.00795000046491623,0.00795000046491623,120,0.0,0.0
2021-06-04 00:00:00-04:00,0.00795000046491623,0.00795000046491623,0.00795000046491623,0.00795000046491623,0,0.0,0.0
2021-06-07 00:00:00-04:00,0.00795000046491623,0.00795000046491623,0.00795000046491623,0.00795000046491623,0,0.0,0.0
2021-06-08 00:00:00-04:00,0.00795000046491623,0.00795000046491623,0.00795000046491623,0.00795000046491623,0,0.0,0.0
2021-06-09 00:00:00-04:00,0.008500000461935997,0.008500000461935997,0.008500000461935997,0.008500000461935997,250,0.0,0.0
2021-06-10 00:00:00-04:00,0.008500000461935997,0.008500000461935997,0.008500000461935997,0.008500000461935997,0,0.0,0.0
2021-06-11 00:00:00-04:00,0.008500000461935997,0.008500000461935997,0.008500000461935997,0.008500000461935997,0,0.0,0.0
2021-06-14 00:00:00-04:00,0.0006000000284984708,0.008500000461935997,0.0006000000284984708,0.008500000461935997,3995,0.0,0.0
2021-06-15 00:00:00-04:00,0.008500000461935997,0.008500000461935997,0.008500000461935997,0.008500000461935997,0,0.0,0.0
2021-06-16 00:00:00-04:00,0.008500000461935997,0.008500000461935997,0.008500000461935997,0.008500000461935997,0,0.0,0.0
2021-06-17 00:00:00-04:00,0.008500000461935997,0.008500000461935997,0.008500000461935997,0.008500000461935997,0,0.0,0.0
2021-06-18 00:00:00-04:00,0.008500000461935997,0.008500000461935997,0.008500000461935997,0.008500000461935997,200,0.0,0.0
2021-06-21 00:00:00-04:00,0.007000000216066837,0.007000000216066837,0.007000000216066837,0.007000000216066837,10000,0.0,0.0
2021-06-22 00:00:00-04:00,0.007000000216066837,0.007000000216066837,0.007000000216066837,0.007000000216066837,0,0.0,0.0
2021-06-23 00:00:00-04:00,0.007000000216066837,0.007000000216066837,0.007000000216066837,0.007000000216066837,0,0.0,0.0
2021-06-24 00:00:00-04:00,0.007000000216066837,0.007000000216066837,0.007000000216066837,0.007000000216066837,0,0.0,0.0
2021-06-25 00:00:00-04:00,0.007000000216066837,0.007000000216066837,0.007000000216066837,0.007000000216066837,0,0.0,0.0
2021-06-28 00:00:00-04:00,0.007000000216066837,0.007000000216066837,0.007000000216066837,0.007000000216066837,0,0.0,0.0
2021-06-29 00:00:00-04:00,0.007000000216066837,0.007000000216066837,0.007000000216066837,0.007000000216066837,0,0.0,0.0
2021-06-30 00:00:00-04:00,0.007000000216066837,0.007000000216066837,0.007000000216066837,0.007000000216066837,0,0.0,0.0
2021-07-01 00:00:00-04:00,0.007000000216066837,0.007000000216066837,0.007000000216066837,0.007000000216066837,0,0.0,0.0
2021-07-02 00:00:00-04:00,0.007000000216066837,0.007000000216066837,0.007000000216066837,0.007000000216066837,0,0.0,0.0
2021-07-06 00:00:00-04:00,0.007000000216066837,0.007000000216066837,0.007000000216066837,0.007000000216066837,0,0.0,0.0
2021-07-07 00:00:00-04:00,0.007000000216066837,0.007000000216066837,0.007000000216066837,0.007000000216066837,0,0.0,0.0
2021-07-08 00:00:00-04:00,0.007000000216066837,0.007000000216066837,0.007000000216066837,0.007000000216066837,12710,0.0,0.0
2021-07-09 00:00:00-04:00,0.007000000216066837,0.007000000216066837,0.007000000216066837,0.007000000216066837,103,0.0,0.0
2021-07-12 00:00:00-04:00,0.007000000216066837,0.007000000216066837,0.007000000216066837,0.007000000216066837,0,0.0,0.0
2021-07-13 00:00:00-04:00,0.008500000461935997,0.008500000461935997,0.007000000216066837,0.007000000216066837,122060,0.0,0.0
2021-07-14 00:00:00-04:00,0.004999999888241291,0.004999999888241291,0.004999999888241291,0.004999999888241291,5427,0.0,0.0
2021-07-15 00:00:00-04:00,0.004999999888241291,0.004999999888241291,0.004999999888241291,0.004999999888241291,0,0.0,0.0
2021-07-16 00:00:00-04:00,0.004999999888241291,0.004999999888241291,0.004999999888241291,0.004999999888241291,2010,0.0,0.0
2021-07-19 00:00:00-04:00,0.005109999794512987,0.005109999794512987,0.005109999794512987,0.005109999794512987,1200,0.0,0.0
2021-07-20 00:00:00-04:00,0.005109999794512987,0.005109999794512987,0.005109999794512987,0.005109999794512987,0,0.0,0.0
2021-07-21 00:00:00-04:00,0.004999999888241291,0.004999999888241291,0.004999999888241291,0.004999999888241291,130,0.0,0.0
2021-07-22 00:00:00-04:00,0.004999999888241291,0.004999999888241291,0.004999999888241291,0.004999999888241291,0,0.0,0.0
2021-07-23 00:00:00-04:00,0.004999999888241291,0.004999999888241291,0.004999999888241291,0.004999999888241291,0,0.0,0.0
2021-07-26 00:00:00-04:00,0.004999999888241291,0.004999999888241291,0.004999999888241291,0.004999999888241291,0,0.0,0.0
2021-07-27 00:00:00-04:00,0.004999999888241291,0.004999999888241291,0.004999999888241291,0.004999999888241291,0,0.0,0.0
2021-07-28 00:00:00-04:00,0.004999999888241291,0.004999999888241291,0.004999999888241291,0.004999999888241291,0,0.0,0.0
2021-07-29 00:00:00-04:00,0.004999999888241291,0.004999999888241291,0.004999999888241291,0.004999999888241291,0,0.0,0.0
2021-07-30 00:00:00-04:00,0.004999999888241291,0.004999999888241291,0.004999999888241291,0.004999999888241291,0,0.0,0.0
2021-08-02 00:00:00-04:00,0.004999999888241291,0.004999999888241291,0.004999999888241291,0.004999999888241291,0,0.0,0.0
2021-08-03 00:00:00-04:00,0.004999999888241291,0.006949999835342169,0.004999999888241291,0.006940000224858522,1195,0.0,0.0
2021-08-04 00:00:00-04:00,0.006940000224858522,0.006940000224858522,0.006940000224858522,0.006940000224858522,0,0.0,0.0
2021-08-05 00:00:00-04:00,0.006949999835342169,0.006949999835342169,0.006949999835342169,0.006949999835342169,200,0.0,0.0
2021-08-06 00:00:00-04:00,0.007000000216066837,0.007000000216066837,0.007000000216066837,0.007000000216066837,1099,0.0,0.0
2021-08-09 00:00:00-04:00,0.005750000011175871,0.005750000011175871,0.0003000000142492354,0.005049999803304672,26000,0.0,0.0
2021-08-10 00:00:00-04:00,0.005049999803304672,0.005049999803304672,0.005049999803304672,0.005049999803304672,0,0.0,0.0
2021-08-11 00:00:00-04:00,0.005049999803304672,0.005049999803304672,0.005049999803304672,0.005049999803304672,0,0.0,0.0
2021-08-12 00:00:00-04:00,0.0005799999926239252,0.0005799999926239252,0.00039999998989515007,0.00039999998989515007,312,0.0,0.0
2021-08-13 00:00:00-04:00,0.00039999998989515007,0.00039999998989515007,0.00039999998989515007,0.00039999998989515007,0,0.0,0.0
2021-08-16 00:00:00-04:00,0.00039999998989515007,0.00039999998989515007,0.00039999998989515007,0.00039999998989515007,0,0.0,0.0
2021-08-17 00:00:00-04:00,0.00039999998989515007,0.00039999998989515007,0.00039999998989515007,0.00039999998989515007,0,0.0,0.0
2021-08-18 00:00:00-04:00,0.00039999998989515007,0.00039999998989515007,0.00039999998989515007,0.00039999998989515007,0,0.0,0.0
2021-08-19 00:00:00-04:00,0.00039999998989515007,0.00039999998989515007,0.00039999998989515007,0.00039999998989515007,0,0.0,0.0
2021-08-20 00:00:00-04:00,0.00039999998989515007,0.00039999998989515007,0.00039999998989515007,0.00039999998989515007,0,0.0,0.0
2021-08-23 00:00:00-04:00,0.00039999998989515007,0.00039999998989515007,0.00039999998989515007,0.00039999998989515007,0,0.0,0.0
2021-08-24 00:00:00-04:00,0.00039999998989515007,0.00039999998989515007,0.00039999998989515007,0.00039999998989515007,0,0.0,0.0
2021-08-25 00:00:00-04:00,0.00039999998989515007,0.00039999998989515007,0.00039999998989515007,0.00039999998989515007,0,0.0,0.0
2021-08-26 00:00:00-04:00,0.00039999998989515007,0.00039999998989515007,0.00039999998989515007,0.00039999998989515007,0,0.0,0.0
2021-08-27 00:00:00-04:00,0.00039999998989515007,0.00039999998989515007,0.00039999998989515007,0.00039999998989515007,0,0.0,0.0
2021-08-30 00:00:00-04:00,0.00039999998989515007,0.00039999998989515007,0.00039999998989515007,0.00039999998989515007,0,0.0,0.0
2021-08-31 00:00:00-04:00,0.007000000216066837,0.007000000216066837,0.007000000216066837,0.007000000216066837,2950,0.0,0.0
2021-09-01 00:00:00-04:00,0.007000000216066837,0.007000000216066837,0.007000000216066837,0.007000000216066837,0,0.0,0.0
2021-09-02 00:00:00-04:00,0.004999999888241291,0.004999999888241291,0.004999999888241291,0.004999999888241291,29000,0.0,0.0
2021-09-03 00:00:00-04:00,0.004999999888241291,0.004999999888241291,0.004999999888241291,0.004999999888241291,0,0.0,0.0
2021-09-07 00:00:00-04:00,0.0037499999161809683,0.0037499999161809683,0.0037499999161809683,0.0037499999161809683,501,0.0,0.0
2021-09-08 00:00:00-04:00,0.0037499999161809683,0.0037499999161809683,0.0037499999161809683,0.0037499999161809683,0,0.0,0.0
2021-09-09 00:00:00-04:00,0.0037499999161809683,0.0037499999161809683,0.0037499999161809683,0.0037499999161809683,0,0.0,0.0
2021-09-10 00:00:00-04:00,0.0037499999161809683,0.0037499999161809683,0.0037499999161809683,0.0037499999161809683,0,0.0,0.0
2021-09-13 00:00:00-04:00,0.0037499999161809683,0.0037499999161809683,0.0037499999161809683,0.0037499999161809683,0,0.0,0.0
2021-09-14 00:00:00-04:00,0.0037499999161809683,0.0037499999161809683,0.0037499999161809683,0.0037499999161809683,0,0.0,0.0
2021-09-15 00:00:00-04:00,0.0037499999161809683,0.0037499999161809683,0.0037499999161809683,0.0037499999161809683,0,0.0,0.0
2021-09-16 00:00:00-04:00,0.0006000000284984708,0.0006000000284984708,0.0006000000284984708,0.0006000000284984708,115,0.0,0.0
2021-09-17 00:00:00-04:00,0.0006000000284984708,0.0006000000284984708,0.0006000000284984708,0.0006000000284984708,3000,0.0,0.0
2021-09-20 00:00:00-04:00,0.0006000000284984708,0.0006000000284984708,0.0006000000284984708,0.0006000000284984708,0,0.0,0.0
2021-09-21 00:00:00-04:00,0.0006000000284984708,0.0006000000284984708,0.0006000000284984708,0.0006000000284984708,0,0.0,0.0
2021-09-22 00:00:00-04:00,0.0006000000284984708,0.0006000000284984708,0.0006000000284984708,0.0006000000284984708,0,0.0,0.0
2021-09-23 00:00:00-04:00,0.0006000000284984708,0.0006000000284984708,0.0006000000284984708,0.0006000000284984708,0,0.0,0.0
2021-09-24 00:00:00-04:00,0.0006000000284984708,0.0006000000284984708,0.0006000000284984708,0.0006000000284984708,0,0.0,0.0
2021-09-27 00:00:00-04:00,0.0006000000284984708,0.0006000000284984708,0.0006000000284984708,0.0006000000284984708,0,0.0,0.0
2021-09-28 00:00:00-04:00,0.0006000000284984708,0.0006000000284984708,0.0006000000284984708,0.0006000000284984708,0,0.0,0.0
2021-09-29 00:00:00-04:00,0.0006000000284984708,0.0006000000284984708,0.0006000000284984708,0.0006000000284984708,0,0.0,0.0
2021-09-30 00:00:00-04:00,0.0006000000284984708,0.0006000000284984708,0.0006000000284984708,0.0006000000284984708,0,0.0,0.0
2021-10-01 00:00:00-04:00,0.0006000000284984708,0.0006000000284984708,0.0006000000284984708,0.0006000000284984708,0,0.0,0.0
2021-10-04 00:00:00-04:00,0.0006000000284984708,0.0006000000284984708,0.0006000000284984708,0.0006000000284984708,0,0.0,0.0
2021-10-05 00:00:00-04:00,0.0006000000284984708,0.0006000000284984708,0.0006000000284984708,0.0006000000284984708,0,0.0,0.0
2021-10-06 00:00:00-04:00,0.0006000000284984708,0.0006000000284984708,0.0006000000284984708,0.0006000000284984708,0,0.0,0.0
2021-10-07 00:00:00-04:00,0.0006000000284984708,0.0006000000284984708,0.0006000000284984708,0.0006000000284984708,0,0.0,0.0
2021-10-08 00:00:00-04:00,0.0006000000284984708,0.0006000000284984708,0.0006000000284984708,0.0006000000284984708,0,0.0,0.0
2021-10-11 00:00:00-04:00,0.0006000000284984708,0.0006000000284984708,0.0006000000284984708,0.0006000000284984708,0,0.0,0.0
2021-10-12 00:00:00-04:00,0.0006000000284984708,0.0006000000284984708,0.0006000000284984708,0.0006000000284984708,0,0.0,0.0
2021-10-13 00:00:00-04:00,0.0006000000284984708,0.0006000000284984708,0.0006000000284984708,0.0006000000284984708,0,0.0,0.0
2021-10-14 00:00:00-04:00,0.0006000000284984708,0.0006000000284984708,0.0006000000284984708,0.0006000000284984708,0,0.0,0.0
2021-10-15 00:00:00-04:00,0.0006000000284984708,0.0006000000284984708,0.0006000000284984708,0.0006000000284984708,0,0.0,0.0
2021-10-18 00:00:00-04:00,0.0006000000284984708,0.0006000000284984708,0.0006000000284984708,0.0006000000284984708,0,0.0,0.0
2021-10-19 00:00:00-04:00,0.0006000000284984708,0.0006000000284984708,0.0006000000284984708,0.0006000000284984708,0,0.0,0.0
2021-10-20 00:00:00-04:00,0.0006000000284984708,0.0006000000284984708,0.0006000000284984708,0.0006000000284984708,0,0.0,0.0
2021-10-21 00:00:00-04:00,0.0006000000284984708,0.0006000000284984708,0.0006000000284984708,0.0006000000284984708,0,0.0,0.0
2021-10-22 00:00:00-04:00,0.0006000000284984708,0.0006000000284984708,0.0006000000284984708,0.0006000000284984708,0,0.0,0.0
2021-10-25 00:00:00-04:00,0.0006000000284984708,0.0006000000284984708,0.0006000000284984708,0.0006000000284984708,0,0.0,0.0
2021-10-26 00:00:00-04:00,0.0006000000284984708,0.0006000000284984708,0.0006000000284984708,0.0006000000284984708,0,0.0,0.0
2021-10-27 00:00:00-04:00,0.0006000000284984708,0.0006000000284984708,0.0006000000284984708,0.0006000000284984708,0,0.0,0.0
2021-10-28 00:00:00-04:00,0.0006000000284984708,0.0006000000284984708,0.0006000000284984708,0.0006000000284984708,0,0.0,0.0
2021-10-29 00:00:00-04:00,0.0006000000284984708,0.0006000000284984708,0.0006000000284984708,0.0006000000284984708,0,0.0,0.0
2021-11-01 00:00:00-04:00,0.0006000000284984708,0.0006000000284984708,0.0006000000284984708,0.0006000000284984708,0,0.0,0.0
2021-11-02 00:00:00-04:00,0.0006000000284984708,0.0006000000284984708,0.0006000000284984708,0.0006000000284984708,0,0.0,0.0
2021-11-03 00:00:00-04:00,0.0006000000284984708,0.0006000000284984708,0.0006000000284984708,0.0006000000284984708,0,0.0,0.0
2021-11-04 00:00:00-04:00,0.0006000000284984708,0.0006000000284984708,0.0006000000284984708,0.0006000000284984708,0,0.0,0.0
2021-11-05 00:00:00-04:00,0.0006000000284984708,0.0006000000284984708,0.0006000000284984708,0.0006000000284984708,0,0.0,0.0
2021-11-08 00:00:00-05:00,0.0006000000284984708,0.0006000000284984708,0.0006000000284984708,0.0006000000284984708,0,0.0,0.0
2021-11-09 00:00:00-05:00,0.0006000000284984708,0.0006000000284984708,0.0006000000284984708,0.0006000000284984708,0,0.0,0.0
2021-11-10 00:00:00-05:00,0.0006000000284984708,0.0006000000284984708,0.0006000000284984708,0.0006000000284984708,0,0.0,0.0
2021-11-11 00:00:00-05:00,0.0006000000284984708,0.0006000000284984708,0.0006000000284984708,0.0006000000284984708,0,0.0,0.0
2021-11-12 00:00:00-05:00,0.0006000000284984708,0.0006000000284984708,0.0006000000284984708,0.0006000000284984708,0,0.0,0.0
2021-11-15 00:00:00-05:00,0.0006000000284984708,0.0006000000284984708,0.0006000000284984708,0.0006000000284984708,0,0.0,0.0
2021-11-16 00:00:00-05:00,0.0006000000284984708,0.0006000000284984708,0.0006000000284984708,0.0006000000284984708,0,0.0,0.0
2021-11-17 00:00:00-05:00,0.0006000000284984708,0.0006000000284984708,0.0006000000284984708,0.0006000000284984708,0,0.0,0.0
2021-11-18 00:00:00-05:00,0.0006000000284984708,0.0006000000284984708,0.0006000000284984708,0.0006000000284984708,0,0.0,0.0
2021-11-19 00:00:00-05:00,0.0006000000284984708,0.0006000000284984708,0.0006000000284984708,0.0006000000284984708,0,0.0,0.0
2021-11-22 00:00:00-05:00,0.0006000000284984708,0.0006000000284984708,0.0006000000284984708,0.0006000000284984708,0,0.0,0.0
2021-11-23 00:00:00-05:00,0.0006000000284984708,0.0006000000284984708,0.0006000000284984708,0.0006000000284984708,0,0.0,0.0
2021-11-24 00:00:00-05:00,0.0006000000284984708,0.0006000000284984708,0.0006000000284984708,0.0006000000284984708,0,0.0,0.0
2021-11-26 00:00:00-05:00,0.0006000000284984708,0.0006000000284984708,0.0006000000284984708,0.0006000000284984708,0,0.0,0.0
2021-11-29 00:00:00-05:00,0.0006000000284984708,0.0006000000284984708,0.0006000000284984708,0.0006000000284984708,0,0.0,0.0
2021-11-30 00:00:00-05:00,0.0006000000284984708,0.0006000000284984708,0.0006000000284984708,0.0006000000284984708,0,0.0,0.0
2021-12-01 00:00:00-05:00,0.0006000000284984708,0.0006000000284984708,0.0006000000284984708,0.0006000000284984708,0,0.0,0.0
2021-12-02 00:00:00-05:00,0.0006000000284984708,0.0006000000284984708,0.0006000000284984708,0.0006000000284984708,0,0.0,0.0
2021-12-03 00:00:00-05:00,0.0006000000284984708,0.0006000000284984708,0.0006000000284984708,0.0006000000284984708,0,0.0,0.0
2021-12-06 00:00:00-05:00,0.0006000000284984708,0.0006000000284984708,0.0006000000284984708,0.0006000000284984708,0,0.0,0.0
2021-12-07 00:00:00-05:00,0.0006000000284984708,0.0006000000284984708,0.0006000000284984708,0.0006000000284984708,0,0.0,0.0
2021-12-08 00:00:00-05:00,0.0006000000284984708,0.0006000000284984708,0.0006000000284984708,0.0006000000284984708,0,0.0,0.0
2021-12-09 00:00:00-05:00,0.0006000000284984708,0.0006000000284984708,0.0006000000284984708,0.0006000000284984708,0,0.0,0.0
2021-12-10 00:00:00-05:00,0.0006000000284984708,0.0006000000284984708,0.0006000000284984708,0.0006000000284984708,0,0.0,0.0
2021-12-13 00:00:00-05:00,0.0006000000284984708,0.0006000000284984708,0.0006000000284984708,0.0006000000284984708,0,0.0,0.0
2021-12-14 00:00:00-05:00,0.0006000000284984708,0.0006000000284984708,0.0006000000284984708,0.0006000000284984708,0,0.0,0.0
2021-12-15 00:00:00-05:00,0.0006000000284984708,0.0006000000284984708,0.0006000000284984708,0.0006000000284984708,0,0.0,0.0
2021-12-16 00:00:00-05:00,0.0006000000284984708,0.0006000000284984708,0.0006000000284984708,0.0006000000284984708,0,0.0,0.0
2021-12-17 00:00:00-05:00,0.0006000000284984708,0.0006000000284984708,0.0006000000284984708,0.0006000000284984708,0,0.0,0.0
2021-12-20 00:00:00-05:00,0.0006000000284984708,0.0006000000284984708,0.0006000000284984708,0.0006000000284984708,0,0.0,0.0
2021-12-21 00:00:00-05:00,0.0006000000284984708,0.0006000000284984708,0.0006000000284984708,0.0006000000284984708,0,0.0,0.0
2021-12-22 00:00:00-05:00,0.0006000000284984708,0.0006000000284984708,0.0006000000284984708,0.0006000000284984708,0,0.0,0.0
2021-12-23 00:00:00-05:00,0.0006000000284984708,0.0006000000284984708,0.0006000000284984708,0.0006000000284984708,0,0.0,0.0
2021-12-27 00:00:00-05:00,0.0006000000284984708,0.0006000000284984708,0.0006000000284984708,0.0006000000284984708,0,0.0,0.0
2021-12-28 00:00:00-05:00,0.0006000000284984708,0.0006000000284984708,0.0006000000284984708,0.0006000000284984708,0,0.0,0.0
2021-12-29 00:00:00-05:00,0.0006000000284984708,0.0006000000284984708,0.0006000000284984708,0.0006000000284984708,0,0.0,0.0
2021-12-30 00:00:00-05:00,0.0006000000284984708,0.0006000000284984708,0.0006000000284984708,0.0006000000284984708,0,0.0,0.0
2021-12-31 00:00:00-05:00,0.0006000000284984708,0.0006000000284984708,0.0006000000284984708,0.0006000000284984708,0,0.0,0.0
2022-01-03 00:00:00-05:00,0.0006000000284984708,0.0006000000284984708,0.0006000000284984708,0.0006000000284984708,0,0.0,0.0
2022-01-04 00:00:00-05:00,0.0006000000284984708,0.0006000000284984708,0.0006000000284984708,0.0006000000284984708,0,0.0,0.0
2022-01-05 00:00:00-05:00,0.0006000000284984708,0.0006000000284984708,0.0006000000284984708,0.0006000000284984708,0,0.0,0.0
2022-01-06 00:00:00-05:00,0.0006000000284984708,0.0006000000284984708,0.0006000000284984708,0.0006000000284984708,0,0.0,0.0
2022-01-07 00:00:00-05:00,0.0006000000284984708,0.0006000000284984708,0.0006000000284984708,0.0006000000284984708,0,0.0,0.0
2022-01-10 00:00:00-05:00,0.0006000000284984708,0.0006000000284984708,0.0006000000284984708,0.0006000000284984708,0,0.0,0.0
2022-01-11 00:00:00-05:00,0.0006000000284984708,0.0006000000284984708,0.0006000000284984708,0.0006000000284984708,0,0.0,0.0
2022-01-12 00:00:00-05:00,0.0006000000284984708,0.0006000000284984708,0.0006000000284984708,0.0006000000284984708,0,0.0,0.0
2022-01-13 00:00:00-05:00,0.0006000000284984708,0.0006000000284984708,0.0006000000284984708,0.0006000000284984708,0,0.0,0.0
2022-01-14 00:00:00-05:00,0.0006000000284984708,0.0006000000284984708,0.0006000000284984708,0.0006000000284984708,0,0.0,0.0
2022-01-18 00:00:00-05:00,0.0006000000284984708,0.0006000000284984708,0.0006000000284984708,0.0006000000284984708,0,0.0,0.0
2022-01-19 00:00:00-05:00,0.0006000000284984708,0.0006000000284984708,0.0006000000284984708,0.0006000000284984708,0,0.0,0.0
2022-01-20 00:00:00-05:00,0.0006000000284984708,0.0006000000284984708,0.0006000000284984708,0.0006000000284984708,0,0.0,0.0
2022-01-21 00:00:00-05:00,0.0006000000284984708,0.0006000000284984708,0.0006000000284984708,0.0006000000284984708,0,0.0,0.0
2022-01-24 00:00:00-05:00,0.0006000000284984708,0.0006000000284984708,0.0006000000284984708,0.0006000000284984708,0,0.0,0.0
2022-01-25 00:00:00-05:00,0.0006000000284984708,0.0006000000284984708,0.0006000000284984708,0.0006000000284984708,0,0.0,0.0
2022-01-26 00:00:00-05:00,0.0006000000284984708,0.0006000000284984708,0.0006000000284984708,0.0006000000284984708,0,0.0,0.0
2022-01-27 00:00:00-05:00,0.0006000000284984708,0.0006000000284984708,0.0006000000284984708,0.0006000000284984708,0,0.0,0.0
2022-01-28 00:00:00-05:00,0.0006000000284984708,0.0006000000284984708,0.0006000000284984708,0.0006000000284984708,0,0.0,0.0
2022-01-31 00:00:00-05:00,0.0006000000284984708,0.0006000000284984708,0.0006000000284984708,0.0006000000284984708,0,0.0,0.0
2022-02-01 00:00:00-05:00,0.0006000000284984708,0.0006000000284984708,0.0006000000284984708,0.0006000000284984708,0,0.0,0.0
2022-02-02 00:00:00-05:00,0.0006000000284984708,0.0006000000284984708,0.0006000000284984708,0.0006000000284984708,0,0.0,0.0
2022-02-03 00:00:00-05:00,0.0006000000284984708,0.0006000000284984708,0.0006000000284984708,0.0006000000284984708,0,0.0,0.0
2022-02-04 00:00:00-05:00,0.0006000000284984708,0.0006000000284984708,0.0006000000284984708,0.0006000000284984708,0,0.0,0.0
2022-02-07 00:00:00-05:00,0.0006000000284984708,0.0006000000284984708,0.0006000000284984708,0.0006000000284984708,0,0.0,0.0
2022-02-08 00:00:00-05:00,0.0006000000284984708,0.0006000000284984708,0.0006000000284984708,0.0006000000284984708,0,0.0,0.0
2022-02-09 00:00:00-05:00,0.0006000000284984708,0.0006000000284984708,0.0006000000284984708,0.0006000000284984708,0,0.0,0.0
2022-02-10 00:00:00-05:00,0.0006000000284984708,0.0006000000284984708,0.0006000000284984708,0.0006000000284984708,0,0.0,0.0
2022-02-11 00:00:00-05:00,0.0006000000284984708,0.0006000000284984708,0.0006000000284984708,0.0006000000284984708,0,0.0,0.0
2022-02-14 00:00:00-05:00,0.0006000000284984708,0.0006000000284984708,0.0006000000284984708,0.0006000000284984708,0,0.0,0.0
2022-02-15 00:00:00-05:00,0.0006000000284984708,0.0006000000284984708,0.0006000000284984708,0.0006000000284984708,0,0.0,0.0
2022-02-16 00:00:00-05:00,0.0006000000284984708,0.0006000000284984708,0.0006000000284984708,0.0006000000284984708,0,0.0,0.0
2022-02-17 00:00:00-05:00,0.0006000000284984708,0.0006000000284984708,0.0006000000284984708,0.0006000000284984708,0,0.0,0.0
2022-02-18 00:00:00-05:00,0.0006000000284984708,0.0006000000284984708,0.0006000000284984708,0.0006000000284984708,0,0.0,0.0
2022-02-22 00:00:00-05:00,0.0006000000284984708,0.0006000000284984708,0.0006000000284984708,0.0006000000284984708,0,0.0,0.0
2022-02-23 00:00:00-05:00,0.0006000000284984708,0.0006000000284984708,0.0006000000284984708,0.0006000000284984708,0,0.0,0.0
2022-02-24 00:00:00-05:00,0.0006000000284984708,0.0006000000284984708,0.0006000000284984708,0.0006000000284984708,0,0.0,0.0
2022-02-25 00:00:00-05:00,0.0006000000284984708,0.0006000000284984708,0.0006000000284984708,0.0006000000284984708,0,0.0,0.0
2022-02-28 00:00:00-05:00,0.0006000000284984708,0.0006000000284984708,0.0006000000284984708,0.0006000000284984708,0,0.0,0.0
2022-03-01 00:00:00-05:00,0.0006000000284984708,0.0006000000284984708,0.0006000000284984708,0.0006000000284984708,0,0.0,0.0
2022-03-02 00:00:00-05:00,0.0006000000284984708,0.0006000000284984708,0.0006000000284984708,0.0006000000284984708,0,0.0,0.0
2022-03-03 00:00:00-05:00,0.0006000000284984708,0.0006000000284984708,0.0006000000284984708,0.0006000000284984708,0,0.0,0.0
2022-03-04 00:00:00-05:00,0.0006000000284984708,0.0006000000284984708,0.0006000000284984708,0.0006000000284984708,0,0.0,0.0
2022-03-07 00:00:00-05:00,0.0006000000284984708,0.0006000000284984708,0.0006000000284984708,0.0006000000284984708,0,0.0,0.0
2022-03-08 00:00:00-05:00,0.0006000000284984708,0.0006000000284984708,0.0006000000284984708,0.0006000000284984708,0,0.0,0.0
2022-03-09 00:00:00-05:00,0.0006000000284984708,0.0006000000284984708,0.0006000000284984708,0.0006000000284984708,0,0.0,0.0
2022-03-10 00:00:00-05:00,0.0006000000284984708,0.0006000000284984708,0.0006000000284984708,0.0006000000284984708,0,0.0,0.0
2022-03-11 00:00:00-05:00,0.0006000000284984708,0.0006000000284984708,0.0006000000284984708,0.0006000000284984708,0,0.0,0.0
2022-03-14 00:00:00-04:00,0.0006000000284984708,0.0006000000284984708,0.0006000000284984708,0.0006000000284984708,0,0.0,0.0
2022-03-15 00:00:00-04:00,0.0006000000284984708,0.0006000000284984708,0.0006000000284984708,0.0006000000284984708,0,0.0,0.0
2022-03-16 00:00:00-04:00,0.0006000000284984708,0.0006000000284984708,0.0006000000284984708,0.0006000000284984708,0,0.0,0.0
2022-03-17 00:00:00-04:00,0.0006000000284984708,0.0006000000284984708,0.0006000000284984708,0.0006000000284984708,0,0.0,0.0
2022-03-18 00:00:00-04:00,0.0006000000284984708,0.0006000000284984708,0.0006000000284984708,0.0006000000284984708,0,0.0,0.0
2022-03-21 00:00:00-04:00,0.0006000000284984708,0.0006000000284984708,0.0006000000284984708,0.0006000000284984708,0,0.0,0.0
2022-03-22 00:00:00-04:00,0.0006000000284984708,0.0006000000284984708,0.0006000000284984708,0.0006000000284984708,0,0.0,0.0
2022-03-23 00:00:00-04:00,0.0006000000284984708,0.0006000000284984708,0.0006000000284984708,0.0006000000284984708,0,0.0,0.0
2022-03-24 00:00:00-04:00,0.0006000000284984708,0.0006000000284984708,0.0006000000284984708,0.0006000000284984708,0,0.0,0.0
2022-03-25 00:00:00-04:00,0.0006000000284984708,0.0006000000284984708,0.0006000000284984708,0.0006000000284984708,0,0.0,0.0
2022-03-28 00:00:00-04:00,0.0006000000284984708,0.0006000000284984708,0.0006000000284984708,0.0006000000284984708,0,0.0,0.0
2022-03-29 00:00:00-04:00,0.0006000000284984708,0.0006000000284984708,0.0006000000284984708,0.0006000000284984708,0,0.0,0.0
2022-03-30 00:00:00-04:00,0.0006000000284984708,0.0006000000284984708,0.0006000000284984708,0.0006000000284984708,0,0.0,0.0
2022-03-31 00:00:00-04:00,0.0006000000284984708,0.0006000000284984708,0.0006000000284984708,0.0006000000284984708,0,0.0,0.0
2022-04-01 00:00:00-04:00,0.0006000000284984708,0.0006000000284984708,0.0006000000284984708,0.0006000000284984708,0,0.0,0.0
2022-04-04 00:00:00-04:00,0.0006000000284984708,0.0006000000284984708,0.0006000000284984708,0.0006000000284984708,0,0.0,0.0
2022-04-05 00:00:00-04:00,0.0006000000284984708,0.0006000000284984708,0.0006000000284984708,0.0006000000284984708,0,0.0,0.0
2022-04-06 00:00:00-04:00,0.0006000000284984708,0.0006000000284984708,0.0006000000284984708,0.0006000000284984708,0,0.0,0.0
2022-04-07 00:00:00-04:00,0.0006000000284984708,0.0006000000284984708,0.0006000000284984708,0.0006000000284984708,0,0.0,0.0
2022-04-08 00:00:00-04:00,0.0006000000284984708,0.0006000000284984708,0.0006000000284984708,0.0006000000284984708,0,0.0,0.0
2022-04-11 00:00:00-04:00,0.0006000000284984708,0.0006000000284984708,0.0006000000284984708,0.0006000000284984708,0,0.0,0.0
2022-04-12 00:00:00-04:00,0.0006000000284984708,0.0006000000284984708,0.0006000000284984708,0.0006000000284984708,0,0.0,0.0
2022-04-13 00:00:00-04:00,0.0006000000284984708,0.0006000000284984708,0.0006000000284984708,0.0006000000284984708,0,0.0,0.0
2022-04-14 00:00:00-04:00,0.0006000000284984708,0.0006000000284984708,0.0006000000284984708,0.0006000000284984708,0,0.0,0.0
2022-04-18 00:00:00-04:00,0.0006000000284984708,0.0006000000284984708,0.0006000000284984708,0.0006000000284984708,0,0.0,0.0
2022-04-19 00:00:00-04:00,0.0006000000284984708,0.0006000000284984708,0.0006000000284984708,0.0006000000284984708,0,0.0,0.0
2022-04-20 00:00:00-04:00,0.0006000000284984708,0.0006000000284984708,0.0006000000284984708,0.0006000000284984708,0,0.0,0.0
2022-04-21 00:00:00-04:00,0.0006000000284984708,0.0006000000284984708,0.0006000000284984708,0.0006000000284984708,0,0.0,0.0
2022-04-22 00:00:00-04:00,0.0006000000284984708,0.0006000000284984708,0.0006000000284984708,0.0006000000284984708,0,0.0,0.0
2022-04-25 00:00:00-04:00,0.0006000000284984708,0.0006000000284984708,0.0006000000284984708,0.0006000000284984708,0,0.0,0.0
2022-04-26 00:00:00-04:00,0.0006000000284984708,0.0006000000284984708,0.0006000000284984708,0.0006000000284984708,0,0.0,0.0
2022-04-27 00:00:00-04:00,0.0006000000284984708,0.0006000000284984708,0.0006000000284984708,0.0006000000284984708,0,0.0,0.0
2022-04-28 00:00:00-04:00,0.0006000000284984708,0.0006000000284984708,0.0006000000284984708,0.0006000000284984708,0,0.0,0.0
2022-04-29 00:00:00-04:00,0.0006000000284984708,0.0006000000284984708,0.0006000000284984708,0.0006000000284984708,0,0.0,0.0
2022-05-02 00:00:00-04:00,0.0006000000284984708,0.0006000000284984708,0.0006000000284984708,0.0006000000284984708,0,0.0,0.0
2022-05-03 00:00:00-04:00,0.0006000000284984708,0.0006000000284984708,0.0006000000284984708,0.0006000000284984708,0,0.0,0.0
2022-05-04 00:00:00-04:00,0.0006000000284984708,0.0006000000284984708,0.0006000000284984708,0.0006000000284984708,0,0.0,0.0
2022-05-05 00:00:00-04:00,0.0006000000284984708,0.0006000000284984708,0.0006000000284984708,0.0006000000284984708,0,0.0,0.0
2022-05-06 00:00:00-04:00,0.0006000000284984708,0.0006000000284984708,0.0006000000284984708,0.0006000000284984708,0,0.0,0.0
2022-05-09 00:00:00-04:00,0.0006000000284984708,0.0006000000284984708,0.0006000000284984708,0.0006000000284984708,0,0.0,0.0
2022-05-10 00:00:00-04:00,0.0006000000284984708,0.0006000000284984708,0.0006000000284984708,0.0006000000284984708,0,0.0,0.0
2022-05-11 00:00:00-04:00,0.0006000000284984708,0.0006000000284984708,0.0006000000284984708,0.0006000000284984708,0,0.0,0.0
2022-05-12 00:00:00-04:00,0.0006000000284984708,0.0006000000284984708,0.0006000000284984708,0.0006000000284984708,0,0.0,0.0
2022-05-13 00:00:00-04:00,0.0006000000284984708,0.0006000000284984708,0.0006000000284984708,0.0006000000284984708,0,0.0,0.0
2022-05-16 00:00:00-04:00,0.0006000000284984708,0.0006000000284984708,0.0006000000284984708,0.0006000000284984708,0,0.0,0.0
2022-05-17 00:00:00-04:00,0.0006000000284984708,0.0006000000284984708,0.0006000000284984708,0.0006000000284984708,0,0.0,0.0
2022-05-18 00:00:00-04:00,0.0006000000284984708,0.0006000000284984708,0.0006000000284984708,0.0006000000284984708,0,0.0,0.0
2022-05-19 00:00:00-04:00,0.0006000000284984708,0.0006000000284984708,0.0006000000284984708,0.0006000000284984708,0,0.0,0.0
2022-05-20 00:00:00-04:00,0.0006000000284984708,0.0006000000284984708,0.0006000000284984708,0.0006000000284984708,0,0.0,0.0
2022-05-23 00:00:00-04:00,0.0006000000284984708,0.0006000000284984708,0.0006000000284984708,0.0006000000284984708,0,0.0,0.0
2022-05-24 00:00:00-04:00,0.0006000000284984708,0.0006000000284984708,0.0006000000284984708,0.0006000000284984708,0,0.0,0.0
2022-05-25 00:00:00-04:00,0.0006000000284984708,0.0006000000284984708,0.0006000000284984708,0.0006000000284984708,0,0.0,0.0
2022-05-26 00:00:00-04:00,0.0006000000284984708,0.0006000000284984708,0.0006000000284984708,0.0006000000284984708,0,0.0,0.0
2022-05-27 00:00:00-04:00,0.0006000000284984708,0.0006000000284984708,0.0006000000284984708,0.0006000000284984708,0,0.0,0.0
2022-05-31 00:00:00-04:00,0.0006000000284984708,0.0006000000284984708,0.0006000000284984708,0.0006000000284984708,0,0.0,0.0
2022-06-01 00:00:00-04:00,0.0006000000284984708,0.0006000000284984708,0.0006000000284984708,0.0006000000284984708,0,0.0,0.0
2022-06-02 00:00:00-04:00,0.0006000000284984708,0.0006000000284984708,0.0006000000284984708,0.0006000000284984708,0,0.0,0.0
2022-06-03 00:00:00-04:00,0.0006000000284984708,0.0006000000284984708,0.0006000000284984708,0.0006000000284984708,0,0.0,0.0
2022-06-06 00:00:00-04:00,0.0006000000284984708,0.0006000000284984708,0.0006000000284984708,0.0006000000284984708,0,0.0,0.0
2022-06-07 00:00:00-04:00,0.0006000000284984708,0.0006000000284984708,0.0006000000284984708,0.0006000000284984708,0,0.0,0.0
2022-06-08 00:00:00-04:00,0.0006000000284984708,0.0006000000284984708,0.0006000000284984708,0.0006000000284984708,0,0.0,0.0
2022-06-09 00:00:00-04:00,0.0006000000284984708,0.0006000000284984708,0.0006000000284984708,0.0006000000284984708,0,0.0,0.0
2022-06-10 00:00:00-04:00,0.0006000000284984708,0.0006000000284984708,0.0006000000284984708,0.0006000000284984708,0,0.0,0.0
2022-06-13 00:00:00-04:00,0.0006000000284984708,0.0006000000284984708,0.0006000000284984708,0.0006000000284984708,0,0.0,0.0
2022-06-14 00:00:00-04:00,0.0006000000284984708,0.0006000000284984708,0.0006000000284984708,0.0006000000284984708,0,0.0,0.0
2022-06-15 00:00:00-04:00,0.0006000000284984708,0.0006000000284984708,0.0006000000284984708,0.0006000000284984708,0,0.0,0.0
2022-06-16 00:00:00-04:00,0.0006000000284984708,0.0006000000284984708,0.0006000000284984708,0.0006000000284984708,0,0.0,0.0
2022-06-17 00:00:00-04:00,0.0006000000284984708,0.0006000000284984708,0.0006000000284984708,0.0006000000284984708,0,0.0,0.0
2022-06-21 00:00:00-04:00,0.0006000000284984708,0.0006000000284984708,0.0006000000284984708,0.0006000000284984708,0,0.0,0.0
2022-06-22 00:00:00-04:00,0.0006000000284984708,0.0006000000284984708,0.0006000000284984708,0.0006000000284984708,0,0.0,0.0
2022-06-23 00:00:00-04:00,0.0006000000284984708,0.0006000000284984708,0.0006000000284984708,0.0006000000284984708,0,0.0,0.0
2022-06-24 00:00:00-04:00,0.0006000000284984708,0.0006000000284984708,0.0006000000284984708,0.0006000000284984708,0,0.0,0.0
2022-06-27 00:00:00-04:00,0.0006000000284984708,0.0006000000284984708,0.0006000000284984708,0.0006000000284984708,0,0.0,0.0
2022-06-28 00:00:00-04:00,9.999999747378752e-05,9.999999747378752e-05,9.999999747378752e-05,9.999999747378752e-05,500,0.0,0.0
2022-06-29 00:00:00-04:00,9.999999747378752e-05,9.999999747378752e-05,9.999999747378752e-05,9.999999747378752e-05,0,0.0,0.0
2022-06-30 00:00:00-04:00,9.999999747378752e-05,9.999999747378752e-05,9.999999747378752e-05,9.999999747378752e-05,0,0.0,0.0
2022-07-01 00:00:00-04:00,9.999999747378752e-05,9.999999747378752e-05,9.999999747378752e-05,9.999999747378752e-05,0,0.0,0.0
2022-07-05 00:00:00-04:00,9.999999747378752e-05,9.999999747378752e-05,9.999999747378752e-05,9.999999747378752e-05,0,0.0,0.0
2022-07-06 00:00:00-04:00,9.999999747378752e-05,9.999999747378752e-05,9.999999747378752e-05,9.999999747378752e-05,0,0.0,0.0
2022-07-07 00:00:00-04:00,9.999999747378752e-05,9.999999747378752e-05,9.999999747378752e-05,9.999999747378752e-05,0,0.0,0.0
2022-07-08 00:00:00-04:00,9.999999747378752e-05,9.999999747378752e-05,9.999999747378752e-05,9.999999747378752e-05,0,0.0,0.0
2022-07-11 00:00:00-04:00,9.999999747378752e-05,9.999999747378752e-05,9.999999747378752e-05,9.999999747378752e-05,0,0.0,0.0
2022-07-12 00:00:00-04:00,9.999999747378752e-05,9.999999747378752e-05,9.999999747378752e-05,9.999999747378752e-05,0,0.0,0.0
2022-07-13 00:00:00-04:00,9.999999747378752e-05,9.999999747378752e-05,9.999999747378752e-05,9.999999747378752e-05,0,0.0,0.0
2022-07-14 00:00:00-04:00,9.999999747378752e-05,9.999999747378752e-05,9.999999747378752e-05,9.999999747378752e-05,0,0.0,0.0
2022-07-15 00:00:00-04:00,9.999999747378752e-05,9.999999747378752e-05,9.999999747378752e-05,9.999999747378752e-05,0,0.0,0.0
2022-07-18 00:00:00-04:00,9.999999747378752e-05,9.999999747378752e-05,9.999999747378752e-05,9.999999747378752e-05,0,0.0,0.0
2022-07-19 00:00:00-04:00,9.999999747378752e-05,9.999999747378752e-05,9.999999747378752e-05,9.999999747378752e-05,0,0.0,0.0
2022-07-20 00:00:00-04:00,9.999999747378752e-05,9.999999747378752e-05,9.999999747378752e-05,9.999999747378752e-05,0,0.0,0.0
2022-07-21 00:00:00-04:00,9.999999747378752e-05,9.999999747378752e-05,9.999999747378752e-05,9.999999747378752e-05,0,0.0,0.0
2022-07-22 00:00:00-04:00,9.999999747378752e-05,9.999999747378752e-05,9.999999747378752e-05,9.999999747378752e-05,0,0.0,0.0
2022-07-25 00:00:00-04:00,9.999999747378752e-05,9.999999747378752e-05,9.999999747378752e-05,9.999999747378752e-05,0,0.0,0.0
2022-07-26 00:00:00-04:00,9.999999747378752e-05,9.999999747378752e-05,9.999999747378752e-05,9.999999747378752e-05,0,0.0,0.0
2022-07-27 00:00:00-04:00,9.999999747378752e-05,9.999999747378752e-05,9.999999747378752e-05,9.999999747378752e-05,0,0.0,0.0
2022-07-28 00:00:00-04:00,9.999999747378752e-05,9.999999747378752e-05,9.999999747378752e-05,9.999999747378752e-05,0,0.0,0.0
2022-07-29 00:00:00-04:00,9.999999747378752e-05,9.999999747378752e-05,9.999999747378752e-05,9.999999747378752e-05,0,0.0,0.0
2022-08-01 00:00:00-04:00,9.999999747378752e-05,9.999999747378752e-05,9.999999747378752e-05,9.999999747378752e-05,0,0.0,0.0
2022-08-02 00:00:00-04:00,9.999999747378752e-05,9.999999747378752e-05,9.999999747378752e-05,9.999999747378752e-05,0,0.0,0.0
2022-08-03 00:00:00-04:00,9.999999747378752e-05,9.999999747378752e-05,9.999999747378752e-05,9.999999747378752e-05,0,0.0,0.0
2022-08-04 00:00:00-04:00,9.999999747378752e-05,9.999999747378752e-05,9.999999747378752e-05,9.999999747378752e-05,0,0.0,0.0
2022-08-05 00:00:00-04:00,9.999999747378752e-05,9.999999747378752e-05,9.999999747378752e-05,9.999999747378752e-05,0,0.0,0.0
2022-08-08 00:00:00-04:00,9.999999747378752e-05,9.999999747378752e-05,9.999999747378752e-05,9.999999747378752e-05,0,0.0,0.0
2022-08-09 00:00:00-04:00,9.999999747378752e-05,9.999999747378752e-05,9.999999747378752e-05,9.999999747378752e-05,1000,0.0,0.0
2022-08-10 00:00:00-04:00,9.999999747378752e-05,9.999999747378752e-05,9.999999747378752e-05,9.999999747378752e-05,0,0.0,0.0
2022-08-11 00:00:00-04:00,9.999999747378752e-05,9.999999747378752e-05,9.999999747378752e-05,9.999999747378752e-05,100,0.0,0.0
2022-08-12 00:00:00-04:00,9.999999747378752e-05,9.999999747378752e-05,9.999999747378752e-05,9.999999747378752e-05,0,0.0,0.0
2022-08-15 00:00:00-04:00,0.00019999999494757503,0.00019999999494757503,0.00019999999494757503,0.00019999999494757503,3500,0.0,0.0
2022-08-16 00:00:00-04:00,0.0005000000237487257,0.0005000000237487257,0.0005000000237487257,0.0005000000237487257,150,0.0,0.0
2022-08-17 00:00:00-04:00,0.0005000000237487257,0.0005000000237487257,0.0005000000237487257,0.0005000000237487257,0,0.0,0.0
2022-08-18 00:00:00-04:00,0.0005000000237487257,0.0005000000237487257,0.0005000000237487257,0.0005000000237487257,0,0.0,0.0
2022-08-19 00:00:00-04:00,0.0005000000237487257,0.0005000000237487257,0.0005000000237487257,0.0005000000237487257,0,0.0,0.0
2022-08-22 00:00:00-04:00,0.0005000000237487257,0.0005000000237487257,0.0005000000237487257,0.0005000000237487257,0,0.0,0.0
2022-08-23 00:00:00-04:00,0.0005000000237487257,0.0005000000237487257,0.0005000000237487257,0.0005000000237487257,0,0.0,0.0
2022-08-24 00:00:00-04:00,0.0005000000237487257,0.0005000000237487257,0.0005000000237487257,0.0005000000237487257,0,0.0,0.0
2022-08-25 00:00:00-04:00,0.0005000000237487257,0.0005000000237487257,0.0005000000237487257,0.0005000000237487257,0,0.0,0.0
2022-08-26 00:00:00-04:00,0.0005000000237487257,0.0005000000237487257,0.0005000000237487257,0.0005000000237487257,0,0.0,0.0
2022-08-29 00:00:00-04:00,0.0005000000237487257,0.0005000000237487257,0.0005000000237487257,0.0005000000237487257,0,0.0,0.0
2022-08-30 00:00:00-04:00,0.0005000000237487257,0.0005000000237487257,0.0005000000237487257,0.0005000000237487257,0,0.0,0.0
2022-08-31 00:00:00-04:00,0.0005000000237487257,0.0005000000237487257,0.0005000000237487257,0.0005000000237487257,0,0.0,0.0
2022-09-01 00:00:00-04:00,0.0005000000237487257,0.0005000000237487257,0.0005000000237487257,0.0005000000237487257,0,0.0,0.0
2022-09-02 00:00:00-04:00,0.0005000000237487257,0.0005000000237487257,0.0005000000237487257,0.0005000000237487257,0,0.0,0.0
2022-09-06 00:00:00-04:00,0.0005000000237487257,0.0005000000237487257,0.0005000000237487257,0.0005000000237487257,0,0.0,0.0
2022-09-07 00:00:00-04:00,0.0005000000237487257,0.0005000000237487257,0.0005000000237487257,0.0005000000237487257,0,0.0,0.0
2022-09-08 00:00:00-04:00,0.0005000000237487257,0.0005000000237487257,0.0005000000237487257,0.0005000000237487257,0,0.0,0.0
2022-09-09 00:00:00-04:00,0.0005000000237487257,0.0005000000237487257,0.0005000000237487257,0.0005000000237487257,0,0.0,0.0
2022-09-12 00:00:00-04:00,0.0005000000237487257,0.0005000000237487257,0.0005000000237487257,0.0005000000237487257,0,0.0,0.0
2022-09-13 00:00:00-04:00,0.0005000000237487257,0.0005000000237487257,0.0005000000237487257,0.0005000000237487257,0,0.0,0.0
2022-09-14 00:00:00-04:00,0.0005000000237487257,0.0005000000237487257,0.0005000000237487257,0.0005000000237487257,0,0.0,0.0
2022-09-15 00:00:00-04:00,0.0005000000237487257,0.0005000000237487257,0.0005000000237487257,0.0005000000237487257,0,0.0,0.0
2022-09-16 00:00:00-04:00,0.0005000000237487257,0.0005000000237487257,0.0005000000237487257,0.0005000000237487257,0,0.0,0.0
2022-09-19 00:00:00-04:00,0.0005000000237487257,0.0005000000237487257,0.0005000000237487257,0.0005000000237487257,0,0.0,0.0
2022-09-20 00:00:00-04:00,0.0005000000237487257,0.0005000000237487257,0.0005000000237487257,0.0005000000237487257,0,0.0,0.0
2022-09-21 00:00:00-04:00,0.0005000000237487257,0.0005000000237487257,0.0005000000237487257,0.0005000000237487257,0,0.0,0.0
2022-09-22 00:00:00-04:00,0.0005000000237487257,0.0005000000237487257,0.0005000000237487257,0.0005000000237487257,0,0.0,0.0
2022-09-23 00:00:00-04:00,0.0005000000237487257,0.0005000000237487257,0.0005000000237487257,0.0005000000237487257,0,0.0,0.0
2022-09-26 00:00:00-04:00,0.0005000000237487257,0.0005000000237487257,0.0005000000237487257,0.0005000000237487257,0,0.0,0.0
2022-09-27 00:00:00-04:00,0.0005000000237487257,0.0005000000237487257,0.0005000000237487257,0.0005000000237487257,0,0.0,0.0
2022-09-28 00:00:00-04:00,0.0005000000237487257,0.0005000000237487257,0.0005000000237487257,0.0005000000237487257,0,0.0,0.0
2022-09-29 00:00:00-04:00,0.0005000000237487257,0.0005000000237487257,0.0005000000237487257,0.0005000000237487257,0,0.0,0.0
2022-09-30 00:00:00-04:00,0.0005000000237487257,0.0005000000237487257,0.0005000000237487257,0.0005000000237487257,0,0.0,0.0
2022-10-03 00:00:00-04:00,0.0005000000237487257,0.0005000000237487257,0.0005000000237487257,0.0005000000237487257,0,0.0,0.0
2022-10-04 00:00:00-04:00,0.0006000000284984708,0.0006000000284984708,0.0006000000284984708,0.0006000000284984708,100,0.0,0.0
2022-10-05 00:00:00-04:00,0.0006000000284984708,0.0006000000284984708,0.0006000000284984708,0.0006000000284984708,0,0.0,0.0
2022-10-06 00:00:00-04:00,0.0006000000284984708,0.0006000000284984708,0.0006000000284984708,0.0006000000284984708,100,0.0,0.0
2022-10-07 00:00:00-04:00,0.0006000000284984708,0.0006000000284984708,0.0006000000284984708,0.0006000000284984708,0,0.0,0.0
2022-10-10 00:00:00-04:00,0.0006000000284984708,0.0006000000284984708,0.0006000000284984708,0.0006000000284984708,0,0.0,0.0
2022-10-11 00:00:00-04:00,0.0006000000284984708,0.0006000000284984708,0.0006000000284984708,0.0006000000284984708,0,0.0,0.0
2022-10-12 00:00:00-04:00,0.0006000000284984708,0.0006000000284984708,0.0006000000284984708,0.0006000000284984708,0,0.0,0.0
2022-10-13 00:00:00-04:00,0.0006000000284984708,0.0006000000284984708,0.0006000000284984708,0.0006000000284984708,0,0.0,0.0
2022-10-14 00:00:00-04:00,0.0006000000284984708,0.0006000000284984708,0.0006000000284984708,0.0006000000284984708,0,0.0,0.0
2022-10-17 00:00:00-04:00,0.0006000000284984708,0.0006000000284984708,0.0006000000284984708,0.0006000000284984708,0,0.0,0.0
2022-10-18 00:00:00-04:00,0.0006000000284984708,0.0006000000284984708,0.0006000000284984708,0.0006000000284984708,0,0.0,0.0
2022-10-19 00:00:00-04:00,0.0006000000284984708,0.0006000000284984708,0.0006000000284984708,0.0006000000284984708,0,0.0,0.0
2022-10-20 00:00:00-04:00,0.0006000000284984708,0.0006000000284984708,0.0006000000284984708,0.0006000000284984708,0,0.0,0.0
2022-10-21 00:00:00-04:00,0.0006000000284984708,0.0006000000284984708,0.0006000000284984708,0.0006000000284984708,0,0.0,0.0
2022-10-24 00:00:00-04:00,0.0006000000284984708,0.0006000000284984708,0.0006000000284984708,0.0006000000284984708,0,0.0,0.0
2022-10-25 00:00:00-04:00,0.0006000000284984708,0.0006000000284984708,0.0006000000284984708,0.0006000000284984708,0,0.0,0.0
2022-10-26 00:00:00-04:00,0.0006000000284984708,0.0006000000284984708,0.0006000000284984708,0.0006000000284984708,0,0.0,0.0
2022-10-27 00:00:00-04:00,0.0006000000284984708,0.0006000000284984708,0.0006000000284984708,0.0006000000284984708,0,0.0,0.0
2022-10-28 00:00:00-04:00,0.0006000000284984708,0.0006000000284984708,0.0006000000284984708,0.0006000000284984708,0,0.0,0.0
2022-10-31 00:00:00-04:00,0.0006000000284984708,0.0006000000284984708,0.0006000000284984708,0.0006000000284984708,0,0.0,0.0
2022-11-01 00:00:00-04:00,0.0006000000284984708,0.0006000000284984708,0.0006000000284984708,0.0006000000284984708,0,0.0,0.0
2022-11-02 00:00:00-04:00,0.0006000000284984708,0.0006000000284984708,0.0006000000284984708,0.0006000000284984708,0,0.0,0.0
2022-11-03 00:00:00-04:00,0.0006000000284984708,0.0006000000284984708,0.0006000000284984708,0.0006000000284984708,0,0.0,0.0
2022-11-04 00:00:00-04:00,0.0006000000284984708,0.0006000000284984708,0.0006000000284984708,0.0006000000284984708,0,0.0,0.0
2022-11-07 00:00:00-05:00,0.0006000000284984708,0.0006000000284984708,0.0006000000284984708,0.0006000000284984708,0,0.0,0.0
2022-11-08 00:00:00-05:00,0.0006000000284984708,0.0006000000284984708,0.0006000000284984708,0.0006000000284984708,0,0.0,0.0
2022-11-09 00:00:00-05:00,0.0006000000284984708,0.0006000000284984708,0.0006000000284984708,0.0006000000284984708,0,0.0,0.0
2022-11-10 00:00:00-05:00,0.0006000000284984708,0.0006000000284984708,0.0006000000284984708,0.0006000000284984708,1000,0.0,0.0
2022-11-11 00:00:00-05:00,0.0006000000284984708,0.0006000000284984708,0.0006000000284984708,0.0006000000284984708,0,0.0,0.0
2022-11-14 00:00:00-05:00,0.0006000000284984708,0.0006000000284984708,0.0006000000284984708,0.0006000000284984708,0,0.0,0.0
2022-11-15 00:00:00-05:00,0.0006000000284984708,0.0006000000284984708,0.0006000000284984708,0.0006000000284984708,0,0.0,0.0
2022-11-16 00:00:00-05:00,0.0006000000284984708,0.0006000000284984708,0.0006000000284984708,0.0006000000284984708,0,0.0,0.0
2022-11-17 00:00:00-05:00,0.0006000000284984708,0.0006000000284984708,0.0006000000284984708,0.0006000000284984708,0,0.0,0.0
2022-11-18 00:00:00-05:00,0.0006000000284984708,0.0006000000284984708,0.0006000000284984708,0.0006000000284984708,0,0.0,0.0
2022-11-21 00:00:00-05:00,0.0006000000284984708,0.0006000000284984708,0.0006000000284984708,0.0006000000284984708,0,0.0,0.0
2022-11-22 00:00:00-05:00,0.0006000000284984708,0.0006000000284984708,0.0006000000284984708,0.0006000000284984708,0,0.0,0.0
2022-11-23 00:00:00-05:00,0.0006000000284984708,0.0006000000284984708,0.0006000000284984708,0.0006000000284984708,0,0.0,0.0
2022-11-25 00:00:00-05:00,0.0006000000284984708,0.0006000000284984708,0.0006000000284984708,0.0006000000284984708,0,0.0,0.0
2022-11-28 00:00:00-05:00,0.0006000000284984708,0.0006000000284984708,0.0006000000284984708,0.0006000000284984708,0,0.0,0.0
2022-11-29 00:00:00-05:00,0.0006000000284984708,0.0006000000284984708,0.0006000000284984708,0.0006000000284984708,0,0.0,0.0
2022-11-30 00:00:00-05:00,0.0006000000284984708,0.0006000000284984708,0.0006000000284984708,0.0006000000284984708,0,0.0,0.0
2022-12-01 00:00:00-05:00,0.0006000000284984708,0.0006000000284984708,0.0006000000284984708,0.0006000000284984708,0,0.0,0.0
2022-12-02 00:00:00-05:00,0.0006000000284984708,0.0006000000284984708,0.0006000000284984708,0.0006000000284984708,0,0.0,0.0
2022-12-05 00:00:00-05:00,0.0006000000284984708,0.0006000000284984708,0.0006000000284984708,0.0006000000284984708,0,0.0,0.0
2022-12-06 00:00:00-05:00,0.0006000000284984708,0.0006000000284984708,0.0006000000284984708,0.0006000000284984708,125,0.0,0.0
2022-12-07 00:00:00-05:00,0.0006000000284984708,0.0006000000284984708,0.0006000000284984708,0.0006000000284984708,0,0.0,0.0
2022-12-08 00:00:00-05:00,0.0006000000284984708,0.0006000000284984708,0.0006000000284984708,0.0006000000284984708,0,0.0,0.0
2022-12-09 00:00:00-05:00,0.0006000000284984708,0.0006000000284984708,0.0006000000284984708,0.0006000000284984708,0,0.0,0.0
2022-12-12 00:00:00-05:00,0.0006000000284984708,0.0006000000284984708,0.0006000000284984708,0.0006000000284984708,0,0.0,0.0
2022-12-13 00:00:00-05:00,0.0006000000284984708,0.0006000000284984708,0.0006000000284984708,0.0006000000284984708,250,0.0,0.0
2022-12-14 00:00:00-05:00,0.0006000000284984708,0.0006000000284984708,0.0006000000284984708,0.0006000000284984708,0,0.0,0.0
2022-12-15 00:00:00-05:00,0.0006000000284984708,0.0006000000284984708,0.0006000000284984708,0.0006000000284984708,0,0.0,0.0
2022-12-16 00:00:00-05:00,0.0006000000284984708,0.0006000000284984708,0.0006000000284984708,0.0006000000284984708,0,0.0,0.0
2022-12-19 00:00:00-05:00,0.0006000000284984708,0.0006000000284984708,0.0006000000284984708,0.0006000000284984708,0,0.0,0.0
2022-12-20 00:00:00-05:00,0.0006000000284984708,0.0006000000284984708,0.0006000000284984708,0.0006000000284984708,0,0.0,0.0
2022-12-21 00:00:00-05:00,0.0006000000284984708,0.0006000000284984708,0.0006000000284984708,0.0006000000284984708,0,0.0,0.0
2022-12-22 00:00:00-05:00,0.0006000000284984708,0.0006000000284984708,0.0006000000284984708,0.0006000000284984708,0,0.0,0.0
2022-12-23 00:00:00-05:00,0.0006000000284984708,0.0006000000284984708,0.0006000000284984708,0.0006000000284984708,0,0.0,0.0
2022-12-27 00:00:00-05:00,0.0006000000284984708,0.0006000000284984708,0.0006000000284984708,0.0006000000284984708,100,0.0,0.0
2022-12-28 00:00:00-05:00,0.0006000000284984708,0.0006000000284984708,0.0006000000284984708,0.0006000000284984708,0,0.0,0.0
2022-12-29 00:00:00-05:00,0.0006000000284984708,0.0006000000284984708,0.0006000000284984708,0.0006000000284984708,0,0.0,0.0
2022-12-30 00:00:00-05:00,0.0006000000284984708,0.0006000000284984708,0.0006000000284984708,0.0006000000284984708,0,0.0,0.0
2023-01-03 00:00:00-05:00,0.0006000000284984708,0.0006000000284984708,0.0006000000284984708,0.0006000000284984708,0,0.0,0.0
2023-01-04 00:00:00-05:00,0.0006000000284984708,0.0006000000284984708,0.0006000000284984708,0.0006000000284984708,0,0.0,0.0
2023-01-05 00:00:00-05:00,0.0006000000284984708,0.0006000000284984708,0.0006000000284984708,0.0006000000284984708,0,0.0,0.0
2023-01-06 00:00:00-05:00,0.0006000000284984708,0.0006000000284984708,0.0006000000284984708,0.0006000000284984708,0,0.0,0.0
2023-01-09 00:00:00-05:00,0.0006000000284984708,0.0006000000284984708,0.0006000000284984708,0.0006000000284984708,0,0.0,0.0
2023-01-10 00:00:00-05:00,0.0006000000284984708,0.0006000000284984708,0.0006000000284984708,0.0006000000284984708,0,0.0,0.0
2023-01-11 00:00:00-05:00,0.0006000000284984708,0.0006000000284984708,0.0006000000284984708,0.0006000000284984708,0,0.0,0.0
2023-01-12 00:00:00-05:00,0.0006000000284984708,0.0006000000284984708,0.0006000000284984708,0.0006000000284984708,0,0.0,0.0
2023-01-13 00:00:00-05:00,0.0006000000284984708,0.0006000000284984708,0.0006000000284984708,0.0006000000284984708,0,0.0,0.0
2023-01-17 00:00:00-05:00,0.0006000000284984708,0.0006000000284984708,0.0006000000284984708,0.0006000000284984708,0,0.0,0.0
2023-01-18 00:00:00-05:00,0.0006000000284984708,0.0006000000284984708,0.0006000000284984708,0.0006000000284984708,0,0.0,0.0
2023-01-19 00:00:00-05:00,0.0006000000284984708,0.0006000000284984708,0.0006000000284984708,0.0006000000284984708,0,0.0,0.0
2023-01-20 00:00:00-05:00,0.0006000000284984708,0.0006000000284984708,0.0006000000284984708,0.0006000000284984708,0,0.0,0.0
2023-01-23 00:00:00-05:00,0.0006000000284984708,0.0006000000284984708,0.0006000000284984708,0.0006000000284984708,0,0.0,0.0
2023-01-24 00:00:00-05:00,0.0005000000237487257,0.0005000000237487257,0.0005000000237487257,0.0005000000237487257,200,0.0,0.0
2023-01-25 00:00:00-05:00,0.0005000000237487257,0.0005000000237487257,0.0005000000237487257,0.0005000000237487257,0,0.0,0.0
2023-01-26 00:00:00-05:00,0.0005000000237487257,0.0005000000237487257,0.0005000000237487257,0.0005000000237487257,0,0.0,0.0
2023-01-27 00:00:00-05:00,0.0005000000237487257,0.0005000000237487257,0.0005000000237487257,0.0005000000237487257,0,0.0,0.0
2023-01-30 00:00:00-05:00,0.0005000000237487257,0.0005000000237487257,0.0005000000237487257,0.0005000000237487257,3500,0.0,0.0
2023-01-31 00:00:00-05:00,0.0005000000237487257,0.0005000000237487257,0.0005000000237487257,0.0005000000237487257,500,0.0,0.0
2023-02-01 00:00:00-05:00,0.0005000000237487257,0.0005000000237487257,0.0005000000237487257,0.0005000000237487257,0,0.0,0.0
2023-02-02 00:00:00-05:00,0.0005000000237487257,0.0005000000237487257,0.0005000000237487257,0.0005000000237487257,0,0.0,0.0
2023-02-03 00:00:00-05:00,0.0005000000237487257,0.0005000000237487257,0.0005000000237487257,0.0005000000237487257,2950,0.0,0.0
2023-02-06 00:00:00-05:00,0.0005000000237487257,0.0005000000237487257,0.0005000000237487257,0.0005000000237487257,0,0.0,0.0
2023-02-07 00:00:00-05:00,0.0005000000237487257,0.0005000000237487257,0.0005000000237487257,0.0005000000237487257,0,0.0,0.0
2023-02-08 00:00:00-05:00,0.0005000000237487257,0.0005000000237487257,0.0005000000237487257,0.0005000000237487257,0,0.0,0.0
2023-02-09 00:00:00-05:00,0.0005000000237487257,0.0005000000237487257,0.0005000000237487257,0.0005000000237487257,0,0.0,0.0
2023-02-10 00:00:00-05:00,0.0005000000237487257,0.0005000000237487257,0.0005000000237487257,0.0005000000237487257,0,0.0,0.0
2023-02-13 00:00:00-05:00,0.0005000000237487257,0.0005000000237487257,0.0005000000237487257,0.0005000000237487257,0,0.0,0.0
2023-02-14 00:00:00-05:00,0.0005000000237487257,0.0005000000237487257,0.0005000000237487257,0.0005000000237487257,0,0.0,0.0
2023-02-15 00:00:00-05:00,0.0005000000237487257,0.0005000000237487257,0.0005000000237487257,0.0005000000237487257,0,0.0,0.0
2023-02-16 00:00:00-05:00,0.0005000000237487257,0.0005000000237487257,0.0005000000237487257,0.0005000000237487257,1407,0.0,0.0
2023-02-17 00:00:00-05:00,0.0005000000237487257,0.0005000000237487257,0.0005000000237487257,0.0005000000237487257,0,0.0,0.0
2023-02-21 00:00:00-05:00,0.0005000000237487257,0.0005000000237487257,0.0005000000237487257,0.0005000000237487257,0,0.0,0.0
2023-02-22 00:00:00-05:00,0.0005000000237487257,0.0005000000237487257,0.0005000000237487257,0.0005000000237487257,0,0.0,0.0
2023-02-23 00:00:00-05:00,0.0005000000237487257,0.0005000000237487257,0.0005000000237487257,0.0005000000237487257,0,0.0,0.0
2023-02-24 00:00:00-05:00,0.0005000000237487257,0.0005000000237487257,0.0005000000237487257,0.0005000000237487257,0,0.0,0.0
2023-02-27 00:00:00-05:00,0.0005000000237487257,0.0005000000237487257,0.0005000000237487257,0.0005000000237487257,0,0.0,0.0
2023-02-28 00:00:00-05:00,0.0005000000237487257,0.0005000000237487257,0.0005000000237487257,0.0005000000237487257,0,0.0,0.0
2023-03-01 00:00:00-05:00,0.0005000000237487257,0.0005000000237487257,0.0005000000237487257,0.0005000000237487257,0,0.0,0.0
2023-03-02 00:00:00-05:00,0.0005000000237487257,0.0005000000237487257,0.0005000000237487257,0.0005000000237487257,0,0.0,0.0
2023-03-03 00:00:00-05:00,0.0005000000237487257,0.0005000000237487257,0.0005000000237487257,0.0005000000237487257,0,0.0,0.0
2023-03-06 00:00:00-05:00,0.0005000000237487257,0.0005000000237487257,0.0005000000237487257,0.0005000000237487257,0,0.0,0.0
2023-03-07 00:00:00-05:00,0.0005000000237487257,0.0005000000237487257,0.0005000000237487257,0.0005000000237487257,0,0.0,0.0
2023-03-08 00:00:00-05:00,0.0005000000237487257,0.0005000000237487257,0.0005000000237487257,0.0005000000237487257,0,0.0,0.0
2023-03-09 00:00:00-05:00,0.0005000000237487257,0.0005000000237487257,0.0005000000237487257,0.0005000000237487257,100,0.0,0.0
2023-03-10 00:00:00-05:00,0.0005000000237487257,0.0005000000237487257,0.0005000000237487257,0.0005000000237487257,0,0.0,0.0
2023-03-13 00:00:00-04:00,0.0005000000237487257,0.0005000000237487257,0.0005000000237487257,0.0005000000237487257,0,0.0,0.0
2023-03-14 00:00:00-04:00,0.0005000000237487257,0.0005000000237487257,0.0005000000237487257,0.0005000000237487257,0,0.0,0.0
2023-03-15 00:00:00-04:00,0.0005000000237487257,0.0005000000237487257,0.0005000000237487257,0.0005000000237487257,0,0.0,0.0
2023-03-16 00:00:00-04:00,0.0005000000237487257,0.0005000000237487257,0.0005000000237487257,0.0005000000237487257,0,0.0,0.0
2023-03-17 00:00:00-04:00,0.0005000000237487257,0.0005000000237487257,0.0005000000237487257,0.0005000000237487257,0,0.0,0.0
2023-03-20 00:00:00-04:00,0.0005000000237487257,0.0005000000237487257,0.0005000000237487257,0.0005000000237487257,0,0.0,0.0
2023-03-21 00:00:00-04:00,0.0005000000237487257,0.0005000000237487257,0.0005000000237487257,0.0005000000237487257,0,0.0,0.0
2023-03-22 00:00:00-04:00,0.0005000000237487257,0.0005000000237487257,0.0005000000237487257,0.0005000000237487257,0,0.0,0.0
2023-03-23 00:00:00-04:00,0.0005000000237487257,0.0005000000237487257,0.0005000000237487257,0.0005000000237487257,0,0.0,0.0
2023-03-24 00:00:00-04:00,0.0005000000237487257,0.0005000000237487257,0.0005000000237487257,0.0005000000237487257,0,0.0,0.0
2023-03-27 00:00:00-04:00,0.0005000000237487257,0.0005000000237487257,0.0005000000237487257,0.0005000000237487257,0,0.0,0.0
2023-03-28 00:00:00-04:00,0.0005000000237487257,0.0005000000237487257,0.0005000000237487257,0.0005000000237487257,0,0.0,0.0
2023-03-29 00:00:00-04:00,0.0005000000237487257,0.0005000000237487257,0.0005000000237487257,0.0005000000237487257,0,0.0,0.0
2023-03-30 00:00:00-04:00,0.0005000000237487257,0.0005000000237487257,0.0005000000237487257,0.0005000000237487257,0,0.0,0.0
2023-03-31 00:00:00-04:00,0.0005000000237487257,0.0005000000237487257,0.0005000000237487257,0.0005000000237487257,0,0.0,0.0
2023-04-03 00:00:00-04:00,0.0005000000237487257,0.0005000000237487257,0.0005000000237487257,0.0005000000237487257,0,0.0,0.0
2023-04-04 00:00:00-04:00,0.0005000000237487257,0.0005000000237487257,0.0005000000237487257,0.0005000000237487257,0,0.0,0.0
2023-04-05 00:00:00-04:00,0.0005000000237487257,0.0005000000237487257,0.0005000000237487257,0.0005000000237487257,0,0.0,0.0
2023-04-06 00:00:00-04:00,0.0005000000237487257,0.0005000000237487257,0.0005000000237487257,0.0005000000237487257,0,0.0,0.0
2023-04-10 00:00:00-04:00,0.0005000000237487257,0.0005000000237487257,0.0005000000237487257,0.0005000000237487257,0,0.0,0.0
2023-04-11 00:00:00-04:00,0.0005000000237487257,0.0005000000237487257,0.0005000000237487257,0.0005000000237487257,0,0.0,0.0
2023-04-12 00:00:00-04:00,0.0005000000237487257,0.0005000000237487257,0.0005000000237487257,0.0005000000237487257,0,0.0,0.0
2023-04-13 00:00:00-04:00,0.0005000000237487257,0.0005000000237487257,0.0005000000237487257,0.0005000000237487257,0,0.0,0.0
2023-04-14 00:00:00-04:00,0.0005000000237487257,0.0005000000237487257,0.0005000000237487257,0.0005000000237487257,0,0.0,0.0
2023-04-17 00:00:00-04:00,0.0005000000237487257,0.0005000000237487257,0.0005000000237487257,0.0005000000237487257,180,0.0,0.0
2023-04-18 00:00:00-04:00,0.0005000000237487257,0.0005000000237487257,0.0005000000237487257,0.0005000000237487257,0,0.0,0.0
2023-04-19 00:00:00-04:00,0.0005000000237487257,0.0005000000237487257,0.0005000000237487257,0.0005000000237487257,0,0.0,0.0
2023-04-20 00:00:00-04:00,0.0005000000237487257,0.0005000000237487257,0.0005000000237487257,0.0005000000237487257,0,0.0,0.0
2023-04-21 00:00:00-04:00,0.0005000000237487257,0.0005000000237487257,0.0005000000237487257,0.0005000000237487257,0,0.0,0.0
2023-04-24 00:00:00-04:00,0.0005000000237487257,0.0005000000237487257,0.0005000000237487257,0.0005000000237487257,850,0.0,0.0
2023-04-25 00:00:00-04:00,0.0005000000237487257,0.0005000000237487257,0.0005000000237487257,0.0005000000237487257,0,0.0,0.0
2023-04-26 00:00:00-04:00,0.0005000000237487257,0.0005000000237487257,0.0005000000237487257,0.0005000000237487257,0,0.0,0.0
2023-04-27 00:00:00-04:00,0.0005000000237487257,0.0005000000237487257,0.0005000000237487257,0.0005000000237487257,0,0.0,0.0
2023-04-28 00:00:00-04:00,0.0005000000237487257,0.0005000000237487257,0.0005000000237487257,0.0005000000237487257,0,0.0,0.0
2023-05-01 00:00:00-04:00,0.0005000000237487257,0.0005000000237487257,0.0005000000237487257,0.0005000000237487257,570,0.0,0.0
2023-05-02 00:00:00-04:00,0.0005000000237487257,0.0005000000237487257,0.0005000000237487257,0.0005000000237487257,0,0.0,0.0
2023-05-03 00:00:00-04:00,0.0005000000237487257,0.0005000000237487257,0.0005000000237487257,0.0005000000237487257,0,0.0,0.0
2023-05-04 00:00:00-04:00,0.0005000000237487257,0.0005000000237487257,0.0005000000237487257,0.0005000000237487257,0,0.0,0.0
2023-05-05 00:00:00-04:00,0.0005000000237487257,0.0005000000237487257,0.0005000000237487257,0.0005000000237487257,0,0.0,0.0
2023-05-08 00:00:00-04:00,0.0005000000237487257,0.0005000000237487257,0.0005000000237487257,0.0005000000237487257,0,0.0,0.0
2023-05-09 00:00:00-04:00,0.0005000000237487257,0.0005000000237487257,0.0005000000237487257,0.0005000000237487257,0,0.0,0.0
2023-05-10 00:00:00-04:00,0.0005000000237487257,0.0005000000237487257,0.0005000000237487257,0.0005000000237487257,0,0.0,0.0
2023-05-11 00:00:00-04:00,0.0005000000237487257,0.0005000000237487257,0.0005000000237487257,0.0005000000237487257,0,0.0,0.0
2023-05-12 00:00:00-04:00,0.0005000000237487257,0.0005000000237487257,0.0005000000237487257,0.0005000000237487257,0,0.0,0.0
2023-05-15 00:00:00-04:00,0.0005000000237487257,0.0005000000237487257,0.0005000000237487257,0.0005000000237487257,0,0.0,0.0
2023-05-16 00:00:00-04:00,0.0005000000237487257,0.0005000000237487257,0.0005000000237487257,0.0005000000237487257,0,0.0,0.0
2023-05-17 00:00:00-04:00,0.0005000000237487257,0.0005000000237487257,0.0005000000237487257,0.0005000000237487257,0,0.0,0.0
2023-05-18 00:00:00-04:00,0.0005000000237487257,0.0005000000237487257,0.0005000000237487257,0.0005000000237487257,0,0.0,0.0
2023-05-19 00:00:00-04:00,0.0005000000237487257,0.0005000000237487257,0.0005000000237487257,0.0005000000237487257,0,0.0,0.0
2023-05-22 00:00:00-04:00,0.0005000000237487257,0.0005000000237487257,0.0005000000237487257,0.0005000000237487257,100,0.0,0.0
2023-05-23 00:00:00-04:00,0.0005000000237487257,0.0005000000237487257,0.0005000000237487257,0.0005000000237487257,0,0.0,0.0
2023-05-24 00:00:00-04:00,0.0005000000237487257,0.0005000000237487257,0.0005000000237487257,0.0005000000237487257,0,0.0,0.0
2023-05-25 00:00:00-04:00,0.0005000000237487257,0.0005000000237487257,0.0005000000237487257,0.0005000000237487257,0,0.0,0.0
2023-05-26 00:00:00-04:00,0.0005000000237487257,0.0005000000237487257,0.0005000000237487257,0.0005000000237487257,0,0.0,0.0
2023-05-30 00:00:00-04:00,0.0005000000237487257,0.0005000000237487257,0.0005000000237487257,0.0005000000237487257,0,0.0,0.0
2023-05-31 00:00:00-04:00,0.0005000000237487257,0.0005000000237487257,0.0005000000237487257,0.0005000000237487257,0,0.0,0.0
2023-06-01 00:00:00-04:00,0.0005000000237487257,0.0005000000237487257,0.0005000000237487257,0.0005000000237487257,0,0.0,0.0
2023-06-02 00:00:00-04:00,0.0005000000237487257,0.0005000000237487257,0.0005000000237487257,0.0005000000237487257,0,0.0,0.0
2023-06-05 00:00:00-04:00,0.0005000000237487257,0.0005000000237487257,0.0005000000237487257,0.0005000000237487257,0,0.0,0.0
2023-06-06 00:00:00-04:00,0.0005000000237487257,0.0005000000237487257,0.0005000000237487257,0.0005000000237487257,0,0.0,0.0
2023-06-07 00:00:00-04:00,0.0005000000237487257,0.0005000000237487257,0.0005000000237487257,0.0005000000237487257,0,0.0,0.0
2023-06-08 00:00:00-04:00,0.0005000000237487257,0.0005000000237487257,0.0005000000237487257,0.0005000000237487257,0,0.0,0.0
2023-06-09 00:00:00-04:00,0.0005000000237487257,0.0005000000237487257,0.0005000000237487257,0.0005000000237487257,0,0.0,0.0
2023-06-12 00:00:00-04:00,0.0005000000237487257,0.0005000000237487257,0.0005000000237487257,0.0005000000237487257,0,0.0,0.0
2023-06-13 00:00:00-04:00,0.0005000000237487257,0.0005000000237487257,0.0005000000237487257,0.0005000000237487257,0,0.0,0.0
2023-06-14 00:00:00-04:00,0.0005000000237487257,0.0005000000237487257,0.0005000000237487257,0.0005000000237487257,0,0.0,0.0
2023-06-15 00:00:00-04:00,0.0005000000237487257,0.0005000000237487257,0.0005000000237487257,0.0005000000237487257,0,0.0,0.0
2023-06-16 00:00:00-04:00,0.0005000000237487257,0.0005000000237487257,0.0005000000237487257,0.0005000000237487257,0,0.0,0.0
2023-06-20 00:00:00-04:00,0.0005000000237487257,0.0005000000237487257,0.0005000000237487257,0.0005000000237487257,0,0.0,0.0
2023-06-21 00:00:00-04:00,0.0005000000237487257,0.0005000000237487257,0.0005000000237487257,0.0005000000237487257,0,0.0,0.0
2023-06-22 00:00:00-04:00,0.0005000000237487257,0.0005000000237487257,0.0005000000237487257,0.0005000000237487257,0,0.0,0.0
2023-06-23 00:00:00-04:00,0.0010000000474974513,0.0010000000474974513,0.0010000000474974513,0.0010000000474974513,500,0.0,0.0
2023-06-26 00:00:00-04:00,0.0010000000474974513,0.0010000000474974513,0.0010000000474974513,0.0010000000474974513,0,0.0,0.0
2023-06-27 00:00:00-04:00,0.0010000000474974513,0.0010000000474974513,0.0010000000474974513,0.0010000000474974513,0,0.0,0.0
2023-06-28 00:00:00-04:00,0.0010000000474974513,0.0010000000474974513,0.0010000000474974513,0.0010000000474974513,0,0.0,0.0
2023-06-29 00:00:00-04:00,0.0010000000474974513,0.0010000000474974513,0.0010000000474974513,0.0010000000474974513,0,0.0,0.0
2023-06-30 00:00:00-04:00,0.0010000000474974513,0.0010000000474974513,0.0010000000474974513,0.0010000000474974513,3468,0.0,0.0
2023-07-03 00:00:00-04:00,0.0010000000474974513,0.0010000000474974513,0.0010000000474974513,0.0010000000474974513,0,0.0,0.0
2023-07-05 00:00:00-04:00,0.0010000000474974513,0.0010000000474974513,0.0010000000474974513,0.0010000000474974513,0,0.0,0.0
2023-07-06 00:00:00-04:00,0.0010000000474974513,0.0010000000474974513,0.0010000000474974513,0.0010000000474974513,0,0.0,0.0
2023-07-07 00:00:00-04:00,0.0010000000474974513,0.0010000000474974513,0.0010000000474974513,0.0010000000474974513,0,0.0,0.0
2023-07-10 00:00:00-04:00,0.0010000000474974513,0.0010000000474974513,0.0010000000474974513,0.0010000000474974513,0,0.0,0.0
2023-07-11 00:00:00-04:00,0.0010000000474974513,0.0010000000474974513,0.0010000000474974513,0.0010000000474974513,0,0.0,0.0
2023-07-12 00:00:00-04:00,0.0010000000474974513,0.0010000000474974513,0.0010000000474974513,0.0010000000474974513,0,0.0,0.0
2023-07-13 00:00:00-04:00,0.0010000000474974513,0.0010000000474974513,0.0010000000474974513,0.0010000000474974513,0,0.0,0.0
2023-07-14 00:00:00-04:00,0.0010000000474974513,0.0010000000474974513,0.0010000000474974513,0.0010000000474974513,0,0.0,0.0
2023-07-17 00:00:00-04:00,0.0010000000474974513,0.0010000000474974513,0.0010000000474974513,0.0010000000474974513,0,0.0,0.0
2023-07-18 00:00:00-04:00,0.0010000000474974513,0.0010000000474974513,0.0010000000474974513,0.0010000000474974513,0,0.0,0.0
2023-07-19 00:00:00-04:00,0.0010000000474974513,0.0010000000474974513,0.0010000000474974513,0.0010000000474974513,0,0.0,0.0
2023-07-20 00:00:00-04:00,0.0010000000474974513,0.0010000000474974513,0.0010000000474974513,0.0010000000474974513,0,0.0,0.0
2023-07-21 00:00:00-04:00,0.0010000000474974513,0.0010000000474974513,0.0010000000474974513,0.0010000000474974513,0,0.0,0.0
2023-07-24 00:00:00-04:00,0.0010000000474974513,0.0010000000474974513,0.0010000000474974513,0.0010000000474974513,200,0.0,0.0
2023-07-25 00:00:00-04:00,0.0010000000474974513,0.0010000000474974513,0.0010000000474974513,0.0010000000474974513,0,0.0,0.0
2023-07-26 00:00:00-04:00,0.0010000000474974513,0.0010000000474974513,0.0010000000474974513,0.0010000000474974513,0,0.0,0.0
2023-07-27 00:00:00-04:00,0.0010000000474974513,0.0010000000474974513,0.0010000000474974513,0.0010000000474974513,0,0.0,0.0
2023-07-28 00:00:00-04:00,0.0010000000474974513,0.0010000000474974513,0.0010000000474974513,0.0010000000474974513,0,0.0,0.0
2023-07-31 00:00:00-04:00,0.0010000000474974513,0.0010000000474974513,0.0010000000474974513,0.0010000000474974513,0,0.0,0.0
2023-08-01 00:00:00-04:00,0.0010000000474974513,0.0010000000474974513,0.0010000000474974513,0.0010000000474974513,0,0.0,0.0
2023-08-02 00:00:00-04:00,0.0010000000474974513,0.0010000000474974513,0.0010000000474974513,0.0010000000474974513,0,0.0,0.0
2023-08-03 00:00:00-04:00,0.0010000000474974513,0.0010000000474974513,0.0010000000474974513,0.0010000000474974513,0,0.0,0.0
2023-08-04 00:00:00-04:00,0.0010000000474974513,0.0010000000474974513,0.0010000000474974513,0.0010000000474974513,0,0.0,0.0
2023-08-07 00:00:00-04:00,0.0010000000474974513,0.0010000000474974513,0.0010000000474974513,0.0010000000474974513,0,0.0,0.0
2023-08-08 00:00:00-04:00,0.0010000000474974513,0.0010000000474974513,0.0010000000474974513,0.0010000000474974513,0,0.0,0.0
2023-08-09 00:00:00-04:00,0.0010000000474974513,0.0010000000474974513,0.0010000000474974513,0.0010000000474974513,0,0.0,0.0
2023-08-10 00:00:00-04:00,0.0010000000474974513,0.0010000000474974513,0.0010000000474974513,0.0010000000474974513,0,0.0,0.0
2023-08-11 00:00:00-04:00,0.0010000000474974513,0.0010000000474974513,0.0010000000474974513,0.0010000000474974513,0,0.0,0.0
2023-08-14 00:00:00-04:00,0.0010000000474974513,0.0010000000474974513,0.0010000000474974513,0.0010000000474974513,0,0.0,0.0
2023-08-15 00:00:00-04:00,0.0010000000474974513,0.0010000000474974513,0.0010000000474974513,0.0010000000474974513,0,0.0,0.0
2023-08-16 00:00:00-04:00,0.0010000000474974513,0.0010000000474974513,0.0010000000474974513,0.0010000000474974513,0,0.0,0.0
2023-08-17 00:00:00-04:00,0.0010000000474974513,0.0010000000474974513,0.0010000000474974513,0.0010000000474974513,0,0.0,0.0
2023-08-18 00:00:00-04:00,0.0010000000474974513,0.0010000000474974513,0.0010000000474974513,0.0010000000474974513,0,0.0,0.0
2023-08-21 00:00:00-04:00,0.006000000052154064,0.006000000052154064,0.006000000052154064,0.006000000052154064,10000,0.0,0.0
2023-08-22 00:00:00-04:00,0.006000000052154064,0.006000000052154064,0.006000000052154064,0.006000000052154064,0,0.0,0.0
2023-08-23 00:00:00-04:00,0.006000000052154064,0.006000000052154064,0.006000000052154064,0.006000000052154064,0,0.0,0.0
2023-08-24 00:00:00-04:00,0.006000000052154064,0.006000000052154064,0.006000000052154064,0.006000000052154064,0,0.0,0.0
2023-08-25 00:00:00-04:00,0.006000000052154064,0.006000000052154064,0.006000000052154064,0.006000000052154064,0,0.0,0.0
2023-08-28 00:00:00-04:00,0.006000000052154064,0.006000000052154064,0.006000000052154064,0.006000000052154064,0,0.0,0.0
2023-08-29 00:00:00-04:00,0.006000000052154064,0.006000000052154064,0.006000000052154064,0.006000000052154064,0,0.0,0.0
2023-08-30 00:00:00-04:00,0.006000000052154064,0.006000000052154064,0.006000000052154064,0.006000000052154064,0,0.0,0.0
2023-08-31 00:00:00-04:00,0.006000000052154064,0.006000000052154064,0.006000000052154064,0.006000000052154064,0,0.0,0.0
2023-09-01 00:00:00-04:00,0.006000000052154064,0.006000000052154064,0.006000000052154064,0.006000000052154064,0,0.0,0.0
2023-09-05 00:00:00-04:00,0.006000000052154064,0.006000000052154064,0.006000000052154064,0.006000000052154064,0,0.0,0.0
2023-09-06 00:00:00-04:00,0.006000000052154064,0.006000000052154064,0.006000000052154064,0.006000000052154064,0,0.0,0.0
2023-09-07 00:00:00-04:00,0.006000000052154064,0.006000000052154064,0.006000000052154064,0.006000000052154064,0,0.0,0.0
2023-09-08 00:00:00-04:00,0.006000000052154064,0.006000000052154064,0.006000000052154064,0.006000000052154064,0,0.0,0.0
2023-09-11 00:00:00-04:00,0.006000000052154064,0.006000000052154064,0.006000000052154064,0.006000000052154064,0,0.0,0.0
2023-09-12 00:00:00-04:00,0.006000000052154064,0.006000000052154064,0.006000000052154064,0.006000000052154064,0,0.0,0.0
2023-09-13 00:00:00-04:00,0.006000000052154064,0.006000000052154064,0.006000000052154064,0.006000000052154064,0,0.0,0.0
2023-09-14 00:00:00-04:00,0.006000000052154064,0.006000000052154064,0.006000000052154064,0.006000000052154064,0,0.0,0.0
2023-09-15 00:00:00-04:00,0.006000000052154064,0.006000000052154064,0.006000000052154064,0.006000000052154064,0,0.0,0.0
