Date,Open,High,Low,Close,Volume,Dividends,Stock Splits
2013-09-16 00:00:00-04:00,13.417678136890192,13.461459837898298,13.156547440882981,13.291022300720215,158400,0.0,0.0
2013-09-17 00:00:00-04:00,13.339497105414608,13.603754019883477,13.24098669725363,13.450516700744629,207600,0.0,0.0
2013-09-18 00:00:00-04:00,13.492734558697009,13.746045360909086,13.456770088408552,13.691317558288574,211200,0.0,0.0
2013-09-19 00:00:00-04:00,13.749172185487454,13.760118282650389,13.64284454982873,13.746045112609863,121200,0.0,0.0
2013-09-20 00:00:00-04:00,13.756987972194523,13.969644996751079,13.644405315226159,13.857062339782715,908400,0.0,0.0
2013-09-23 00:00:00-04:00,13.819535324333689,13.955573274800956,13.688189324961172,13.894591331481934,231600,0.0,0.0
2013-09-24 00:00:00-04:00,13.950881583359507,14.043136933351262,13.65222513097033,13.772625923156738,271200,0.0,0.0
2013-09-25 00:00:00-04:00,13.836734746128691,13.960263503872094,13.73666216355895,13.83360767364502,207600,0.0,0.0
2013-09-26 00:00:00-04:00,13.886773080141756,14.022810134683398,13.681934164395793,13.742916107177734,203400,0.0,0.0
2013-09-27 00:00:00-04:00,13.630333696789306,13.827353592558838,13.381713969915804,13.534952163696289,129600,0.0,0.0
2013-09-30 00:00:00-04:00,13.436442606654047,13.583425769475339,13.322295946054863,13.528697967529297,269400,0.0,0.0
2013-10-01 00:00:00-04:00,13.502115806575258,13.669425381916676,13.447387112735937,13.619389533996582,204600,0.0,0.0
2013-10-02 00:00:00-04:00,13.534952230972587,13.611570433516139,13.397350294737981,13.469278335571289,202800,0.0,0.0
2013-10-03 00:00:00-04:00,13.408296118143943,13.511496673489678,13.25974898306617,13.298840522766113,247800,0.0,0.0
2013-10-04 00:00:00-04:00,13.270697178424658,13.589681007598912,13.270697178424658,13.538081169128418,139800,0.0,0.0
2013-10-07 00:00:00-04:00,13.452077526989589,13.559969136331787,13.414549971795456,13.428622245788574,132600,0.0,0.0
2013-10-08 00:00:00-04:00,13.419240723671987,13.728843270683322,13.169057028052215,13.178439140319824,313200,0.0,0.0
2013-10-09 00:00:00-04:00,13.266003046180568,13.377021722345296,13.169056643278621,13.2957124710083,183600,0.0,0.0
2013-10-10 00:00:00-04:00,13.445824458273673,13.685062977312162,13.314477557215023,13.584988594055176,97800,0.0,0.0
2013-10-11 00:00:00-04:00,13.592806167463337,13.808590289323478,13.547460481669347,13.760117530822754,137400,0.0,0.0
2013-10-14 00:00:00-04:00,13.73197288763421,13.816410118731739,13.686626304468813,13.752299308776855,116400,0.0,0.0
2013-10-15 00:00:00-04:00,13.755426088405459,13.755426088405459,13.572479366646071,13.58342456817627,94200,0.0,0.0
2013-10-16 00:00:00-04:00,13.716334139525769,13.799207377182874,13.595933347378987,13.702260971069336,162000,0.0,0.0
2013-10-17 00:00:00-04:00,13.617825382335088,13.75229845549666,13.525570027375245,13.68349838256836,123000,0.0,0.0
2013-10-18 00:00:00-04:00,13.832043430977018,14.074409885835266,13.702260530696995,14.032191276550293,255600,0.0,0.0
2013-10-21 00:00:00-04:00,14.007175443335147,14.129140237267288,13.91961113648882,13.932120323181152,95400,0.0,0.0
2013-10-22 00:00:00-04:00,13.910229072870962,14.016556712774811,13.897718991405979,13.938374519348145,121800,0.0,0.0
2013-10-23 00:00:00-04:00,13.903973405881025,13.924301616300298,13.777318455074642,13.811718940734863,171000,0.0,0.0
2013-10-24 00:00:00-04:00,13.791389435479454,13.893026899123068,13.705388229403324,13.864880561828613,120000,0.0,0.0
2013-10-25 00:00:00-04:00,13.925864041414114,13.985282896589254,13.66473423327851,13.76324462890625,115200,0.0,0.0
2013-10-28 00:00:00-04:00,13.76324462890625,13.871136242671488,13.655353015141012,13.76324462890625,148200,0.0,0.0
2013-10-29 00:00:00-04:00,13.760117488656185,13.899281618318431,13.605316206053132,13.758553504943848,163200,0.0,0.0
2013-10-30 00:00:00-04:00,13.758553597069149,13.758553597069149,13.57247979679361,13.61469841003418,198600,0.0,0.0
2013-10-31 00:00:00-04:00,13.689753006961599,13.689753006961599,13.412986950486776,13.433313369750977,200400,0.0,0.0
2013-11-01 00:00:00-04:00,13.411423283374553,13.434877670519917,13.184693962059308,13.23629379272461,327600,0.0,0.0
2013-11-04 00:00:00-05:00,13.322295139486723,13.760117528548097,13.284767582829536,13.467714309692383,215400,0.0,0.0
2013-11-05 00:00:00-05:00,13.359822372226526,13.433313500042189,13.18469377873909,13.291022300720215,135600,0.0,0.0
2013-11-06 00:00:00-05:00,13.339496904102791,13.447388529966583,13.10807739233179,13.136222839355469,171000,0.0,0.0
2013-11-07 00:00:00-05:00,13.212840699573025,13.244114113557108,12.88760184672211,12.957966804504395,274200,0.0,0.0
2013-11-08 00:00:00-05:00,12.947021281089796,13.236295675949876,12.92669306899855,13.158113479614258,99000,0.0,0.0
2013-11-11 00:00:00-05:00,13.145603876040674,13.219095008004526,12.928255763500916,12.979856491088867,604200,0.0,0.0
2013-11-12 00:00:00-05:00,12.998619201188738,13.18938494893032,12.95014644345275,13.150294303894043,95400,0.0,0.0
2013-11-13 00:00:00-05:00,13.112767084371642,13.272258530722642,13.06116635792637,13.255058288574219,84600,0.0,0.0
2013-11-14 00:00:00-05:00,13.219094411628024,13.295713507669685,13.12371109013636,13.228476524353027,108000,0.0,0.0
2013-11-15 00:00:00-05:00,13.284767833889394,13.760117788591273,13.170621178043781,13.336368560791016,161400,0.0,0.0
2013-11-18 00:00:00-05:00,13.425496197468274,13.60687893529292,13.198765985732466,13.286331176757812,141000,0.0,0.0
2013-11-19 00:00:00-05:00,13.073674082626445,13.28320224827543,13.073674082626445,13.139347076416016,178200,0.0,0.0
2013-11-20 00:00:00-05:00,13.197203925226125,13.262877823612998,13.059602877463622,13.14404010772705,75600,0.0,0.0
2013-11-21 00:00:00-05:00,13.200330200528771,13.608443157234898,13.12683907180056,13.525569915771484,230400,0.0,0.0
2013-11-22 00:00:00-05:00,13.570916788738,13.710080929337133,13.442696956075245,13.617826461791992,160200,0.0,0.0
2013-11-25 00:00:00-05:00,13.642843921589833,13.681934567578585,13.528697266902102,13.619389533996582,96600,0.0,0.0
2013-11-26 00:00:00-05:00,13.60844336987047,13.64284385395205,13.53495223999394,13.61469841003418,81000,0.0,0.0
2013-11-27 00:00:00-05:00,13.664734637936014,14.05721045889439,13.64128024980641,14.018119812011719,130200,0.0,0.0
2013-11-29 00:00:00-05:00,14.133829031148894,14.158848296839148,13.979027748976044,14.049392700195312,88800,0.0,0.0
2013-12-02 00:00:00-05:00,14.086921428877373,14.086921428877373,13.603753316566358,13.620953559875488,83400,0.0,0.0
2013-12-03 00:00:00-05:00,13.584989248338024,13.780445178194697,13.533389412534607,13.633462905883789,120000,0.0,0.0
2013-12-04 00:00:00-05:00,13.646095531021379,13.87826948559962,13.545013435624428,13.739280700683594,972600,0.145,0.0
2013-12-05 00:00:00-05:00,13.732966423034668,13.868795743358048,13.584501838117149,13.732966423034668,376200,0.0,0.0
2013-12-06 00:00:00-05:00,13.901961253923558,14.042527988015676,13.840363782808778,13.920913696289062,160800,0.0,0.0
2013-12-09 00:00:00-05:00,13.906700718250617,14.140453551350518,13.906700718250617,14.0393705368042,169200,0.0,0.0
2013-12-10 00:00:00-05:00,13.995146210713507,14.009360316328364,13.736122874982343,13.815093040466309,301200,0.0,0.0
2013-12-11 00:00:00-05:00,13.81035530345691,14.04568787088117,13.767711177270813,13.769290924072266,300000,0.0,0.0
2013-12-12 00:00:00-05:00,13.822992295610373,13.900382722340826,13.769291746098812,13.819832801818848,166800,0.0,0.0
2013-12-13 00:00:00-05:00,13.843523850947147,14.063062582697292,13.7582364955765,13.916177749633789,232800,0.0,0.0
2013-12-16 00:00:00-05:00,13.938286791664645,14.214683720817854,13.900381004558941,14.138872146606445,209400,0.0,0.0
2013-12-17 00:00:00-05:00,14.168880411962691,14.168880411962691,13.852997962284665,13.996725082397461,232800,0.0,0.0
2013-12-18 00:00:00-05:00,13.999884079290615,14.265225506469113,13.979352793595554,14.227319717407227,216000,0.0,0.0
2013-12-19 00:00:00-05:00,14.172040010670042,14.172040010670042,13.89248448370803,13.974614143371582,156000,0.0,0.0
2013-12-20 00:00:00-05:00,14.044107983353994,14.336298780268347,14.044107983353994,14.21468448638916,648000,0.0,0.0
2013-12-23 00:00:00-05:00,14.309449593831836,14.309449593831836,14.061481762550562,14.14834976196289,222000,0.0,0.0
2013-12-24 00:00:00-05:00,13.913018584234107,14.214685165028497,13.913018584234107,14.134135246276855,127800,0.0,0.0
2013-12-26 00:00:00-05:00,14.214684477436176,14.329981591590858,14.162563678487082,14.208366394042969,111600,0.0,0.0
2013-12-27 00:00:00-05:00,14.262066243996868,14.262066243996868,13.963557378436198,14.113601684570312,271800,0.0,0.0
2013-12-30 00:00:00-05:00,14.06938018261586,14.154668438797641,14.056744015130446,14.096229553222656,133200,0.0,0.0
2013-12-31 00:00:00-05:00,14.130976591162673,14.246272806617695,14.074118356862042,14.159405708312988,151800,0.0,0.0
2014-01-02 00:00:00-05:00,14.100966267581793,14.353671513305862,14.072537153374146,14.160983085632324,381600,0.0,0.0
2014-01-03 00:00:00-05:00,14.17677795409107,14.262066201137818,14.05042533022376,14.135713577270508,129600,0.0,0.0
2014-01-06 00:00:00-05:00,14.160984780912356,14.160984780912356,13.998306098406902,14.070959091186523,301200,0.0,0.0
2014-01-07 00:00:00-05:00,14.151509096366475,14.274702241340323,14.056744165430048,14.233638763427734,345000,0.0,0.0
2014-01-08 00:00:00-05:00,13.998306649876566,14.246273598729248,13.998306649876566,14.222582817077637,360000,0.0,0.0
2014-01-09 00:00:00-05:00,14.293653210729536,14.293653210729536,14.056741826553106,14.21942138671875,396000,0.0,0.0
2014-01-10 00:00:00-05:00,14.236794753211083,14.353671607937956,14.135713558000285,14.333139419555664,283800,0.0,0.0
2014-01-13 00:00:00-05:00,14.328401847054984,14.431063698184659,14.295234394535008,14.393157005310059,427800,0.0,0.0
2014-01-14 00:00:00-05:00,14.492659215740023,14.675870968452783,14.435800084296329,14.64112377166748,307800,0.0,0.0
2014-01-15 00:00:00-05:00,14.65060043334961,14.683767883440021,14.562153598526764,14.65060043334961,174600,0.0,0.0
2014-01-16 00:00:00-05:00,14.609537676419038,14.819598819433917,14.609537676419038,14.770637512207031,258600,0.0,0.0
2014-01-17 00:00:00-05:00,14.794327894207672,15.018604041548139,14.73904850483708,14.931736946105957,346200,0.0,0.0
2014-01-21 00:00:00-05:00,14.983857842680521,15.08809853863545,14.835392369699205,14.893831253051758,306600,0.0,0.0
2014-01-22 00:00:00-05:00,14.874877424370759,14.960165674545841,14.800644690285107,14.898569107055664,207600,0.0,0.0
2014-01-23 00:00:00-05:00,14.762738906388442,14.923838733715433,14.727992611348439,14.866979598999023,219600,0.0,0.0
2014-01-24 00:00:00-05:00,14.764319415691673,14.799066616271572,14.413690627442989,14.573210716247559,379200,0.0,0.0
2014-01-27 00:00:00-05:00,14.661658523343455,14.740628694641043,14.266805859364844,14.372626304626465,229200,0.0,0.0
2014-01-28 00:00:00-05:00,14.429485315382763,14.445278265008739,14.284178430134505,14.40737247467041,276600,0.0,0.0
2014-01-29 00:00:00-05:00,14.225741426692421,14.26364721722602,14.004622959628431,14.012520790100098,441000,0.0,0.0
2014-01-30 00:00:00-05:00,14.183096690661205,14.334719846288207,14.045687641033426,14.074117660522461,227400,0.0,0.0
2014-01-31 00:00:00-05:00,13.811934824235818,14.115182039235115,13.811934824235818,14.074117660522461,277200,0.0,0.0
2014-02-03 00:00:00-05:00,14.074117190952139,14.167301461461758,13.845101814631635,13.87511157989502,477000,0.0,0.0
2014-02-04 00:00:00-05:00,13.911438011142447,13.94934379984807,13.796140898258365,13.892484664916992,283200,0.0,0.0
2014-02-05 00:00:00-05:00,13.788242922694305,13.993566607034584,13.477099710380315,13.939866065979004,386400,0.0,0.0
2014-02-06 00:00:00-05:00,13.938287638630486,14.165722375084878,13.911438269306547,13.97619342803955,310200,0.0,0.0
2014-02-07 00:00:00-05:00,13.966715779848181,14.056742362315179,13.83088738842242,13.995145797729492,338400,0.0,0.0
2014-02-10 00:00:00-05:00,14.004623173435666,14.296814889242848,13.807197291027261,14.293655395507812,368400,0.0,0.0
2014-02-11 00:00:00-05:00,14.064640691354384,14.484762950292634,14.037789515460767,14.359989166259766,401400,0.0,0.0
2014-02-12 00:00:00-05:00,14.36157072434028,14.584268048345145,14.168883169753416,14.222582817077637,270600,0.0,0.0
2014-02-13 00:00:00-05:00,14.35682970508549,14.358409451731955,14.059901501460788,14.331559181213379,664200,0.0,0.0
2014-02-14 00:00:00-05:00,14.336298951376506,14.5274076461792,14.24311377230922,14.5274076461792,156000,0.0,0.0
2014-02-18 00:00:00-05:00,14.487921714782715,14.619013583620925,14.396316285017395,14.487921714782715,181800,0.0,0.0
2014-02-19 00:00:00-05:00,14.399475065651446,14.491081400376238,14.309449381454296,14.412110328674316,180600,0.0,0.0
2014-02-20 00:00:00-05:00,14.337879453330256,14.642705532986497,14.322084695689542,14.609538078308105,168600,0.0,0.0
2014-02-21 00:00:00-05:00,14.688506514697574,14.751682826554116,14.489500906413152,14.721673965454102,203400,0.0,0.0
2014-02-24 00:00:00-05:00,14.783272786646144,15.279206654148947,14.7801141967007,15.137060165405273,190200,0.0,0.0
2014-02-25 00:00:00-05:00,15.103890968788114,15.162329850131663,14.789589144916429,14.89540958404541,174000,0.0,0.0
2014-02-26 00:00:00-05:00,14.840129405551963,15.133899928394431,14.818018374594926,15.02649974822998,162000,0.0,0.0
2014-02-27 00:00:00-05:00,14.170459944500301,14.729570985821137,13.436034975559021,14.683768272399902,890400,0.0,0.0
2014-02-28 00:00:00-05:00,14.658497266097084,14.811700157203719,14.617432890412191,14.688506126403809,367200,0.0,0.0
2014-03-03 00:00:00-05:00,14.609537276515454,14.633228056058302,14.260487340614153,14.540042877197266,235200,0.0,0.0
2014-03-04 00:00:00-05:00,14.540042327428731,14.878035830434031,14.50845462256595,14.764318466186523,581400,0.0,0.0
2014-03-05 00:00:00-05:00,14.688505777722387,14.688505777722387,14.543200719615442,14.63322639465332,756000,0.0,0.0
2014-03-06 00:00:00-05:00,14.688508298650278,14.780114639777002,14.54478205875261,14.762740135192871,198600,0.0,0.0
2014-03-07 00:00:00-05:00,14.846448406744312,15.004388741539959,14.754842072667731,14.844868659973145,149400,0.0,0.0
2014-03-10 00:00:00-04:00,14.750103641206849,14.939633487734781,14.713777599411324,14.882774353027344,177600,0.0,0.0
2014-03-11 00:00:00-04:00,14.783271137456495,14.922259020749538,14.633226834969825,14.65060043334961,207000,0.0,0.0
2014-03-12 00:00:00-04:00,14.538464528313206,14.732731819152832,14.484763980198268,14.732731819152832,322200,0.0,0.0
2014-03-13 00:00:00-04:00,14.773796667238683,14.805384375368668,14.543203325155527,14.715357780456543,405600,0.0,0.0
2014-03-14 00:00:00-04:00,14.74378549996937,14.822756565453439,14.620591469259832,14.697982788085938,146400,0.0,0.0
2014-03-17 00:00:00-04:00,14.800645333704203,14.906465777642945,14.731151836879771,14.814860343933105,269400,0.0,0.0
2014-03-18 00:00:00-04:00,14.87961557717528,14.87961557717528,14.69956330971971,14.764318466186523,211800,0.0,0.0
2014-03-19 00:00:00-04:00,14.715356073366872,14.784851372928834,14.577947932200123,14.630067825317383,89400,0.0,0.0
2014-03-20 00:00:00-04:00,14.645863991754736,14.715357490518691,14.600061273621488,14.660079002380371,97800,0.0,0.0
2014-03-21 00:00:00-04:00,14.759580858841986,14.925419028799936,14.62217270915933,14.667975425720215,404400,0.0,0.0
2014-03-24 00:00:00-04:00,14.938054544898037,14.938054544898037,14.480025564047843,14.576370239257812,185400,0.0,0.0
2014-03-25 00:00:00-04:00,14.699563895244317,14.702722485107355,14.457914147688301,14.54320240020752,201600,0.0,0.0
2014-03-26 00:00:00-04:00,14.675872009117574,14.675872009117574,14.306290791634902,14.412110328674316,321600,0.0,0.0
2014-03-27 00:00:00-04:00,14.382102559637884,14.393157172279048,14.292075970506946,14.352093696594238,360600,0.0,0.0
2014-03-28 00:00:00-04:00,14.336299618554056,14.522669985361865,14.230480075107609,14.271544456481934,214200,0.0,0.0
2014-03-31 00:00:00-04:00,14.293653230367289,14.510033331173547,14.28733605134481,14.42000675201416,414600,0.0,0.0
2014-04-01 00:00:00-04:00,14.389999996488529,14.622173078800756,14.389999996488529,14.519511222839355,314400,0.0,0.0
2014-04-02 00:00:00-04:00,14.508455429608969,14.508455429608969,14.325243658479618,14.438961029052734,308400,0.0,0.0
2014-04-03 00:00:00-04:00,14.462654444671344,14.48318573343663,14.21468658003356,14.329983711242676,239400,0.0,0.0
2014-04-04 00:00:00-04:00,14.42632557694581,14.42632557694581,13.920914143931226,13.944605827331543,547200,0.0,0.0
2014-04-07 00:00:00-04:00,13.898803005297388,13.93039071126364,13.780347300433334,13.791402816772461,258600,0.0,0.0
2014-04-08 00:00:00-04:00,13.848260321764805,13.848260321764805,13.642937532530835,13.709273338317871,320400,0.0,0.0
2014-04-09 00:00:00-04:00,13.71085200450551,13.819831028953384,13.677684553912265,13.77560806274414,491400,0.0,0.0
2014-04-10 00:00:00-04:00,13.717169651313647,13.81983058946963,13.43919388935323,13.554490089416504,612000,0.0,0.0
2014-04-11 00:00:00-04:00,13.437616163639559,13.644517817711044,13.437616163639559,13.503951072692871,262200,0.0,0.0
2014-04-14 00:00:00-04:00,13.567125980561103,13.622405366937489,13.424979503447686,13.496052742004395,306000,0.0,0.0
2014-04-15 00:00:00-04:00,13.576603848207224,13.676107113939835,13.382336557307498,13.582921028137207,330600,0.0,0.0
2014-04-16 00:00:00-04:00,13.633463876453616,13.739283425279991,13.541857531525034,13.608192443847656,250200,0.0,0.0
2014-04-17 00:00:00-04:00,13.606610423505165,13.865634656666401,13.499211145664686,13.766131401062012,658200,0.0,0.0
2014-04-21 00:00:00-04:00,13.753497027365777,13.860897215890704,13.693479301535532,13.791402816772461,338400,0.0,0.0
2014-04-22 00:00:00-04:00,13.79930038940368,14.031473458153576,13.756656264149077,13.908279418945312,192600,0.0,0.0
2014-04-23 00:00:00-04:00,14.01567877768261,14.075696502717728,13.70137604650864,13.87353229522705,340200,0.0,0.0
2014-04-24 00:00:00-04:00,13.93986740528882,13.93986740528882,13.611349659530203,13.788244247436523,387000,0.0,0.0
2014-04-25 00:00:00-04:00,13.726647219672104,13.796141621146411,13.527641592603803,13.605032920837402,466200,0.0,0.0
2014-04-28 00:00:00-04:00,13.696638435684786,13.777188354343192,13.582921062945626,13.761394500732422,649200,0.0,0.0
2014-04-29 00:00:00-04:00,13.778767682461279,13.939867514882216,13.679265323242925,13.740861892700195,636600,0.0,0.0
2014-04-30 00:00:00-04:00,13.696638166194802,13.911438547554447,13.619247742777528,13.871953010559082,555000,0.0,0.0
2014-05-01 00:00:00-04:00,13.822991703830903,13.966717034104503,13.661891869683831,13.871953010559082,550800,0.0,0.0
2014-05-02 00:00:00-04:00,13.911438450430385,14.01725889354328,13.807196850389273,13.909858703613281,638400,0.0,0.0
2014-05-05 00:00:00-04:00,13.857738787763617,13.97777424865315,13.857738787763617,13.93513011932373,330000,0.0,0.0
2014-05-06 00:00:00-04:00,13.868793487548828,13.977772513979295,13.783505239474458,13.868793487548828,445800,0.0,0.0
2014-05-07 00:00:00-04:00,13.813515992413116,13.925653623896656,13.690321939853266,13.86247730255127,681600,0.0,0.0
2014-05-08 00:00:00-04:00,13.759814842945202,13.913017744385991,13.593976678614823,13.701375961303711,434400,0.0,0.0
2014-05-09 00:00:00-04:00,13.60503375374143,13.769292190128525,13.527642420769912,13.646098136901855,393600,0.0,0.0
2014-05-12 00:00:00-04:00,13.702955827371504,14.010940475954882,13.701376080592068,13.845102310180664,349800,0.0,0.0
2014-05-13 00:00:00-04:00,14.100966530281694,14.100966530281694,13.633461816982587,13.677684783935547,453000,0.0,0.0
2014-05-14 00:00:00-04:00,13.65083521853977,13.707694354701784,13.516585660269167,13.584500312805176,597600,0.0,0.0
2014-05-15 00:00:00-04:00,13.538696942385924,13.538696942385924,13.221235631543278,13.445510864257812,751200,0.0,0.0
2014-05-16 00:00:00-04:00,13.417083077685731,13.551333546503317,13.276516332578394,13.510269165039062,273000,0.0,0.0
2014-05-19 00:00:00-04:00,13.424979025084244,13.608189872836371,13.415502352615624,13.48499584197998,167400,0.0,0.0
2014-05-20 00:00:00-04:00,13.409185127057862,13.470782598296998,13.267038645921106,13.344429969787598,354000,0.0,0.0
2014-05-21 00:00:00-04:00,13.353906933059667,13.473941480879459,13.308103313452513,13.41550350189209,200400,0.0,0.0
2014-05-22 00:00:00-04:00,13.407605273279936,13.483417753525742,13.368120642026712,13.391812324523926,239400,0.0,0.0
2014-05-23 00:00:00-04:00,13.440773420407249,13.513426406030254,13.333373236823862,13.454987525939941,255000,0.0,0.0
2014-05-27 00:00:00-04:00,13.567127033050552,13.65557387736511,13.424980544909916,13.642938613891602,281400,0.0,0.0
2014-05-28 00:00:00-04:00,13.617669429749723,13.617669429749723,13.263882017605377,13.50079345703125,504000,0.0,0.0
2014-05-29 00:00:00-04:00,13.589238346639187,13.598715019745894,13.347588604889879,13.522903442382812,254400,0.0,0.0
2014-05-30 00:00:00-04:00,13.586079995403853,13.702955953287788,13.45340928081631,13.609770774841309,414000,0.0,0.0
2014-06-02 00:00:00-04:00,13.666630395552419,13.67768591226636,13.492894391866649,13.605032920837402,271200,0.0,0.0
2014-06-03 00:00:00-04:00,13.598716673333996,13.70295737894746,13.48341954650316,13.608192443847656,511200,0.0,0.0
2014-06-04 00:00:00-04:00,13.600294770890274,13.756656262220128,13.521323699969342,13.707694053649902,330600,0.0,0.0
2014-06-05 00:00:00-04:00,13.75981521832174,13.998305472964477,13.628724249297816,13.928811073303223,491400,0.0,0.0
2014-06-06 00:00:00-04:00,14.010941297040876,14.252591054974136,13.93039137772979,14.096229553222656,361200,0.0,0.0
2014-06-09 00:00:00-04:00,14.14361212555321,14.14361212555321,13.93828841040945,14.064641952514648,498000,0.0,0.0
2014-06-10 00:00:00-04:00,14.006203547554389,14.080435386235859,13.976194681945069,14.059904098510742,226200,0.0,0.0
2014-06-11 00:00:00-04:00,13.990408255056014,14.069379326434712,13.900381667482039,14.05832290649414,163800,0.0,0.0
2014-06-12 00:00:00-04:00,13.998305470130076,13.998305470130076,13.925652480611289,13.944605827331543,206400,0.0,0.0
2014-06-13 00:00:00-04:00,14.01252088200013,14.251011143433638,13.860897718871328,14.159405708312988,364200,0.0,0.0
2014-06-16 00:00:00-04:00,14.108865387789368,14.108865387789368,13.892486148581813,14.06306266784668,222000,0.0,0.0
2014-06-17 00:00:00-04:00,14.017259295331574,14.19573182973115,13.924073209103152,14.124658584594727,240600,0.0,0.0
2014-06-18 00:00:00-04:00,14.096228043407503,14.19573039579854,13.999883376931582,14.135713577270508,150000,0.0,0.0
2014-06-19 00:00:00-04:00,14.149927601872264,14.24627045415458,13.960397775512671,14.132553100585938,136200,0.0,0.0
2014-06-20 00:00:00-04:00,14.213104769909615,14.213104769909615,13.928810898826582,14.017258644104004,613800,0.0,0.0
2014-06-23 00:00:00-04:00,14.03463304666939,14.085173198119364,13.75349774933636,14.070959091186523,196800,0.0,0.0
2014-06-24 00:00:00-04:00,14.072538012456803,14.221002579319284,13.909858435750095,14.020417213439941,367800,0.0,0.0
2014-06-25 00:00:00-04:00,13.977772347310017,14.127815749266725,13.977772347310017,14.119918823242188,212400,0.0,0.0
2014-06-26 00:00:00-04:00,14.089912027081732,14.118341145685612,14.029895199750296,14.072539329528809,198000,0.0,0.0
2014-06-27 00:00:00-04:00,14.039369583582795,14.239954948425293,13.977773015400148,14.239954948425293,1466400,0.0,0.0
2014-06-30 00:00:00-04:00,14.159404585569796,14.232057571411133,14.01409861388712,14.232057571411133,447600,0.0,0.0
2014-07-01 00:00:00-04:00,14.25416999276107,14.527407442662508,14.192573424429058,14.412110328674316,607200,0.0,0.0
2014-07-02 00:00:00-04:00,14.372625725927108,14.535304398774391,14.337878526606909,14.41526985168457,258000,0.0,0.0
2014-07-03 00:00:00-04:00,14.401055720490582,14.467391533352428,14.276281925431316,14.434223175048828,186600,0.0,0.0
2014-07-07 00:00:00-04:00,14.348934926383793,14.375784295483571,14.211525876082314,14.217843055725098,222600,0.0,0.0
2014-07-08 00:00:00-04:00,14.142032271312225,14.179938062532422,14.023576560780942,14.096229553222656,245400,0.0,0.0
2014-07-09 00:00:00-04:00,14.110444344635532,14.194152852644924,14.009361332539935,14.190994262695312,157200,0.0,0.0
2014-07-10 00:00:00-04:00,14.014098439137037,14.138872220519705,13.987249071304253,14.104125022888184,360000,0.0,0.0
2014-07-11 00:00:00-04:00,14.061481806203863,14.183097005758674,13.94776443695722,14.126237869262695,195000,0.0,0.0
2014-07-14 00:00:00-04:00,14.252590113841881,14.331560281066366,14.056743086930434,14.077275276184082,165000,0.0,0.0
2014-07-15 00:00:00-04:00,14.126238010480344,14.157825717047531,14.056743610040016,14.0662202835083,230400,0.0,0.0
2014-07-16 00:00:00-04:00,14.15150817800617,14.15150817800617,14.015678874226419,14.036211967468262,219600,0.0,0.0
2014-07-17 00:00:00-04:00,13.93986711767784,13.977772906358831,13.875111960188617,13.8861665725708,351000,0.0,0.0
2014-07-18 00:00:00-04:00,13.832468883058798,13.977773965473247,13.821412462348276,13.848261833190918,552600,0.0,0.0
2014-07-21 00:00:00-04:00,13.805616676587919,13.914596609964455,13.70927381361204,13.898802757263184,315600,0.0,0.0
2014-07-22 00:00:00-04:00,13.969875411208813,13.977772337227654,13.870373058877117,13.919333457946777,133200,0.0,0.0
2014-07-23 00:00:00-04:00,13.914596591890511,13.947764044018218,13.829308341421957,13.8861665725708,178200,0.0,0.0
2014-07-24 00:00:00-04:00,13.906700038170817,13.913018121659581,13.736123532663225,13.759815216064453,459600,0.0,0.0
2014-07-25 00:00:00-04:00,13.653994183682498,13.740862185241884,13.575024012601967,13.627144813537598,241200,0.0,0.0
2014-07-28 00:00:00-04:00,13.660311792474824,13.688740908476346,13.527641078225546,13.638200759887695,492000,0.0,0.0
2014-07-29 00:00:00-04:00,13.680843836952945,13.732963728335871,13.582919425881428,13.660310745239258,261000,0.0,0.0
2014-07-30 00:00:00-04:00,13.666629122451623,13.816672524391702,13.628723335290895,13.73138427734375,423000,0.0,0.0
2014-07-31 00:00:00-04:00,13.695058434858485,13.982510884252335,13.614508523009368,13.661890983581543,796200,0.0,0.0
2014-08-01 00:00:00-04:00,13.734543165379865,14.053584225389267,13.734543165379865,14.003043174743652,617400,0.0,0.0
2014-08-04 00:00:00-04:00,14.034630501710723,14.167300295668209,14.017256904169587,14.132553100585938,410400,0.0,0.0
2014-08-05 00:00:00-04:00,14.119919297697592,14.372625457700433,14.119919297697592,14.32524299621582,733800,0.0,0.0
2014-08-06 00:00:00-04:00,14.298392680822596,14.38999901374936,14.209945841398511,14.347354888916016,292800,0.0,0.0
2014-08-07 00:00:00-04:00,14.344197669560812,14.451596961535172,14.284179035964579,14.367888450622559,318600,0.0,0.0
2014-08-08 00:00:00-04:00,14.355251776737136,14.426325924907077,14.299973289542148,14.391579627990723,257400,0.0,0.0
2014-08-11 00:00:00-04:00,14.413688147389335,14.451593931387428,14.339456325964175,14.431061744689941,277200,0.0,0.0
2014-08-12 00:00:00-04:00,14.366306201046644,14.451594444003934,14.32050349005908,14.429483413696289,185400,0.0,0.0
2014-08-13 00:00:00-04:00,14.451595876085793,14.451595876085793,14.378942887709838,14.402633666992188,318000,0.0,0.0
2014-08-14 00:00:00-04:00,14.407372409927882,14.498978747309524,14.407372409927882,14.432642936706543,224400,0.0,0.0
2014-08-15 00:00:00-04:00,14.451596236540203,14.497398953209009,14.367887729827004,14.470549583435059,418200,0.0,0.0
2014-08-18 00:00:00-04:00,14.530565478952445,14.661657344534367,14.487921354906582,14.652180671691895,289200,0.0,0.0
2014-08-19 00:00:00-04:00,14.68850669412722,14.769056605696438,14.582686257506689,14.639544486999512,120600,0.0,0.0
2014-08-20 00:00:00-04:00,14.576371084849939,14.650602923503216,14.530567461111529,14.607958793640137,173400,0.0,0.0
2014-08-21 00:00:00-04:00,14.546363642703449,14.645866019623963,14.500560918228349,14.596903800964355,166800,0.0,0.0
2014-08-22 00:00:00-04:00,14.56689313869505,14.617434191342301,14.498978486232145,14.549519538879395,121200,0.0,0.0
2014-08-25 00:00:00-04:00,14.497399147037187,14.68850784663725,14.494240557094257,14.56373405456543,164400,0.0,0.0
2014-08-26 00:00:00-04:00,14.540041571529311,14.718514986710533,14.540041571529311,14.688506126403809,196200,0.0,0.0
2014-08-27 00:00:00-04:00,14.68218948809296,14.745366708240658,14.64744319188064,14.69008731842041,166200,0.0,0.0
2014-08-28 00:00:00-04:00,14.615854160258472,14.911203543889341,14.600060307549729,14.848027229309082,268200,0.0,0.0
2014-08-29 00:00:00-04:00,14.846449274557314,14.957007153878543,14.795907316123861,14.873298645019531,259800,0.0,0.0
2014-09-02 00:00:00-04:00,14.925418065728948,15.162329463597661,14.915941392915336,15.062827110290527,718800,0.0,0.0
2014-09-03 00:00:00-04:00,15.061247741585532,15.15917125437829,15.061247741585532,15.089676856994629,256800,0.0,0.0
2014-09-04 00:00:00-04:00,15.078622372677419,15.321850972672442,15.078622372677419,15.246039390563965,406200,0.0,0.0
2014-09-05 00:00:00-04:00,15.168647937396695,15.320272907862906,14.547941178806443,15.318693161010742,486000,0.0,0.0
2014-09-08 00:00:00-04:00,15.306057553759288,15.391345811990204,15.168648492443838,15.241300582885742,312000,0.0,0.0
2014-09-09 00:00:00-04:00,15.179703272917777,15.184440705644988,15.077041424752906,15.16232967376709,148200,0.0,0.0
2014-09-10 00:00:00-04:00,15.119686491535981,15.17496497842102,15.081780701139044,15.156012535095215,191400,0.0,0.0
2014-09-11 00:00:00-04:00,15.058089824572926,15.214451321926704,15.058089824572926,15.193918228149414,259800,0.0,0.0
2014-09-12 00:00:00-04:00,15.19391710437944,15.410297216488308,14.939633012410578,15.282364845275879,478200,0.0,0.0
2014-09-15 00:00:00-04:00,15.1323208119382,15.261832028453455,15.110208876315028,15.16232967376709,227400,0.0,0.0
2014-09-16 00:00:00-04:00,15.141796869464068,15.236560883826385,15.11336685178466,15.21129035949707,193800,0.0,0.0
2014-09-17 00:00:00-04:00,15.189179488489517,15.41187496977364,15.110208421319756,15.326586723327637,453000,0.0,0.0
2014-09-18 00:00:00-04:00,15.20023553922586,15.675638062426318,15.20023553922586,15.478209495544434,389400,0.0,0.0
2014-09-19 00:00:00-04:00,15.500322885361943,15.536649829720615,15.208131198764,15.291841506958008,604800,0.0,0.0
2014-09-22 00:00:00-04:00,15.280786437282083,15.328167997812269,15.110209927388333,15.315533638000488,179400,0.0,0.0
2014-09-23 00:00:00-04:00,15.288683043271458,15.43714851663436,15.19707761034063,15.257095336914062,268200,0.0,0.0
2014-09-24 00:00:00-04:00,15.271310344033207,15.373972203240742,15.241300575231088,15.272890090942383,161400,0.0,0.0
2014-09-25 00:00:00-04:00,15.25235629101636,15.272889384904959,15.176544710297222,15.181283950805664,170400,0.0,0.0
2014-09-26 00:00:00-04:00,15.187600745126664,15.364494428980926,15.171806892147432,15.332906723022461,225600,0.0,0.0
2014-09-29 00:00:00-04:00,15.203393593733685,15.37712958000906,15.157590880872563,15.326586723327637,251400,0.0,0.0
2014-09-30 00:00:00-04:00,15.35659637087665,15.443464363351813,15.302895828711916,15.399240493774414,480000,0.0,0.0
2014-10-01 00:00:00-04:00,15.383446759285302,15.440304987752473,15.212870266393296,15.326586723327637,487800,0.0,0.0
2014-10-02 00:00:00-04:00,15.339222517385146,15.486108228811304,15.320270980016005,15.478209495544434,477000,0.0,0.0
2014-10-03 00:00:00-04:00,15.568237688491738,15.760925216693483,15.378707846250016,15.632994651794434,635400,0.0,0.0
2014-10-06 00:00:00-04:00,15.696171310377116,15.702488490290577,15.47821143220125,15.48137092590332,156000,0.0,0.0
2014-10-07 00:00:00-04:00,15.389764502817604,15.473473005641043,15.258674442449392,15.3250093460083,811800,0.0,0.0
2014-10-08 00:00:00-04:00,15.334487726676823,15.59351019024956,15.320273619328608,15.576136589050293,345000,0.0,0.0
2014-10-09 00:00:00-04:00,15.59508820049275,15.607722559508465,15.272888548214711,15.3250093460083,296400,0.0,0.0
2014-10-10 00:00:00-04:00,15.247618016291954,15.380287823354077,15.132320904741785,15.140218734741211,367200,0.0,0.0
2014-10-13 00:00:00-04:00,15.163911402969251,15.163911402969251,14.931738307935838,14.945952415466309,390000,0.0,0.0
2014-10-14 00:00:00-04:00,14.991754929519317,15.116528727903773,14.734311309366257,14.840131759643555,603000,0.0,0.0
2014-10-15 00:00:00-04:00,14.716935526740139,15.084937879649507,14.650600625688442,14.963323593139648,391800,0.0,0.0
2014-10-16 00:00:00-04:00,14.816438999583822,15.146534666743804,14.816438999583822,15.069144248962402,286800,0.0,0.0
2014-10-17 00:00:00-04:00,15.22550667985823,15.22550667985823,14.971220779334388,15.062827110290527,264600,0.0,0.0
2014-10-20 00:00:00-04:00,15.007546504360107,15.396081924438477,15.007546504360107,15.396081924438477,212400,0.0,0.0
2014-10-21 00:00:00-04:00,15.51927680307841,15.794094900984122,15.435568299288658,15.63773250579834,289200,0.0,0.0
2014-10-22 00:00:00-04:00,15.634571752364725,15.716700502768367,15.549283508680007,15.56033992767334,291600,0.0,0.0
2014-10-23 00:00:00-04:00,15.637732460171602,15.781458688285884,15.415035161310922,15.675639152526855,268200,0.0,0.0
2014-10-24 00:00:00-04:00,15.636150791283288,15.730915703031561,15.57139564187564,15.66300106048584,169800,0.0,0.0
2014-10-27 00:00:00-04:00,15.598243426227878,15.800407598516944,15.56349623317941,15.746708869934082,214200,0.0,0.0
2014-10-28 00:00:00-04:00,15.873065423970306,16.29160978362042,15.732498677818624,16.25054359436035,871200,0.0,0.0
2014-10-29 00:00:00-04:00,16.36268068943468,16.37531685597978,16.18578701023722,16.261598587036133,475200,0.0,0.0
2014-10-30 00:00:00-04:00,15.926766837414641,16.26634013824343,15.517699129441205,16.10997772216797,655800,0.0,0.0
2014-10-31 00:00:00-04:00,16.337409654712534,16.34530658074817,16.01047257886005,16.1068172454834,514800,0.0,0.0
2014-11-03 00:00:00-05:00,16.078390012553427,16.260021150327862,16.02153177374909,16.10997772216797,464400,0.0,0.0
2014-11-04 00:00:00-05:00,16.09892058253687,16.190526020826464,15.953614594305803,16.005735397338867,373800,0.0,0.0
2014-11-05 00:00:00-05:00,15.535071128263768,16.22685201939043,15.535071128263768,16.203161239624023,296400,0.0,0.0
2014-11-06 00:00:00-05:00,16.14472402768226,16.463764215020333,16.14472402768226,16.44481086730957,327600,0.0,0.0
2014-11-07 00:00:00-05:00,16.353204994130625,16.43375581600892,16.217375684975238,16.42743682861328,228000,0.0,0.0
2014-11-10 00:00:00-05:00,16.387953059490435,16.511146207845034,16.28055376547688,16.4937744140625,141600,0.0,0.0
2014-11-11 00:00:00-05:00,16.4590272115159,16.520622881947812,16.324777642126264,16.4937744140625,260400,0.0,0.0
2014-11-12 00:00:00-05:00,16.335832132307214,16.566426380424755,16.31056160405423,16.512725830078125,190800,0.0,0.0
2014-11-13 00:00:00-05:00,16.58379754237074,16.667506041928483,15.94413750301835,15.947295188903809,1811400,0.0,0.0
2014-11-14 00:00:00-05:00,16.034165029465523,16.3295144319829,15.749872047547512,15.797253608703613,935400,0.0,0.0
2014-11-17 00:00:00-05:00,15.8004100719116,15.846213690142932,15.310795222058749,15.312373161315918,724800,0.0,0.0
2014-11-18 00:00:00-05:00,15.380290590764437,15.486111952097472,15.250778446406223,15.356599807739258,624600,0.0,0.0
2014-11-19 00:00:00-05:00,15.320272654992628,15.47663324845315,15.127583307003999,15.388185501098633,292800,0.0,0.0
2014-11-20 00:00:00-05:00,15.310794296961298,15.5176959211485,15.195496288720836,15.487686157226562,339600,0.0,0.0
2014-11-21 00:00:00-05:00,15.66616263233119,15.669320318397896,15.37239118618265,15.389764785766602,321600,0.0,0.0
2014-11-24 00:00:00-05:00,15.449782464858501,15.53823020929321,15.345540867665576,15.427671432495117,251400,0.0,0.0
2014-11-25 00:00:00-05:00,15.462418739787923,15.550864677351116,15.103891230453653,15.179703712463379,619200,0.0,0.0
2014-11-26 00:00:00-05:00,15.22550668997152,15.375550093390562,15.00438824040318,15.247617721557617,1098600,0.0,0.0
2014-11-28 00:00:00-05:00,15.193917684203047,15.490846814985922,15.18602075783849,15.208131790161133,335400,0.0,0.0
2014-12-01 00:00:00-05:00,15.208132991237393,15.304477669482603,14.980699144238587,15.132322311401367,373800,0.0,0.0
2014-12-02 00:00:00-05:00,15.203393816945066,15.557182973966277,15.14179725124375,15.470314979553223,1505400,0.0,0.0
2014-12-03 00:00:00-05:00,15.492655414382238,15.577227338598622,15.334680202339765,15.425636291503906,508800,0.166667,0.0
2014-12-04 00:00:00-05:00,15.475103933612665,15.58680308998645,15.246918409812833,15.334681510925293,292800,0.0,0.0
2014-12-05 00:00:00-05:00,15.31712672824382,15.497441031281271,15.294787630310266,15.345849990844727,259200,0.0,0.0
2014-12-08 00:00:00-05:00,15.360210958636676,15.368189338466431,14.937351349257334,14.98043441772461,270000,0.0,0.0
2014-12-09 00:00:00-05:00,14.849588580777208,15.061816423724844,14.694805442611178,14.99320125579834,312000,0.0,0.0
2014-12-10 00:00:00-05:00,14.922989637786445,15.055432750998445,14.801716073662865,14.852778434753418,229200,0.0,0.0
2014-12-11 00:00:00-05:00,14.934159151760078,15.187874915432056,14.859161651484811,14.99160385131836,599400,0.0,0.0
2014-12-12 00:00:00-05:00,14.857565316649973,14.94851957466408,14.745866175967963,14.766610145568848,229200,0.0,0.0
2014-12-15 00:00:00-05:00,14.816079715487543,14.836823688361914,14.565554173459994,14.629382133483887,283200,0.0,0.0
2014-12-16 00:00:00-05:00,14.653317878451372,14.811292190294221,14.602255511514981,14.635765075683594,271800,0.0,0.0
2014-12-17 00:00:00-05:00,14.592681029094917,14.966075270573338,14.493747465298048,14.913416862487793,243600,0.0,0.0
2014-12-18 00:00:00-05:00,15.044263149148739,15.044263149148739,14.728314543566677,14.956500053405762,282000,0.0,0.0
2014-12-19 00:00:00-05:00,14.924586471484934,14.98362721910968,14.757037737608956,14.921395301818848,735000,0.0,0.0
2014-12-22 00:00:00-05:00,14.897459687354294,15.11766590947341,14.790546832792522,15.077773094177246,295800,0.0,0.0
2014-12-23 00:00:00-05:00,15.125643700218749,15.312340351959913,14.840013491285841,15.191067695617676,113400,0.0,0.0
2014-12-24 00:00:00-05:00,15.205429929998681,15.28361860625667,15.041072370897687,15.170324325561523,87000,0.0,0.0
2014-12-26 00:00:00-05:00,15.261279632194276,15.372979705311572,15.151176513569824,15.27883243560791,96600,0.0,0.0
2014-12-29 00:00:00-05:00,15.266066167047882,15.570844325010556,15.186281447575698,15.364998817443848,228000,0.0,0.0
2014-12-30 00:00:00-05:00,15.291597674503944,15.454358276823086,15.210216916810822,15.258088111877441,85200,0.0,0.0
2014-12-31 00:00:00-05:00,15.262874148724983,15.392127012342417,15.128835900510179,15.207024574279785,289200,0.0,0.0
2015-01-02 00:00:00-05:00,15.238939548609492,15.238939548609492,14.806504569905492,14.919798851013184,231600,0.0,0.0
2015-01-05 00:00:00-05:00,14.878310260333018,15.065006912031016,14.774590405538062,14.859162330627441,188400,0.0,0.0
2015-01-06 00:00:00-05:00,14.849586268580033,14.875117447411368,14.444278576365848,14.594273567199707,273000,0.0,0.0
2015-01-07 00:00:00-05:00,14.705974183983574,14.956499700431635,14.659699944891564,14.935755729675293,255600,0.0,0.0
2015-01-08 00:00:00-05:00,15.074582416098492,15.305959108839152,14.94852162697016,15.133624076843262,354600,0.0,0.0
2015-01-09 00:00:00-05:00,15.173514642462697,15.191067443694907,14.964477981970546,15.06660270690918,257400,0.0,0.0
2015-01-12 00:00:00-05:00,15.0570295794295,15.155962224414793,14.883097603937228,14.994796752929688,296400,0.0,0.0
2015-01-13 00:00:00-05:00,15.087347222431768,15.372978350010968,14.78735537555633,15.065007209777832,371400,0.0,0.0
2015-01-14 00:00:00-05:00,14.935756397509484,15.245321757592762,14.921394764928129,15.20862102508545,231600,0.0,0.0
2015-01-15 00:00:00-05:00,15.238938260222255,15.377763712355184,15.07617675560638,15.27723503112793,445800,0.0,0.0
2015-01-16 00:00:00-05:00,15.215002729957233,15.553291320800781,15.179896216195061,15.553291320800781,402600,0.0,0.0
2015-01-20 00:00:00-05:00,15.537334973212735,15.912326172973007,15.042668975278204,15.242131233215332,459000,0.0,0.0
2015-01-21 00:00:00-05:00,15.218195431470102,15.363404146178057,15.159153772962105,15.25489616394043,159000,0.0,0.0
2015-01-22 00:00:00-05:00,15.352235056206894,15.7288204885703,15.238940766048122,15.64265251159668,300600,0.0,0.0
2015-01-23 00:00:00-05:00,15.617120823900587,15.752755124660302,15.522974468841385,15.671375274658203,271800,0.0,0.0
2015-01-26 00:00:00-05:00,15.712862566513127,15.811795215517991,15.53893058395411,15.572440147399902,178200,0.0,0.0
2015-01-27 00:00:00-05:00,15.414466114294921,15.449571717620815,15.264469279526624,15.400103569030762,207000,0.0,0.0
2015-01-28 00:00:00-05:00,15.398507788356111,15.400103829649604,15.095326596491196,15.258088111877441,267000,0.0,0.0
2015-01-29 00:00:00-05:00,15.261277848675672,15.478294716912961,15.128835643972879,15.460740089416504,175200,0.0,0.0
2015-01-30 00:00:00-05:00,15.350638401521497,15.546909490979695,15.041073026430464,15.157559394836426,428400,0.0,0.0
2015-02-02 00:00:00-05:00,15.045858265837978,15.269255638122559,14.838416739992327,15.269255638122559,228600,0.0,0.0
2015-02-03 00:00:00-05:00,15.258087592331522,15.594780161492585,15.146387532268122,15.460740089416504,420000,0.0,0.0
2015-02-04 00:00:00-05:00,15.446380018443765,15.784669556100878,15.446380018443765,15.698501586914062,432600,0.0,0.0
2015-02-05 00:00:00-05:00,15.783071582631509,15.8309418591487,15.642649183033361,15.71764850616455,300600,0.0,0.0
2015-02-06 00:00:00-05:00,15.71765104459615,15.77828600752366,15.522974172597294,15.566058158874512,134400,0.0,0.0
2015-02-09 00:00:00-05:00,15.492656540986188,15.609141993875456,15.299575712227048,15.32989501953125,196800,0.0,0.0
2015-02-10 00:00:00-05:00,15.403296826935753,15.582015113601392,15.216600159463079,15.516592025756836,145800,0.0,0.0
2015-02-11 00:00:00-05:00,15.545314456792884,15.564461474020042,15.250108904396718,15.339468955993652,223800,0.0,0.0
2015-02-12 00:00:00-05:00,15.355426343803645,15.446380614283054,15.283619091333284,15.392127990722656,166200,0.0,0.0
2015-02-13 00:00:00-05:00,15.47350666345213,15.569249050760002,15.342658673260232,15.534143447875977,148800,0.0,0.0
2015-02-17 00:00:00-05:00,15.535740575597503,15.800625004730186,15.535740575597503,15.789456367492676,298200,0.0,0.0
2015-02-18 00:00:00-05:00,15.784670034671922,16.221890406817902,15.746372346701436,16.14051055908203,562800,0.0,0.0
2015-02-19 00:00:00-05:00,16.947935954723942,16.947935954723942,16.178806542054964,16.534648895263672,338400,0.0,0.0
2015-02-20 00:00:00-05:00,16.576138395858056,16.595285415649414,16.438908043613814,16.595285415649414,611400,0.0,0.0
2015-02-23 00:00:00-05:00,16.499542267125925,16.62241187884597,16.450075944638073,16.60007095336914,559200,0.0,0.0
2015-02-24 00:00:00-05:00,16.616031884490912,16.69102940768123,16.512312915812814,16.593692779541016,229200,0.0,0.0
2015-02-25 00:00:00-05:00,16.526671276201427,16.87772369535488,16.52028711044148,16.823471069335938,315600,0.0,0.0
2015-02-26 00:00:00-05:00,16.853787597605933,17.273458818103556,16.30167598937479,17.136226654052734,436200,0.0,0.0
2015-02-27 00:00:00-05:00,17.05644225168215,17.65323386616875,16.62400636777278,17.52717399597168,601800,0.0,0.0
2015-03-02 00:00:00-05:00,17.393136870578555,17.72663647718806,17.23835189934867,17.725040435791016,553200,0.0,0.0
2015-03-03 00:00:00-05:00,17.688339979286273,17.688339979286273,17.47770634966221,17.552703857421875,606600,0.0,0.0
2015-03-04 00:00:00-05:00,17.36760144361127,17.87663083650684,17.348454427914206,17.74578285217285,445200,0.0,0.0
2015-03-05 00:00:00-05:00,17.76812339607636,17.814399463244904,17.552703473281777,17.597383499145508,299400,0.0,0.0
2015-03-06 00:00:00-05:00,17.501641326215157,17.693124264110295,17.396324523385697,17.58302116394043,346200,0.0,0.0
2015-03-09 00:00:00-04:00,17.560684171019798,17.919716777009018,17.560684171019798,17.653234481811523,243600,0.0,0.0
2015-03-10 00:00:00-04:00,17.54632280988661,17.64844571277433,17.265477978942137,17.426645278930664,501600,0.0,0.0
2015-03-11 00:00:00-04:00,17.49206889558565,17.614936686732097,17.298988068430262,17.552703857421875,612000,0.0,0.0
2015-03-12 00:00:00-04:00,17.67716732122315,17.913330278423803,17.60216982277527,17.844715118408203,393600,0.0,0.0
2015-03-13 00:00:00-04:00,17.879819346391884,18.042580833791387,17.4681302440368,17.946840286254883,414600,0.0,0.0
2015-03-16 00:00:00-04:00,18.06971166688346,18.06971166688346,17.61334245538475,17.83035659790039,351600,0.0,0.0
2015-03-17 00:00:00-04:00,17.89418552566763,17.90854624548954,17.710679119998282,17.784082412719727,359400,0.0,0.0
2015-03-18 00:00:00-04:00,17.742593005477293,17.747379302978516,17.436217007509835,17.747379302978516,432600,0.0,0.0
2015-03-19 00:00:00-04:00,17.75854887677174,17.806420984981973,17.605361782767414,17.766529083251953,296400,0.0,0.0
2015-03-20 00:00:00-04:00,17.84791266104284,17.99471744670261,17.669194347324083,17.95163345336914,498000,0.0,0.0
2015-03-23 00:00:00-04:00,17.87184642037319,18.18938925451723,17.863866213658465,18.031414031982422,325800,0.0,0.0
2015-03-24 00:00:00-04:00,17.99152391278207,18.34417235110214,17.91812062025383,18.208538055419922,210600,0.0,0.0
2015-03-25 00:00:00-04:00,18.190983806854216,18.190983806854216,17.975563896546227,18.02503204345703,376200,0.0,0.0
2015-03-26 00:00:00-04:00,18.031412412660675,18.229281346462315,17.897374170038894,18.101625442504883,289800,0.0,0.0
2015-03-27 00:00:00-04:00,18.168647629268083,18.190986731429447,18.039395662303377,18.106414794921875,762600,0.0,0.0
2015-03-30 00:00:00-04:00,18.133539463944057,18.350555419746303,18.069710597131344,18.211729049682617,264000,0.0,0.0
2015-03-31 00:00:00-04:00,18.211729723561465,18.39363825713376,18.154283193464117,18.345767974853516,352800,0.0,0.0
2015-04-01 00:00:00-04:00,18.246834257706205,18.50055187748141,18.195771890704222,18.34098243713379,1015200,0.0,0.0
2015-04-02 00:00:00-04:00,18.427149786280424,18.693630249589,18.390446314438265,18.6010799407959,523200,0.0,0.0
2015-04-06 00:00:00-04:00,18.46225236357838,18.62820595299214,18.36650997838329,18.449487686157227,359400,0.0,0.0
2015-04-07 00:00:00-04:00,18.40640673542853,18.543637084043635,18.06013878094273,18.11439323425293,601200,0.0,0.0
2015-04-08 00:00:00-04:00,18.11758233359746,18.352151109663456,18.05535132916171,18.302684783935547,473400,0.0,0.0
2015-04-09 00:00:00-04:00,18.256407108077823,18.4510839633805,18.16545284535283,18.342575073242188,333600,0.0,0.0
2015-04-10 00:00:00-04:00,18.452680084097643,18.578741788533616,18.344173008887868,18.481403350830078,263400,0.0,0.0
2015-04-13 00:00:00-04:00,18.438318729106243,18.557996263836976,18.248429984424835,18.309066772460938,245400,0.0,0.0
2015-04-14 00:00:00-04:00,18.291513650687865,18.317044833302976,18.039393907163987,18.222898483276367,289800,0.0,0.0
2015-04-15 00:00:00-04:00,18.256405057319398,18.4271467533711,18.179811522014244,18.28034019470215,297000,0.0,0.0
2015-04-16 00:00:00-04:00,18.25481306485434,18.29789704784217,18.11598669454532,18.173431396484375,152400,0.0,0.0
2015-04-17 00:00:00-04:00,18.052157208085962,18.109603734187655,17.86067426614925,18.04737091064453,309000,0.0,0.0
2015-04-20 00:00:00-04:00,18.15428191855539,18.37448994952906,17.934075713715806,18.33300018310547,319200,0.0,0.0
2015-04-21 00:00:00-04:00,18.435124262944605,18.516505925629478,18.242045286677712,18.438316345214844,195600,0.0,0.0
2015-04-22 00:00:00-04:00,18.43034087849573,18.43034087849573,18.222899325361695,18.32662010192871,155400,0.0,0.0
2015-04-23 00:00:00-04:00,18.2532181411335,18.326619607764293,18.09205266190722,18.216516494750977,384000,0.0,0.0
2015-04-24 00:00:00-04:00,18.12556129288608,18.258003499501935,18.12556129288608,18.19736671447754,508800,0.0,0.0
2015-04-27 00:00:00-04:00,18.171838471055334,18.288325762287595,17.914930570324497,18.131946563720703,816000,0.0,0.0
2015-04-28 00:00:00-04:00,18.340983914927296,20.069126151526103,18.202157522787996,19.111705780029297,1621200,0.0,0.0
2015-04-29 00:00:00-04:00,18.94256067673462,19.20904297939984,18.813308715820312,18.813308715820312,464400,0.0,0.0
2015-04-30 00:00:00-04:00,18.719161011356125,19.14680876744794,18.663312349526624,19.015962600708008,564000,0.0,0.0
2015-05-01 00:00:00-04:00,19.122872515830096,19.37818432163102,18.77820066493181,19.165956497192383,371400,0.0,0.0
2015-05-04 00:00:00-04:00,19.23298092434286,19.611162439959717,19.228192799462626,19.40372085571289,359400,0.0,0.0
2015-05-05 00:00:00-04:00,19.306379202673803,19.449991867395873,19.15319029068494,19.205848693847656,369600,0.0,0.0
2015-05-06 00:00:00-04:00,19.312762513529282,19.3175488112695,19.02394112833563,19.132448196411133,267000,0.0,0.0
2015-05-07 00:00:00-04:00,19.172338817559975,19.550520228476387,19.079788516311968,19.3973331451416,353400,0.0,0.0
2015-05-08 00:00:00-04:00,19.53615901596849,19.631899571030683,19.127658311273525,19.480308532714844,368400,0.0,0.0
2015-05-11 00:00:00-04:00,19.37658990077114,19.550521881951376,19.31914519619576,19.457971572875977,295200,0.0,0.0
2015-05-12 00:00:00-04:00,19.430844054317646,19.540947163974167,19.209041793708938,19.418079376220703,173400,0.0,0.0
2015-05-13 00:00:00-04:00,19.41169415450715,19.467542813876435,19.071810422396815,19.382972717285156,478800,0.0,0.0
2015-05-14 00:00:00-04:00,19.370205840798462,19.660623246648964,19.331909983195114,19.481904983520508,385800,0.0,0.0
2015-05-15 00:00:00-04:00,19.504245548952955,19.639878002314738,19.330313586424225,19.34946060180664,239400,0.0,0.0
2015-05-18 00:00:00-04:00,19.25371982736991,19.671793123006307,19.25371982736991,19.5106258392334,234600,0.0,0.0
2015-05-19 00:00:00-04:00,19.59998586191736,19.761151319397666,19.446798783947923,19.6877498626709,174000,0.0,0.0
2015-05-20 00:00:00-04:00,19.659029978603076,19.73243327407615,19.550522902931004,19.639881134033203,172200,0.0,0.0
2015-05-21 00:00:00-04:00,19.710092274780944,19.906365191704495,19.622330085402186,19.770729064941406,268800,0.0,0.0
2015-05-22 00:00:00-04:00,19.786684707183415,19.85689408300765,19.58243343981366,19.643070220947266,343200,0.0,0.0
2015-05-26 00:00:00-04:00,19.65743446804411,19.65743446804411,19.264892310899167,19.51860809326172,280800,0.0,0.0
2015-05-27 00:00:00-04:00,19.61115594121233,20.016464551768884,19.467541460549615,19.96380615234375,235800,0.0,0.0
2015-05-28 00:00:00-04:00,19.769130242669355,20.13295093245437,19.769130242669355,19.982955932617188,317400,0.0,0.0
2015-05-29 00:00:00-04:00,20.040401810971503,20.046784149904443,19.694133901447454,19.895193099975586,505200,0.0,0.0
2015-06-01 00:00:00-04:00,20.002103329953975,20.093059417202817,19.70370753962467,19.938276290893555,426600,0.0,0.0
2015-06-02 00:00:00-04:00,19.895193483913125,20.026041478301487,19.770727828580874,19.850513458251953,318000,0.0,0.0
2015-06-03 00:00:00-04:00,19.959023885055476,20.586134912724784,19.770731155211525,20.520709991455078,513600,0.0,0.0
2015-06-04 00:00:00-04:00,20.396242494359242,20.50475138783991,19.997318002478867,20.057954788208008,196200,0.0,0.0
2015-06-05 00:00:00-04:00,20.09146505711651,20.243056113703215,19.976573820606696,20.153696060180664,159600,0.0,0.0
2015-06-08 00:00:00-04:00,20.06114362987396,20.142525294245225,19.8313630072739,19.890403747558594,115200,0.0,0.0
2015-06-09 00:00:00-04:00,19.97497971860491,19.97497971860491,19.54892794700695,19.767539978027344,482400,0.0,0.0
2015-06-10 00:00:00-04:00,19.863278440818817,20.176034944219058,19.74838721593938,19.944658279418945,507000,0.0,0.0
2015-06-11 00:00:00-04:00,19.83614706444207,20.26698682449393,19.83614706444207,20.12816047668457,420000,0.0,0.0
2015-06-12 00:00:00-04:00,20.067526743504548,20.313265961143948,19.978168522109055,20.2175235748291,190800,0.0,0.0
2015-06-15 00:00:00-04:00,20.148910181581282,20.148910181581282,19.801048034407962,19.96221351623535,332400,0.0,0.0
2015-06-16 00:00:00-04:00,19.970187428514627,20.28773202314112,19.951038588626805,20.075502395629883,291600,0.0,0.0
2015-06-17 00:00:00-04:00,20.024443701116237,20.199969879815473,19.952636458023704,20.013273239135742,180600,0.0,0.0
2015-06-18 00:00:00-04:00,20.12337905941247,20.57815406615668,20.04997759137325,20.402626037597656,367800,0.0,0.0
2015-06-19 00:00:00-04:00,20.484003824133044,20.484003824133044,20.04358962109651,20.163267135620117,511800,0.0,0.0
2015-06-22 00:00:00-04:00,20.239863766621053,20.25901261014491,19.919128855200505,20.02125358581543,220200,0.0,0.0
2015-06-23 00:00:00-04:00,20.1154008178145,20.12657128138215,19.730837019833793,20.08667755126953,243600,0.0,0.0
2015-06-24 00:00:00-04:00,19.9685950978793,20.072315869387896,19.74200653755045,19.7739200592041,218400,0.0,0.0
2015-06-25 00:00:00-04:00,19.77391850728653,20.032420568981003,19.641474481003726,19.906362533569336,212400,0.0,0.0
2015-06-26 00:00:00-04:00,19.99412481820878,20.260607087250406,19.97178571991178,20.207948684692383,1170600,0.0,0.0
2015-06-29 00:00:00-04:00,20.048380221871113,20.1999712720321,19.61435012948552,19.663816452026367,262800,0.0,0.0
2015-06-30 00:00:00-04:00,19.769132627337896,20.211142952705128,19.710091879758096,19.954235076904297,262800,0.0,0.0
2015-07-01 00:00:00-04:00,20.08827133195766,20.308477538951223,19.946252882735614,20.177631378173828,265200,0.0,0.0
2015-07-02 00:00:00-04:00,20.123379801621716,20.2318868793748,19.810623247564298,19.919130325317383,228600,0.0,0.0
2015-07-06 00:00:00-04:00,19.738815159842233,20.223907645611394,19.588818315671787,20.19359016418457,182400,0.0,0.0
2015-07-07 00:00:00-04:00,20.195185468145194,20.260610384759776,19.890407291542623,20.190399169921875,337200,0.0,0.0
2015-07-08 00:00:00-04:00,20.00848316666648,20.28294378302812,19.59679224212402,19.735618591308594,357000,0.0,0.0
2015-07-09 00:00:00-04:00,19.863277684427874,20.112205314275062,19.78349206390721,19.949443817138672,222600,0.0,0.0
2015-07-10 00:00:00-04:00,20.07072128411664,20.424965782893132,20.067529201266016,20.38188362121582,195000,0.0,0.0
2015-07-13 00:00:00-04:00,20.424963641567576,20.82229391263452,20.412198963772013,20.736125946044922,283200,0.0,0.0
2015-07-14 00:00:00-04:00,20.648364987492073,20.9036749937347,20.45049786086641,20.740915298461914,352800,0.0,0.0
2015-07-15 00:00:00-04:00,20.70740445674897,21.00899236566332,20.597301340254536,20.858997344970703,250800,0.0,0.0
2015-07-16 00:00:00-04:00,21.018565311916767,21.16856214821052,20.796763053108663,20.822294235229492,405000,0.0,0.0
2015-07-17 00:00:00-04:00,20.835062310647896,20.953143808595165,20.448902467147487,20.63559913635254,233400,0.0,0.0
2015-07-20 00:00:00-04:00,20.605276846123378,20.76005812955262,20.49676796964577,20.60846710205078,372000,0.0,0.0
2015-07-21 00:00:00-04:00,20.579750564958353,20.787190294955742,20.474433745482056,20.551027297973633,237000,0.0,0.0
2015-07-22 00:00:00-04:00,20.57177206700525,20.691449606225873,20.385075398002567,20.535070419311523,197400,0.0,0.0
2015-07-23 00:00:00-04:00,20.536662222704862,20.760058667166177,20.037207282942518,20.163267135620117,220200,0.0,0.0
2015-07-24 00:00:00-04:00,20.18880181419713,20.278161868379815,19.821790827777185,20.022850036621094,322800,0.0,0.0
2015-07-27 00:00:00-04:00,19.86008684792006,19.946252986035613,19.54094617195335,19.722856521606445,327000,0.0,0.0
2015-07-28 00:00:00-04:00,19.765942521784144,19.990935050399127,19.569671433428695,19.931894302368164,297000,0.0,0.0
2015-07-29 00:00:00-04:00,19.87763995363802,20.080293363784815,19.738813583982246,19.955827713012695,274200,0.0,0.0
2015-07-30 00:00:00-04:00,19.93508561279007,21.484511200099323,18.88192295889745,21.06324577331543,1355400,0.0,0.0
2015-07-31 00:00:00-04:00,21.174943554437085,21.621738308802936,20.921227785687833,21.551528930664062,447000,0.0,0.0
2015-08-03 00:00:00-04:00,21.551529298999736,22.33980384092841,21.4462124907903,22.26321029663086,666000,0.0,0.0
2015-08-04 00:00:00-04:00,22.32863426208496,22.694049166781266,22.231295838048204,22.32863426208496,617400,0.0,0.0
2015-08-05 00:00:00-04:00,22.376506550841263,22.869577361372272,22.295124885589438,22.491395950317383,538200,0.0,0.0
2015-08-06 00:00:00-04:00,22.563207042062157,22.563207042062157,22.180239268281404,22.298320770263672,384000,0.0,0.0
2015-08-07 00:00:00-04:00,22.149916934491284,22.33980384092841,22.124385753058768,22.26321029663086,337800,0.0,0.0
2015-08-10 00:00:00-04:00,22.306293204323595,22.596712433521905,21.974389687831934,22.035024642944336,498000,0.0,0.0
2015-08-11 00:00:00-04:00,21.897797745257627,22.001516688663322,21.82918075318993,21.940881729125977,375600,0.0,0.0
2015-08-12 00:00:00-04:00,21.749397896489956,21.818013065407662,21.377598786028575,21.6823787689209,379200,0.0,0.0
2015-08-13 00:00:00-04:00,21.572273729868996,21.877051859419737,21.55950722635374,21.63610076904297,331200,0.0,0.0
2015-08-14 00:00:00-04:00,21.588229716417665,21.75099123083715,21.350470696857382,21.671207427978516,259200,0.0,0.0
2015-08-17 00:00:00-04:00,21.621739218000105,22.00311273390111,21.541955415365983,21.995134353637695,634800,0.0,0.0
2015-08-18 00:00:00-04:00,22.084492237755043,22.26640075082539,22.00470661681264,22.110021591186523,521400,0.0,0.0
2015-08-19 00:00:00-04:00,21.982367142212176,22.14193839461429,21.653653868441353,21.8148193359375,286200,0.0,0.0
2015-08-20 00:00:00-04:00,21.640887589368933,21.76216115809036,21.222816089957007,21.321748733520508,564000,0.0,0.0
2015-08-21 00:00:00-04:00,20.980268035167047,21.61695150391479,20.906864750192145,21.441425323486328,540600,0.0,0.0
2015-08-24 00:00:00-04:00,20.484009190691346,21.369622299732207,20.04199883078155,20.779212951660156,611400,0.0,0.0
2015-08-25 00:00:00-04:00,21.372813142787425,21.372813142787425,20.73612775911053,20.766447067260742,447000,0.0,0.0
2015-08-26 00:00:00-04:00,21.2451553982312,21.387172026130447,20.710594796298682,21.30738639831543,413400,0.0,0.0
2015-08-27 00:00:00-04:00,21.38079156513894,21.664824845884617,21.0999485410602,21.345685958862305,357000,0.0,0.0
2015-08-28 00:00:00-04:00,21.206856570252853,21.43025485519467,21.082392750654222,21.30259895324707,897000,0.0,0.0
2015-08-31 00:00:00-04:00,21.35046919476315,21.44302132138245,20.895696072061526,21.202070236206055,579600,0.0,0.0
2015-09-01 00:00:00-04:00,20.92282406334502,21.286644798006535,20.886124242512352,20.91165542602539,1125000,0.0,0.0
2015-09-02 00:00:00-04:00,21.14303158966177,21.607381045486033,20.96750537704429,21.21803092956543,582000,0.0,0.0
2015-09-03 00:00:00-04:00,21.31696199887503,21.318558040223763,21.023352479273058,21.16537094116211,920400,0.0,0.0
2015-09-04 00:00:00-04:00,20.953141268851315,21.423872988313946,20.953141268851315,21.31217384338379,431400,0.0,0.0
2015-09-08 00:00:00-04:00,21.77811807381706,22.098852946306835,21.328129436297186,22.055768966674805,510000,0.0,0.0
2015-09-09 00:00:00-04:00,22.213746478534656,22.213746478534656,21.736630570697592,21.872264862060547,372600,0.0,0.0
2015-09-10 00:00:00-04:00,21.82758433661294,22.100448954376187,21.82758433661294,21.90098762512207,300600,0.0,0.0
2015-09-11 00:00:00-04:00,21.7478024970601,22.228108693660996,21.7478024970601,22.14832305908203,186000,0.0,0.0
2015-09-14 00:00:00-04:00,22.307890074797424,22.307890074797424,22.027047082135137,22.038217544555664,349200,0.0,0.0
2015-09-15 00:00:00-04:00,22.175448932984093,22.27916970377547,21.94885854808788,22.07332420349121,292200,0.0,0.0
2015-09-16 00:00:00-04:00,22.030239229626154,22.13555603698577,21.982367123492637,22.100448608398438,226800,0.0,0.0
2015-09-17 00:00:00-04:00,22.03662264540731,22.32065773523423,21.956837015374788,22.18183135986328,489000,0.0,0.0
2015-09-18 00:00:00-04:00,21.921733400155755,22.03183651126054,21.580253603758994,21.634506225585938,496800,0.0,0.0
2015-09-21 00:00:00-04:00,21.78929120848274,22.14353571314957,21.706315314330322,22.004711151123047,374400,0.0,0.0
2015-09-22 00:00:00-04:00,21.76535639743579,21.854716458760024,21.632912346925664,21.658445358276367,207600,0.0,0.0
2015-09-23 00:00:00-04:00,21.818011475360596,21.818011475360596,21.505253134652417,21.54514503479004,303000,0.0,0.0
2015-09-24 00:00:00-04:00,21.428658377749443,21.813222116937308,21.404723239021706,21.763755798339844,214800,0.0,0.0
2015-09-25 00:00:00-04:00,21.88023901400315,21.966406965580312,21.36004104871417,21.399934768676758,319800,0.0,0.0
2015-09-28 00:00:00-04:00,21.342493617242848,21.353662253687567,21.004204092594833,21.044095993041992,222600,0.0,0.0
2015-09-29 00:00:00-04:00,21.122288335051557,21.122288335051557,20.75846940755032,20.854211807250977,214200,0.0,0.0
2015-09-30 00:00:00-04:00,21.0680309631999,21.401532361420962,20.983460865388427,21.352066040039062,561600,0.0,0.0
2015-10-01 00:00:00-04:00,21.36323580047167,21.500466123753057,21.11749841673549,21.449403762817383,477000,0.0,0.0
2015-10-02 00:00:00-04:00,21.331324717980714,21.789289977533276,20.86218899503063,21.76056671142578,478800,0.0,0.0
2015-10-05 00:00:00-04:00,21.85790459759768,22.317465886960534,21.85790459759768,22.15949249267578,342600,0.0,0.0
2015-10-06 00:00:00-04:00,22.020665657596137,22.108429667113647,21.709503347198165,21.872264862060547,329400,0.0,0.0
2015-10-07 00:00:00-04:00,21.9568338720956,22.16108512878418,21.811627004561252,22.16108512878418,445200,0.0,0.0
2015-10-08 00:00:00-04:00,22.066937931065883,22.26320899095095,21.83237101434506,22.141937255859375,410400,0.0,0.0
2015-10-09 00:00:00-04:00,22.256828844537182,22.499374144841816,22.256828844537182,22.32863426208496,324000,0.0,0.0
2015-10-12 00:00:00-04:00,22.33980941772461,22.37970315413901,22.22811206894116,22.33980941772461,307200,0.0,0.0
2015-10-13 00:00:00-04:00,22.21853020408213,22.403630797150246,22.07810780511046,22.116405487060547,252600,0.0,0.0
2015-10-14 00:00:00-04:00,22.237682334507994,22.309487759585053,21.912159294316066,21.913753509521484,304800,0.0,0.0
2015-10-15 00:00:00-04:00,22.006303450172123,22.240870371940925,21.79247958534666,22.205764770507812,294000,0.0,0.0
2015-10-16 00:00:00-04:00,22.24406485790922,22.309487944303527,22.130769661599572,22.26161766052246,378600,0.0,0.0
2015-10-19 00:00:00-04:00,22.1547019413857,22.502564039871203,22.116406084535036,22.280763626098633,230400,0.0,0.0
2015-10-20 00:00:00-04:00,22.288744851935515,22.379699121437834,22.1866182929796,22.354167938232422,123600,0.0,0.0
2015-10-21 00:00:00-04:00,22.370122965570562,22.37171900679737,22.011090387172747,22.100448608398438,230400,0.0,0.0
2015-10-22 00:00:00-04:00,22.19619235994794,22.657351517754464,22.188213979457245,22.49937629699707,502200,0.0,0.0
2015-10-23 00:00:00-04:00,22.635010862919458,23.05468025584609,22.507354947403204,23.010000228881836,459600,0.0,0.0
2015-10-26 00:00:00-04:00,23.041911835263555,23.099356531383055,22.895107099727973,22.925424575805664,402600,0.0,0.0
2015-10-27 00:00:00-04:00,22.898302032348653,22.898302032348653,22.234489470702247,22.335018157958984,399000,0.0,0.0
2015-10-28 00:00:00-04:00,22.402037681962895,22.69245693832523,22.24885058642285,22.614267349243164,738600,0.0,0.0
2015-10-29 00:00:00-04:00,24.409430442364194,24.41102648368312,23.08659341364705,23.294034957885742,898800,0.0,0.0
2015-10-30 00:00:00-04:00,23.346694442788575,23.45360730248316,22.88074896739296,23.429670333862305,700800,0.0,0.0
2015-11-02 00:00:00-05:00,23.38498799492828,23.783914301490956,23.35467051600112,23.705724716186523,417000,0.0,0.0
2015-11-03 00:00:00-05:00,23.611577392472157,23.696149313078003,23.359455845689368,23.447219848632812,431400,0.0,0.0
2015-11-04 00:00:00-05:00,23.491900428417775,23.62274658922094,23.316372418363617,23.511049270629883,372600,0.0,0.0
2015-11-05 00:00:00-05:00,23.55253903111835,23.691365408681392,23.389777512007875,23.595623016357422,282000,0.0,0.0
2015-11-06 00:00:00-05:00,23.51902676295178,24.155710220336914,23.37860436020781,24.155710220336914,526800,0.0,0.0
2015-11-09 00:00:00-05:00,24.20518140730022,24.25464590611892,23.689769620258907,23.866891860961914,385800,0.0,0.0
2015-11-10 00:00:00-05:00,24.06794965634821,24.21156416189816,23.670621182427084,23.868488311767578,508800,0.0,0.0
2015-11-11 00:00:00-05:00,23.957845338901077,24.106246134992322,23.554134545877304,23.57806968688965,262200,0.0,0.0
2015-11-12 00:00:00-05:00,23.448816537042035,23.76316908901242,23.415306976108518,23.480730056762695,205200,0.0,0.0
2015-11-13 00:00:00-05:00,23.400945485014482,23.807848326423713,23.234991900903637,23.292436599731445,391200,0.0,0.0
2015-11-16 00:00:00-05:00,23.22701483727029,23.456795471734857,23.16637805268648,23.405733108520508,667200,0.0,0.0
2015-11-17 00:00:00-05:00,23.447220008487776,23.547748689198876,23.054677880453315,23.139249801635742,313200,0.0,0.0
2015-11-18 00:00:00-05:00,23.147231049006194,23.404138926739996,22.9828734836848,23.20467758178711,267600,0.0,0.0
2015-11-19 00:00:00-05:00,23.316373917332214,23.316373917332214,22.9046829139755,23.03872299194336,207600,0.0,0.0
2015-11-20 00:00:00-05:00,23.26052439941288,23.649876288529878,23.193505275959616,23.26690673828125,362400,0.0,0.0
2015-11-23 00:00:00-05:00,23.190316046059312,23.56211517942205,23.190316046059312,23.386587142944336,267600,0.0,0.0
2015-11-24 00:00:00-05:00,23.3929656955982,23.490304120626668,23.09457173416072,23.432859420776367,166800,0.0,0.0
2015-11-25 00:00:00-05:00,23.471158631027148,23.686578568901897,23.26052681740203,23.423288345336914,307200,0.0,0.0
2015-11-27 00:00:00-05:00,23.485521060486292,23.55254019057204,23.380204241131924,23.407331466674805,122400,0.0,0.0
2015-11-30 00:00:00-05:00,23.525413668830065,23.75200225000038,23.297227220069036,23.448820114135742,303000,0.0,0.0
2015-12-01 00:00:00-05:00,23.501476932197964,23.61477212816991,23.209463454054763,23.53498649597168,578400,0.0,0.0
2015-12-02 00:00:00-05:00,23.51729678735907,23.742448812511494,23.333956895542805,23.41436767578125,585000,0.191667,0.0
2015-12-03 00:00:00-05:00,23.38702916021586,23.74084027492179,23.12649381457378,23.22620391845703,561000,0.0,0.0
2015-12-04 00:00:00-05:00,23.169917951449897,23.44814221535482,23.102372155120552,23.26641273498535,324000,0.0,0.0
2015-12-07 00:00:00-05:00,23.29857710819537,23.67008082943022,23.01391850831334,23.078248977661133,369600,0.0,0.0
2015-12-08 00:00:00-05:00,22.912600309227386,23.147402018238207,22.65688885060792,22.75338363647461,384600,0.0,0.0
2015-12-09 00:00:00-05:00,22.732475742032264,23.0267840108975,22.407611741873406,22.47355079650879,395400,0.0,0.0
2015-12-10 00:00:00-05:00,22.473549742099724,22.603815580434397,22.23231370883795,22.436559677124023,426000,0.0,0.0
2015-12-11 00:00:00-05:00,22.180849611408856,22.330414771023023,21.79969624503338,21.917097091674805,823800,0.0,0.0
2015-12-14 00:00:00-05:00,21.920316651697025,22.151903043250396,21.675863429259284,21.82864761352539,448200,0.0,0.0
2015-12-15 00:00:00-05:00,21.944438348574504,22.256437349919224,21.659779750515387,21.880107879638672,286200,0.0,0.0
2015-12-16 00:00:00-05:00,21.926745201798468,22.553958462800168,21.801301445307303,22.423690795898438,651600,0.0,0.0
2015-12-17 00:00:00-05:00,22.508930855957903,22.676186756538712,22.213014021951306,22.397960662841797,508200,0.0,0.0
2015-12-18 00:00:00-05:00,22.27090902407742,22.28859976348983,21.420150470064808,21.69194221496582,2166600,0.0,0.0
2015-12-21 00:00:00-05:00,21.82864488146252,22.140642025174913,21.762705832342455,22.097219467163086,457800,0.0,0.0
2015-12-22 00:00:00-05:00,22.11491071581416,22.47033226619883,21.736974514288153,22.459074020385742,601200,0.0,0.0
2015-12-23 00:00:00-05:00,22.547525612323252,22.833792758255353,22.34971215989244,22.6826171875,436800,0.0,0.0
2015-12-24 00:00:00-05:00,22.65045287731214,22.827360264314713,22.63919463255252,22.6826171875,128400,0.0,0.0
2015-12-28 00:00:00-05:00,22.65367360593494,22.91099180886045,22.439776124298454,22.735692977905273,216000,0.0,0.0
2015-12-29 00:00:00-05:00,22.819319907704838,23.026783044576256,22.557177805473398,22.838619232177734,325200,0.0,0.0
2015-12-30 00:00:00-05:00,22.86917872530217,23.07664187961516,22.679404472677422,23.00909423828125,306000,0.0,0.0
2015-12-31 00:00:00-05:00,22.86274271997992,23.145794574081524,22.72604254434307,22.75499153137207,358800,0.0,0.0
2016-01-04 00:00:00-05:00,22.481590097883274,22.481590097883274,21.780398455167546,21.87849998474121,519000,0.0,0.0
2016-01-05 00:00:00-05:00,21.983038363221567,22.352933521240296,21.868852832048148,22.314334869384766,423600,0.0,0.0
2016-01-06 00:00:00-05:00,22.05058172556532,22.814495194311487,22.05058172556532,22.68744468688965,1054200,0.0,0.0
2016-01-07 00:00:00-05:00,22.291818922021427,22.714786281544523,22.1872830598805,22.29986000061035,685800,0.0,0.0
2016-01-08 00:00:00-05:00,22.280554653553065,22.706739065511574,21.74501049805328,22.291812896728516,512400,0.0,0.0
2016-01-11 00:00:00-05:00,22.282168156060745,22.558783822498818,22.26608599967939,22.451032638549805,428400,0.0,0.0
2016-01-12 00:00:00-05:00,22.549136223871123,22.682619227446246,22.229096155362246,22.476764678955078,478200,0.0,0.0
2016-01-13 00:00:00-05:00,22.523404078672154,22.672971077103345,21.872067545812897,21.970169067382812,901200,0.0,0.0
2016-01-14 00:00:00-05:00,22.018415075147296,22.754989965782656,21.84472484589333,22.63597869873047,517800,0.0,0.0
2016-01-15 00:00:00-05:00,22.073099198963074,22.600602460384486,21.843121389210786,22.304685592651367,779400,0.0,0.0
2016-01-19 00:00:00-05:00,22.5234025592749,22.626329825084486,22.169589622933263,22.507320404052734,562800,0.0,0.0
2016-01-20 00:00:00-05:00,22.21783853294739,22.24035318463848,21.13066778786245,21.66621208190918,664800,0.0,0.0
2016-01-21 00:00:00-05:00,21.788436697987496,21.79326060845137,21.19177915745722,21.277015686035156,616200,0.0,0.0
2016-01-22 00:00:00-05:00,21.547201558364915,22.496063496767125,21.46679077747307,21.75627326965332,540600,0.0,0.0
2016-01-25 00:00:00-05:00,21.603489497737044,21.775572989137565,21.294707676335225,21.449098587036133,408600,0.0,0.0
2016-01-26 00:00:00-05:00,21.51503586441862,21.93800317049415,21.455531154185834,21.899404525756836,393000,0.0,0.0
2016-01-27 00:00:00-05:00,21.780397797112926,22.196930820221425,21.48287236869338,21.552026748657227,398400,0.0,0.0
2016-01-28 00:00:00-05:00,21.820601422728696,22.098827503861294,21.421759172865364,21.516643524169922,405600,0.0,0.0
2016-01-29 00:00:00-05:00,21.529510488207425,22.261259626006957,21.42336789096146,22.216228485107422,436800,0.0,0.0
2016-02-01 00:00:00-05:00,22.10365411860009,22.558783931655263,21.89940631440499,22.32398223876953,262800,0.0,0.0
2016-02-02 00:00:00-05:00,22.190494885474912,22.547523106037644,21.529506973582,21.69515609741211,375000,0.0,0.0
2016-02-03 00:00:00-05:00,21.801303245696637,21.801303245696637,20.969843966431394,21.286666870117188,312600,0.0,0.0
2016-02-04 00:00:00-05:00,21.26093477512797,21.40246069681612,21.069553800294162,21.169265747070312,453000,0.0,0.0
2016-02-05 00:00:00-05:00,21.08242182007479,21.10011256128463,20.175373788324197,20.34423828125,556200,0.0,0.0
2016-02-08 00:00:00-05:00,20.231661227753328,20.423042194928865,19.549767146013505,20.22201156616211,530400,0.0,0.0
2016-02-09 00:00:00-05:00,19.990428291803543,20.583868767531964,19.63822387159814,20.254179000854492,562800,0.0,0.0
2016-02-10 00:00:00-05:00,20.36353667106075,21.095287681425358,20.104609900142922,20.39891815185547,456600,0.0,0.0
2016-02-11 00:00:00-05:00,20.061188507406552,20.254176221047125,19.737931280319287,20.10300064086914,193800,0.0,0.0
2016-02-12 00:00:00-05:00,20.34263017580032,21.53433673046375,20.34263017580032,21.14353370666504,671400,0.0,0.0
2016-02-16 00:00:00-05:00,21.569713468650356,21.695157215680652,21.151571939680032,21.33812713623047,427800,0.0,0.0
2016-02-17 00:00:00-05:00,21.52307993771525,21.85116110170817,21.203039852414364,21.23198699951172,508200,0.0,0.0
2016-02-18 00:00:00-05:00,21.18856345243341,21.452315974617093,20.96823532984501,21.194997787475586,252000,0.0,0.0
2016-02-19 00:00:00-05:00,21.112977805205446,21.698379015528378,21.112977805205446,21.616357803344727,409800,0.0,0.0
2016-02-22 00:00:00-05:00,21.745016046099717,22.065056122447853,21.580975468692102,21.65334701538086,359400,0.0,0.0
2016-02-23 00:00:00-05:00,21.543983286788826,21.852765060372754,21.067941958453446,21.09367561340332,390600,0.0,0.0
2016-02-24 00:00:00-05:00,20.799369686938004,21.373510745009003,20.33137122485167,21.03577995300293,542400,0.0,0.0
2016-02-25 00:00:00-05:00,22.55556767835785,22.55556767835785,21.436232702307002,22.032888412475586,741000,0.0,0.0
2016-02-26 00:00:00-05:00,22.11330203859702,22.47193888464553,21.632436764020706,21.96051788330078,490800,0.0,0.0
2016-02-29 00:00:00-05:00,22.108478563395,22.108478563395,21.679078717914084,21.81095314025879,654600,0.0,0.0
2016-03-01 00:00:00-05:00,21.934786894006425,22.193713651432326,21.87206685448836,22.032888412475586,621000,0.0,0.0
2016-03-02 00:00:00-05:00,21.96856142978028,22.187282814042362,21.84472624420408,22.103654861450195,465600,0.0,0.0
2016-03-03 00:00:00-05:00,21.902621248147224,22.336844949715005,21.862415861099645,22.254825592041016,445200,0.0,0.0
2016-03-04 00:00:00-05:00,22.333633208196176,22.333633208196176,21.83025321532498,22.058624267578125,414000,0.0,0.0
2016-03-07 00:00:00-05:00,22.113303545380592,22.19371432682123,21.87045893636328,22.07952880859375,597600,0.0,0.0
2016-03-08 00:00:00-05:00,22.039325293010183,22.515363049192114,21.96856232693396,22.158334732055664,558000,0.0,0.0
2016-03-09 00:00:00-05:00,22.319155715108835,22.72604088518964,22.145467327069955,22.671361923217773,493200,0.0,0.0
2016-03-10 00:00:00-05:00,22.734081674924457,22.8611340178168,22.356145494550553,22.61507225036621,407400,0.0,0.0
2016-03-11 00:00:00-05:00,22.719607308733977,23.15865676970695,22.5185766885576,23.150615692138672,567600,0.0,0.0
2016-03-14 00:00:00-04:00,23.04768773200972,23.173129642583746,22.706741636230607,22.775894165039062,454800,0.0,0.0
2016-03-15 00:00:00-04:00,22.676187454000928,22.99301036508238,22.39474418414219,22.396352767944336,468600,0.0,0.0
2016-03-16 00:00:00-04:00,22.283776462351582,22.833796187791773,22.283776462351582,22.74051856994629,310200,0.0,0.0
2016-03-17 00:00:00-04:00,22.663323640180625,23.065383108783063,22.304684893579115,22.97532081604004,381000,0.0,0.0
2016-03-18 00:00:00-04:00,23.124885353507104,23.319483492160646,22.86756717391009,23.317874908447266,852600,0.0,0.0
2016-03-21 00:00:00-04:00,23.219771940474942,23.242286591389153,22.819319251362394,23.010700225830078,403200,0.0,0.0
2016-03-22 00:00:00-04:00,22.838619731387702,23.27927783389807,22.77911501336635,23.169918060302734,429000,0.0,0.0
2016-03-23 00:00:00-04:00,23.047689705418865,23.11684408063314,22.85630873580474,22.885257720947266,482400,0.0,0.0
2016-03-24 00:00:00-04:00,22.80806350896781,23.057340621948242,22.62311502360303,23.057340621948242,375000,0.0,0.0
2016-03-28 00:00:00-04:00,22.983359532609782,23.30661676244192,22.983359532609782,23.251935958862305,334200,0.0,0.0
2016-03-29 00:00:00-04:00,23.251937931379942,23.79713190825154,23.251937931379942,23.73280143737793,673800,0.0,0.0
2016-03-30 00:00:00-04:00,23.763357407552125,23.80677996633177,23.568759264675453,23.710285186767578,504600,0.0,0.0
2016-03-31 00:00:00-04:00,23.64112979989401,23.83090218342173,23.4979971406508,23.782655715942383,540600,0.0,0.0
2016-04-01 00:00:00-04:00,23.628264506908334,23.970819206857282,23.219770760339046,23.8051700592041,436800,0.0,0.0
2016-04-04 00:00:00-04:00,23.81321122040136,23.856633776919107,23.411151807059625,23.75692367553711,412200,0.0,0.0
2016-04-05 00:00:00-04:00,23.525337559151044,23.80678082979485,23.375772393862473,23.393463134765625,372000,0.0,0.0
2016-04-06 00:00:00-04:00,23.411152063192777,23.668470237785492,23.341997688740687,23.655603408813477,460800,0.0,0.0
2016-04-07 00:00:00-04:00,23.5591101493794,23.736015701794745,22.74694840666845,23.398284912109375,436200,0.0,0.0
2016-04-08 00:00:00-04:00,23.55428468728408,23.737624576587834,23.268017528297822,23.454574584960938,190200,0.0,0.0
2016-04-11 00:00:00-04:00,23.534986742585186,23.541421077680784,23.100762988360604,23.20208168029785,309000,0.0,0.0
2016-04-12 00:00:00-04:00,23.271236099911633,23.580017927591953,23.173132734863565,23.560720443725586,439800,0.0,0.0
2016-04-13 00:00:00-04:00,23.625048103858102,23.87271662127812,23.520512248466943,23.785871505737305,376800,0.0,0.0
2016-04-14 00:00:00-04:00,23.724759479560305,23.78265745334688,23.54946249585815,23.59931755065918,193200,0.0,0.0
2016-04-15 00:00:00-04:00,23.46422488796682,23.797129939855505,23.4449255642526,23.641130447387695,331200,0.0,0.0
2016-04-18 00:00:00-04:00,23.631480580962382,23.682944216764934,23.45779035000757,23.567150115966797,308400,0.0,0.0
2016-04-19 00:00:00-04:00,23.531771749973096,23.779440280612484,23.510863841584978,23.629873275756836,364800,0.0,0.0
2016-04-20 00:00:00-04:00,23.59127505556659,23.636306196757186,23.462615966796875,23.462615966796875,162000,0.0,0.0
2016-04-21 00:00:00-04:00,23.517299797534086,23.517299797534086,23.184392867087134,23.34200096130371,343800,0.0,0.0
2016-04-22 00:00:00-04:00,23.295358212493028,23.419193390546774,23.0171321280393,23.243894577026367,326400,0.0,0.0
2016-04-25 00:00:00-04:00,23.177956137509774,23.469047195118574,23.065379210848434,23.321088790893555,250800,0.0,0.0
2016-04-26 00:00:00-04:00,23.301789895056537,23.51568734796793,23.266410257329888,23.48191261291504,299400,0.0,0.0
2016-04-27 00:00:00-04:00,23.428842991249955,23.641130026875953,22.775896047421547,23.182781219482422,373800,0.0,0.0
2016-04-28 00:00:00-04:00,23.48030477274314,23.48030477274314,22.885257639850767,22.9029483795166,370800,0.0,0.0
2016-04-29 00:00:00-04:00,22.515359838323427,22.666535411607885,21.497345416163203,21.579364776611328,1287000,0.0,0.0
2016-05-02 00:00:00-04:00,21.54720186247699,21.616356239310885,21.174089576224475,21.18695640563965,891000,0.0,0.0
2016-05-03 00:00:00-04:00,20.987534807961605,21.0438223565996,20.525970651481508,20.661062240600586,623400,0.0,0.0
2016-05-04 00:00:00-04:00,20.873348800811257,20.95858533391383,20.45359862975325,20.469680786132812,409200,0.0,0.0
2016-05-05 00:00:00-04:00,20.55491631985389,20.633720354670146,20.291165655179963,20.493803024291992,456000,0.0,0.0
2016-05-06 00:00:00-04:00,20.54366098230131,20.849225635497646,20.49058876178157,20.780071258544922,596400,0.0,0.0
2016-05-09 00:00:00-04:00,20.907121749952843,21.349386534025747,20.857264860857843,21.309179306030273,990600,0.0,0.0
2016-05-10 00:00:00-04:00,21.315613531971575,21.70641652233314,21.19821085626186,21.42336654663086,714600,0.0,0.0
2016-05-11 00:00:00-04:00,21.37190524319827,21.37190524319827,21.149968517199298,21.2738037109375,653400,0.0,0.0
2016-05-12 00:00:00-04:00,21.326873003719786,21.54559253183212,21.204646410694494,21.407283782958984,784800,0.0,0.0
2016-05-13 00:00:00-04:00,21.392810758367776,21.484479785240744,21.119410420986966,21.362253189086914,580800,0.0,0.0
2016-05-16 00:00:00-04:00,21.379943451483133,21.497344283739324,20.947324660681684,20.982707977294922,568800,0.0,0.0
2016-05-17 00:00:00-04:00,20.908730114739292,21.159615801331615,20.326547960296395,20.505062103271484,784800,0.0,0.0
2016-05-18 00:00:00-04:00,20.440732223290762,20.792936608648017,19.62857226640981,20.569393157958984,269400,0.0,0.0
2016-05-19 00:00:00-04:00,20.42465180941732,20.87174054914281,20.104609898529883,20.11908531188965,856200,0.0,0.0
2016-05-20 00:00:00-04:00,20.13677537725315,20.360320659864552,20.053147429358393,20.10300064086914,664200,0.0,0.0
2016-05-23 00:00:00-04:00,20.069225682509217,20.23165949145565,19.961474511543287,20.107824325561523,646200,0.0,0.0
2016-05-24 00:00:00-04:00,20.284735717937693,20.48576452873278,20.23166349348484,20.291168212890625,1062600,0.0,0.0
2016-05-25 00:00:00-04:00,20.342628752909892,20.344235496039502,20.016156217625493,20.131948471069336,960600,0.0,0.0
2016-05-26 00:00:00-04:00,20.08691984454901,20.530793231736116,20.027413291738014,20.506669998168945,613800,0.0,0.0
2016-05-27 00:00:00-04:00,20.546876820516275,20.70770022933232,20.345846179132558,20.595123291015625,691800,0.0,0.0
2016-05-31 00:00:00-04:00,20.643371176358723,20.643371176358723,20.07566258562472,20.185022354125977,555000,0.0,0.0
2016-06-01 00:00:00-04:00,19.918054269705145,20.41982564470468,19.914837102249255,20.207538604736328,1113000,0.0,0.0
2016-06-02 00:00:00-04:00,20.165720726693177,20.606378758342952,19.95825761864838,20.273473739624023,1056000,0.0,0.0
2016-06-03 00:00:00-04:00,20.27990888869515,20.27990888869515,19.951827737225198,20.05314826965332,436800,0.0,0.0
2016-06-06 00:00:00-04:00,19.982383466991628,20.173766285914777,19.94378665884009,20.05314826965332,316800,0.0,0.0
2016-06-07 00:00:00-04:00,20.053146927842636,20.111043056438383,19.784568670102846,19.929311752319336,817800,0.0,0.0
2016-06-08 00:00:00-04:00,20.024198002303137,20.135166349307266,19.79261164675303,20.020980834960938,307200,0.0,0.0
2016-06-09 00:00:00-04:00,20.011331943407285,20.342630253980886,19.659127565759224,20.00168228149414,306000,0.0,0.0
2016-06-10 00:00:00-04:00,19.919662292596787,19.926094786842643,19.548158602748217,19.7363224029541,312000,0.0,0.0
2016-06-13 00:00:00-04:00,19.628571063625916,20.014548322524394,19.406634369819884,19.413066864013672,484200,0.0,0.0
2016-06-14 00:00:00-04:00,19.274759350181064,19.409850939323118,19.099460528663027,19.335872650146484,325200,0.0,0.0
2016-06-15 00:00:00-04:00,19.417891626799516,19.667168732475986,19.16700593738281,19.37607765197754,323400,0.0,0.0
2016-06-16 00:00:00-04:00,19.31014099524061,19.40824252038509,19.099460690875127,19.300491333007812,414000,0.0,0.0
2016-06-17 00:00:00-04:00,19.247418856191246,19.31657323420682,19.13001800813521,19.134841918945312,606000,0.0,0.0
2016-06-20 00:00:00-04:00,19.29888153076172,19.424323450898374,19.260282884267507,19.29888153076172,481800,0.0,0.0
2016-06-21 00:00:00-04:00,19.31335489886812,19.409849673599208,19.118758606222965,19.194345474243164,426600,0.0,0.0
2016-06-22 00:00:00-04:00,20.448775494440195,20.82670986466063,20.154467236273653,20.41982650756836,4724400,0.0,0.0
2016-06-23 00:00:00-04:00,20.572608504665872,20.635330388291706,20.394094356406814,20.52114486694336,12910200,0.0,0.0
2016-06-24 00:00:00-04:00,19.728280799615764,20.11104272456432,19.626962116123984,19.671993255615234,2000400,0.0,0.0
2016-06-27 00:00:00-04:00,19.4613120958661,19.675207698231453,19.232942922362263,19.459705352783203,1455600,0.0,0.0
2016-06-28 00:00:00-04:00,19.589974564556357,19.69290184487679,19.36964643027198,19.438800811767578,978000,0.0,0.0
2016-06-29 00:00:00-04:00,19.614096677800838,20.074052202056684,19.50312649501711,20.05797004699707,1686600,0.0,0.0
2016-06-30 00:00:00-04:00,20.062795225633952,20.392483075922954,19.97595011840105,20.321720123291016,1192200,0.0,0.0
2016-07-01 00:00:00-04:00,20.345844141986433,20.50988470193834,20.205928655353524,20.223617553710938,472200,0.0,0.0
2016-07-05 00:00:00-04:00,20.199495742922032,20.199495742922032,19.71380836335079,19.72184944152832,398400,0.0,0.0
2016-07-06 00:00:00-04:00,19.696118643532202,19.910014278910133,19.580326375583734,19.868200302124023,495000,0.0,0.0
2016-07-07 00:00:00-04:00,19.97112799349105,20.225229027093746,19.911623274470543,20.21718978881836,1618800,0.0,0.0
2016-07-08 00:00:00-04:00,20.32654810591736,20.854051300980682,20.2799083800656,20.828317642211914,819600,0.0,0.0
2016-07-11 00:00:00-04:00,20.90551320027394,21.283449364942737,20.85083240078279,21.0904598236084,1629600,0.0,0.0
2016-07-12 00:00:00-04:00,21.204645863498484,21.708025794775807,21.100110012700362,21.12423324584961,603600,0.0,0.0
2016-07-13 00:00:00-04:00,21.17087462461402,21.17087462461402,20.892648528607715,20.958585739135742,425400,0.0,0.0
2016-07-14 00:00:00-04:00,21.10332626748314,21.19499528568044,20.911945313235176,21.100109100341797,592200,0.0,0.0
2016-07-15 00:00:00-04:00,21.148359376439025,21.227161573901345,21.029348107415625,21.161224365234375,879000,0.0,0.0
2016-07-18 00:00:00-04:00,21.183739864973,21.27380215208961,21.00522571500975,21.1547908782959,892800,0.0,0.0
2016-07-19 00:00:00-04:00,21.17087174796951,21.17087174796951,20.99879011808436,21.09206771850586,273000,0.0,0.0
2016-07-20 00:00:00-04:00,21.132276703409037,21.191781421405615,20.84118560822675,20.847618103027344,409200,0.0,0.0
2016-07-21 00:00:00-04:00,20.903907999075095,21.769140226911055,20.68036269510868,20.710918426513672,732600,0.0,0.0
2016-07-22 00:00:00-04:00,20.77685645910279,21.133884758144056,20.746298888716364,21.063121795654297,255600,0.0,0.0
2016-07-25 00:00:00-04:00,21.040603412384822,21.088849874351762,20.805799915079707,21.045427322387695,261600,0.0,0.0
2016-07-26 00:00:00-04:00,21.092073582956207,21.164443298351763,20.886219003277102,21.10494041442871,337800,0.0,0.0
2016-07-27 00:00:00-04:00,21.11619429569484,21.182133348194796,20.947327965666553,21.149967193603516,270000,0.0,0.0
2016-07-28 00:00:00-04:00,21.095286368140577,21.35903703343571,21.013265165817717,21.28988265991211,239400,0.0,0.0
2016-07-29 00:00:00-04:00,21.233593169196197,21.233593169196197,20.850833081712278,21.088851928710938,1012800,0.0,0.0
2016-08-01 00:00:00-04:00,21.013263948834616,21.387984779185437,20.99718179413049,21.367076873779297,414600,0.0,0.0
2016-08-02 00:00:00-04:00,21.294708931157288,21.294708931157288,21.059907224266638,21.06151580810547,432600,0.0,0.0
2016-08-03 00:00:00-04:00,20.992359574639114,21.37029763569912,20.88299979996442,21.34134864807129,377400,0.0,0.0
2016-08-04 00:00:00-04:00,21.67907742134525,23.147399603344038,21.67907742134525,22.483196258544922,2299800,0.0,0.0
2016-08-05 00:00:00-04:00,22.64402119417188,22.951194416530978,22.44459915099416,22.80323600769043,916800,0.0,0.0
2016-08-08 00:00:00-04:00,22.758204770753284,23.095935559836665,22.631154269114518,22.86917495727539,528600,0.0,0.0
2016-08-09 00:00:00-04:00,22.746947691048717,23.346820543407546,22.746947691048717,23.25997543334961,627600,0.0,0.0
2016-08-10 00:00:00-04:00,23.1425760933847,23.367729960653286,23.132926431589212,23.317874908447266,439800,0.0,0.0
2016-08-11 00:00:00-04:00,23.441708485171592,23.472266054581766,23.284100408386006,23.32591438293457,443400,0.0,0.0
2016-08-12 00:00:00-04:00,23.31948265822989,23.3966781093484,23.190821732547644,23.306615829467773,237600,0.0,0.0
2016-08-15 00:00:00-04:00,23.255153416343642,23.707067901675096,23.255153416343642,23.588058471679688,307200,0.0,0.0
2016-08-16 00:00:00-04:00,23.571976424190968,23.571976424190968,23.29375033134579,23.461008071899414,207000,0.0,0.0
2016-08-17 00:00:00-04:00,23.549460429105693,23.68776733527579,23.25836752337734,23.665252685546875,414600,0.0,0.0
2016-08-18 00:00:00-04:00,23.61861627870087,23.806780087542403,23.380595575832686,23.801956176757812,508200,0.0,0.0
2016-08-19 00:00:00-04:00,23.747274980024063,23.95634669327965,23.42080242127086,23.872716903686523,374400,0.0,0.0
2016-08-22 00:00:00-04:00,23.774611546692373,23.969209671020508,22.576474436296536,23.969209671020508,337800,0.0,0.0
2016-08-23 00:00:00-04:00,23.974035548378787,24.1155614685932,23.95956197580588,24.030324935913086,385200,0.0,0.0
2016-08-24 00:00:00-04:00,24.033541573535476,24.120386688027992,23.932221046304356,24.02710723876953,317400,0.0,0.0
2016-08-25 00:00:00-04:00,23.906491625084954,24.123604433079663,23.892018051380294,24.109130859375,249600,0.0,0.0
2016-08-26 00:00:00-04:00,24.10752186118399,24.361624731484383,23.811605013856045,23.978862762451172,382200,0.0,0.0
2016-08-29 00:00:00-04:00,23.93221997559397,24.11716844166017,23.904879575516215,24.068920135498047,322200,0.0,0.0
2016-08-30 00:00:00-04:00,24.09143914166873,24.178284261347248,23.982077529934365,24.085004806518555,154200,0.0,0.0
2016-08-31 00:00:00-04:00,23.988509970382747,24.216879157084634,23.882365534607153,24.02389144897461,259800,0.0,0.0
2016-09-01 00:00:00-04:00,24.004593479306752,24.17345796348356,23.956347009680478,24.09947967529297,448800,0.0,0.0
2016-09-02 00:00:00-04:00,24.162203857720083,24.17989275921197,23.914533470043438,24.089832305908203,388800,0.0,0.0
2016-09-06 00:00:00-04:00,24.236179846385593,24.260303081198728,24.004593479306752,24.09947967529297,631200,0.0,0.0
2016-09-07 00:00:00-04:00,24.179889154316225,24.232961372334582,24.011024679243945,24.11556053161621,432600,0.0,0.0
2016-09-08 00:00:00-04:00,24.11073668262745,24.22009644578736,23.978860429077294,24.176673889160156,300000,0.0,0.0
2016-09-09 00:00:00-04:00,24.139685130536506,24.171849443705813,23.552677212772362,23.61379051208496,354000,0.0,0.0
2016-09-12 00:00:00-04:00,23.422410198329143,24.173458711178043,23.422410198329143,24.158985137939453,377400,0.0,0.0
2016-09-13 00:00:00-04:00,23.972424612700134,24.197580300262338,23.875931684368002,24.009414672851562,387000,0.0,0.0
2016-09-14 00:00:00-04:00,24.03514981756107,24.08178954510261,23.77783162539886,23.835729598999023,424800,0.0,0.0
2016-09-15 00:00:00-04:00,24.015849114065073,24.199189005635315,23.880757531057938,24.149333953857422,393000,0.0,0.0
2016-09-16 00:00:00-04:00,24.173457655026635,24.329457148173127,23.866284419925602,24.121994018554688,1007400,0.0,0.0
2016-09-19 00:00:00-04:00,24.25065077102618,24.28442550465821,23.73923162308876,23.88236427307129,462600,0.0,0.0
2016-09-20 00:00:00-04:00,24.039973253177465,24.080178641678316,23.70545963559013,23.9064884185791,452400,0.0,0.0
2016-09-21 00:00:00-04:00,24.00137599480885,24.00137599480885,23.697418086820246,23.872716903686523,372000,0.0,0.0
2016-09-22 00:00:00-04:00,23.82929572272171,24.117171491019675,23.82929572272171,24.08822250366211,441000,0.0,0.0
2016-09-23 00:00:00-04:00,23.951521132973824,24.001376186090145,23.727975845336914,23.727975845336914,340200,0.0,0.0
2016-09-26 00:00:00-04:00,23.697418220899973,23.843768052909965,23.59127562042651,23.636306762695312,584400,0.0,0.0
2016-09-27 00:00:00-04:00,23.692595547179916,23.80838781564837,23.50764889820102,23.620223999023438,655800,0.0,0.0
2016-09-28 00:00:00-04:00,23.551069960688643,23.803562390291496,23.551069960688643,23.798738479614258,327600,0.0,0.0
2016-09-29 00:00:00-04:00,23.673291697026585,23.87110513829186,23.541417296506115,23.700632095336914,1214400,0.0,0.0
2016-09-30 00:00:00-04:00,23.879149007075966,23.879149007075966,23.510860667700705,23.536592483520508,1167000,0.0,0.0
2016-10-03 00:00:00-04:00,23.512472378913436,23.777831649822982,23.359688206766215,23.507648468017578,342000,0.0,0.0
2016-10-04 00:00:00-04:00,23.552677292826562,23.562326954907125,23.25032796274678,23.316267013549805,492000,0.0,0.0
2016-10-05 00:00:00-04:00,23.216553076293017,23.38541938750549,22.996224972535376,23.005874633789062,427800,0.0,0.0
2016-10-06 00:00:00-04:00,22.96084381980706,23.321089256115854,22.96084381980706,23.29374885559082,310200,0.0,0.0
2016-10-07 00:00:00-04:00,23.282489648715465,23.35325444281575,22.89329708479873,23.099151611328125,353400,0.0,0.0
2016-10-10 00:00:00-04:00,23.174739576958547,23.41597559176448,23.158657421369448,23.306615829467773,422400,0.0,0.0
2016-10-11 00:00:00-04:00,23.226206581852544,23.317877458693204,22.80645637050768,23.036434173583984,635400,0.0,0.0
2016-10-12 00:00:00-04:00,23.105584105161007,23.34038761466534,22.91742031703552,23.099151611328125,882000,0.0,0.0
2016-10-13 00:00:00-04:00,22.95762865111354,23.142575280994482,22.761421935634203,22.899730682373047,303600,0.0,0.0
2016-10-14 00:00:00-04:00,23.08628528245415,23.08628528245415,22.67940013084934,22.883647918701172,471600,0.0,0.0
2016-10-17 00:00:00-04:00,22.78072412060221,23.009093335487304,22.771074457933125,22.95441436767578,205800,0.0,0.0
2016-10-18 00:00:00-04:00,23.14096861831969,23.631481766767134,22.637588640033567,22.681011199951172,393600,0.0,0.0
2016-10-19 00:00:00-04:00,22.73729951315798,22.853091773799218,22.565217865425605,22.69226837158203,367800,0.0,0.0
2016-10-20 00:00:00-04:00,22.6022056472594,22.759813719456478,22.417259014392314,22.610248565673828,257400,0.0,0.0
2016-10-21 00:00:00-04:00,22.42208546694641,22.70352688425953,22.42208546694641,22.560392379760742,336600,0.0,0.0
2016-10-24 00:00:00-04:00,22.77107212175287,22.82092717335749,22.460681726267307,22.63597869873047,1302000,0.0,0.0
2016-10-25 00:00:00-04:00,22.607033503706003,22.82414630899628,22.422086853614797,22.46550941467285,547200,0.0,0.0
2016-10-26 00:00:00-04:00,22.746949322855002,22.746949322855002,22.417259597705634,22.43816566467285,318600,0.0,0.0
2016-10-27 00:00:00-04:00,22.58773290858728,22.590950076071767,22.005550746863534,22.074705123901367,532200,0.0,0.0
2016-10-28 00:00:00-04:00,22.93511225738287,22.93511225738287,21.4072835426845,21.788436889648438,1178400,0.0,0.0
2016-10-31 00:00:00-04:00,21.695159105932248,22.09721851579787,21.180522766826694,21.872066497802734,817800,0.0,0.0
2016-11-01 00:00:00-04:00,21.839902794315474,22.105262071381034,21.386379699703152,21.638872146606445,583800,0.0,0.0
2016-11-02 00:00:00-04:00,21.534338018687492,21.936397471656196,21.41050283110231,21.4860897064209,682200,0.0,0.0
2016-11-03 00:00:00-04:00,21.63887164751427,21.63887164751427,21.357430219600918,21.526294708251953,505200,0.0,0.0
2016-11-04 00:00:00-04:00,21.59866573920784,21.92031439234399,21.413719098006066,21.71124267578125,505800,0.0,0.0
2016-11-07 00:00:00-05:00,22.089177966880534,22.330413986672436,21.823818713206396,21.9363956451416,683400,0.0,0.0
2016-11-08 00:00:00-05:00,21.87206773999183,22.290209329141593,21.87206773999183,22.105260848999023,356400,0.0,0.0
2016-11-09 00:00:00-05:00,21.92031252336774,22.295031525088017,21.896189290548424,22.209794998168945,697800,0.0,0.0
2016-11-10 00:00:00-05:00,22.39474355350575,22.555568800463305,22.065055662260953,22.459074020385742,577800,0.0,0.0
2016-11-11 00:00:00-05:00,22.483197437710675,22.96566950152837,22.4751581998309,22.861135482788086,949200,0.0,0.0
2016-11-14 00:00:00-05:00,23.070206398595158,23.295360283903555,22.957631296425905,23.239070892333984,813000,0.0,0.0
2016-11-15 00:00:00-05:00,23.16670104757328,23.753708993571713,22.03449913280468,23.63309097290039,856800,0.0,0.0
2016-11-16 00:00:00-05:00,23.689376426132075,23.745665812386644,23.42401717224778,23.480304718017578,412800,0.0,0.0
2016-11-17 00:00:00-05:00,23.560721151690743,24.00298599837265,23.49639068208187,23.978862762451172,421800,0.0,0.0
2016-11-18 00:00:00-05:00,23.986902559291156,24.61411586215754,23.914531014909148,24.493497848510742,726000,0.0,0.0
2016-11-21 00:00:00-05:00,24.493497867281707,24.557828333502222,24.23617968336932,24.445249557495117,427800,0.0,0.0
2016-11-22 00:00:00-05:00,24.525663325231395,24.927720905649096,23.32108996524916,24.774938583374023,504000,0.0,0.0
2016-11-23 00:00:00-05:00,24.734732226126457,25.160916704813776,23.321089053229844,25.048337936401367,309600,0.0,0.0
2016-11-25 00:00:00-05:00,25.00813808510859,25.24937413197147,25.00813808510859,25.14483642578125,145800,0.0,0.0
2016-11-28 00:00:00-05:00,23.737624510056264,25.27349431356027,23.737624510056264,25.064422607421875,321000,0.0,0.0
2016-11-29 00:00:00-05:00,25.168956314695908,25.24937077360106,25.000091840546222,25.056381225585938,257400,0.0,0.0
2016-11-30 00:00:00-05:00,25.10828077350567,25.10828077350567,24.569784651870208,24.832544326782227,1186200,0.22,0.0
2016-12-01 00:00:00-05:00,24.88931853159918,24.913647894266106,24.208085239656942,24.597360610961914,1175400,0.0,0.0
2016-12-02 00:00:00-05:00,24.573030471801758,24.7108987121025,24.41894265690226,24.573030471801758,427800,0.0,0.0
2016-12-05 00:00:00-05:00,24.678459944366427,24.889318129832187,24.629799363606676,24.702789306640625,334800,0.0,0.0
2016-12-06 00:00:00-05:00,24.71090019824605,25.05151685393899,24.71090019824605,24.91364860534668,275400,0.0,0.0
2016-12-07 00:00:00-05:00,24.970418118093956,25.186141451793315,24.86498901643537,25.181276321411133,457800,0.0,0.0
2016-12-08 00:00:00-05:00,25.22182532716033,25.30292320251465,24.837415086862165,25.30292320251465,544200,0.0,0.0
2016-12-09 00:00:00-05:00,25.067735059861995,25.148834789513405,24.873096451183144,25.10828399658203,466200,0.0,0.0
2016-12-12 00:00:00-05:00,25.06773477110671,25.124505138072163,24.832547228416953,24.921756744384766,612600,0.0,0.0
2016-12-13 00:00:00-05:00,25.035295268656512,25.1455894874342,24.28269625640125,24.970415115356445,297600,0.0,0.0
2016-12-14 00:00:00-05:00,24.946087900503365,25.027187635054077,24.62169081851198,24.80010986328125,374400,0.0,0.0
2016-12-15 00:00:00-05:00,24.86498564154933,25.12450439452182,24.66223911007346,24.840656280517578,661800,0.0,0.0
2016-12-16 00:00:00-05:00,24.808220266907657,24.97852952807044,24.345954924053675,24.75956153869629,1194600,0.0,0.0
2016-12-19 00:00:00-05:00,24.719008185876262,24.999611649025116,24.719008185876262,24.85687828063965,361200,0.0,0.0
2016-12-20 00:00:00-05:00,24.986635302115705,24.986635302115705,24.678459670967264,24.929866790771484,415800,0.0,0.0
2016-12-21 00:00:00-05:00,24.856879736588432,25.010967558558974,24.658996462495633,24.96230697631836,474600,0.0,0.0
2016-12-22 00:00:00-05:00,24.954198665913655,25.05962776809631,24.42705501121191,24.654130935668945,328200,0.0,0.0
2016-12-23 00:00:00-05:00,24.581139480812023,24.77577622604581,24.5000397541747,24.5487003326416,244200,0.0,0.0
2016-12-27 00:00:00-05:00,24.564918867291418,24.678457737294895,24.451379997287944,24.516260147094727,268800,0.0,0.0
2016-12-28 00:00:00-05:00,24.475712081294496,24.589250963933743,24.281075322635356,24.483821868896484,328200,0.0,0.0
2016-12-29 00:00:00-05:00,24.678458915598554,24.678458915598554,24.337842289324964,24.435161590576172,304200,0.0,0.0
2016-12-30 00:00:00-05:00,24.378390188592196,24.508148632674864,24.199973024057726,24.402721405029297,681000,0.0,0.0
2017-01-03 00:00:00-05:00,24.564919297314145,24.613579874573862,24.086434448825745,24.118873596191406,336600,0.0,0.0
2017-01-04 00:00:00-05:00,24.118874942791308,24.24863525192115,24.00533792067252,24.159425735473633,613800,0.0,0.0
2017-01-05 00:00:00-05:00,24.05399797752008,24.50004187205495,24.05399797752008,24.143205642700195,352200,0.0,0.0
2017-01-06 00:00:00-05:00,24.183754934257298,24.183754934257298,23.77825814743676,23.802587509155273,1384200,0.0,0.0
2017-01-09 00:00:00-05:00,23.721488433439873,23.72959822026799,23.24300358573589,23.470081329345703,696600,0.0,0.0
2017-01-10 00:00:00-05:00,23.43764450100278,23.835031551216066,23.34032704172921,23.599843978881836,356400,0.0,0.0
2017-01-11 00:00:00-05:00,23.68093584078997,23.68093584078997,23.283550747822424,23.35654067993164,425400,0.0,0.0
2017-01-12 00:00:00-05:00,23.40520170098679,23.505765658596093,23.16190437828958,23.251113891601562,312600,0.0,0.0
2017-01-13 00:00:00-05:00,23.34843080784144,23.599837891876916,23.340321021660362,23.41330909729004,229800,0.0,0.0
2017-01-17 00:00:00-05:00,23.34032353834664,23.445752626279656,23.048365635714156,23.137575149536133,247200,0.0,0.0
2017-01-18 00:00:00-05:00,23.194345007661173,23.307885745463302,23.080807982281808,23.17812728881836,196200,0.0,0.0
2017-01-19 00:00:00-05:00,23.17001407839852,23.40357928456649,23.015926269591205,23.072694778442383,194400,0.0,0.0
2017-01-20 00:00:00-05:00,23.121355834483705,23.186235987866063,22.869948720523244,23.14568519592285,184800,0.0,0.0
2017-01-23 00:00:00-05:00,23.10513689878551,23.307885295471362,23.10513689878551,23.283554077148438,127200,0.0,0.0
2017-01-24 00:00:00-05:00,23.315993140733326,23.57551190426813,23.129466175687046,23.3970947265625,478200,0.0,0.0
2017-01-25 00:00:00-05:00,23.44575291208967,23.680938595777956,23.44575291208967,23.559289932250977,257400,0.0,0.0
2017-01-26 00:00:00-05:00,23.502521650301837,24.232413638548547,23.372763198360953,23.38898277282715,165000,0.0,0.0
2017-01-27 00:00:00-05:00,23.364654637268035,23.437642726196216,23.04836734994501,23.307886123657227,166200,0.0,0.0
2017-01-30 00:00:00-05:00,23.161904998918914,23.165149656294023,22.88616852079665,22.975378036499023,386400,0.0,0.0
2017-01-31 00:00:00-05:00,22.926716842601532,23.29977446986776,22.902387481574063,23.251113891601562,517200,0.0,0.0
2017-02-01 00:00:00-05:00,23.27544323553258,23.494409323367726,23.06458507784277,23.1943416595459,292200,0.0,0.0
2017-02-02 00:00:00-05:00,23.2024544332457,23.42142238796676,23.06458620225386,23.405200958251953,328200,0.0,0.0
2017-02-03 00:00:00-05:00,23.478193496760056,23.76204163315889,23.40520355169489,23.543073654174805,241800,0.0,0.0
2017-02-06 00:00:00-05:00,23.461972454083817,23.607950478872876,23.37276293929722,23.38087272644043,168600,0.0,0.0
2017-02-07 00:00:00-05:00,23.364656656370354,23.59173444285978,23.348437079651337,23.429536819458008,163800,0.0,0.0
2017-02-08 00:00:00-05:00,23.36465142571738,23.729597388829465,23.17812447899493,23.680936813354492,387600,0.0,0.0
2017-02-09 00:00:00-05:00,23.624170641528654,23.932348129279767,23.624170641528654,23.810699462890625,235800,0.0,0.0
2017-02-10 00:00:00-05:00,23.899906747522326,24.345952469332552,23.689050423654844,24.32973289489746,362400,0.0,0.0
2017-02-13 00:00:00-05:00,24.4270521865684,24.573030212628883,24.370283676071498,24.56492042541504,278400,0.0,0.0
2017-02-14 00:00:00-05:00,24.467599349253085,24.556808858350863,24.29080265962498,24.451379776000977,283800,0.0,0.0
2017-02-15 00:00:00-05:00,24.2891817288527,25.1163930057929,24.2891817288527,25.083953857421875,410400,0.0,0.0
2017-02-16 00:00:00-05:00,25.092061648745307,25.148832010090498,24.848764342891382,25.14072036743164,299400,0.0,0.0
2017-02-17 00:00:00-05:00,25.116393482457692,25.18127363664234,24.791998280168396,25.156944274902344,380400,0.0,0.0
2017-02-21 00:00:00-05:00,25.140720502304216,25.28670037156862,25.06773242388316,25.26236915588379,450600,0.0,0.0
2017-02-22 00:00:00-05:00,25.400242127680293,25.400242127680293,25.075845062500797,25.17316436767578,156600,0.0,0.0
2017-02-23 00:00:00-05:00,25.197493347569214,25.294812651267474,24.986635165591544,25.043405532836914,222000,0.0,0.0
2017-02-24 00:00:00-05:00,24.881207170022215,24.881207170022215,24.386500879366963,24.5487003326416,517200,0.0,0.0
2017-02-27 00:00:00-05:00,24.491933702155123,24.816328921166686,24.491933702155123,24.783889770507812,327600,0.0,0.0
2017-02-28 00:00:00-05:00,24.686568744315792,24.767668471530442,22.999707040487767,24.37839126586914,562200,0.0,0.0
2017-03-01 00:00:00-05:00,25.189383976970003,25.189383976970003,24.013446238270223,24.702789306640625,891000,0.0,0.0
2017-03-02 00:00:00-05:00,24.65412886433741,24.69467965790016,23.04998914321117,24.589250564575195,555000,0.0,0.0
2017-03-03 00:00:00-05:00,24.491933158655765,24.76766964556016,24.402723640112093,24.532480239868164,321600,0.0,0.0
2017-03-06 00:00:00-05:00,24.321625031090804,24.58114195499807,23.607952562240083,24.50815200805664,440400,0.0,0.0
2017-03-07 00:00:00-05:00,24.47571152012242,24.66224034311429,24.47571152012242,24.524372100830078,271800,0.0,0.0
2017-03-08 00:00:00-05:00,24.564921246018557,24.646020977077473,24.078326572087796,24.532480239868164,234000,0.0,0.0
2017-03-09 00:00:00-05:00,24.524371489345825,24.637910366550937,24.256742942655077,24.56492042541504,270600,0.0,0.0
2017-03-10 00:00:00-05:00,24.540591351370008,24.791998470368053,24.540591351370008,24.751447677612305,822000,0.0,0.0
2017-03-13 00:00:00-04:00,24.678459125885848,24.80821757658938,24.337842496709833,24.7352294921875,268200,0.0,0.0
2017-03-14 00:00:00-04:00,24.548704211418848,24.978530417435966,24.516265058122936,24.905540466308594,307200,0.0,0.0
2017-03-15 00:00:00-04:00,25.027184480690444,25.286701371090114,24.87796180465783,25.116392135620117,363600,0.0,0.0
2017-03-16 00:00:00-04:00,25.1731616808111,25.2429069588509,24.783886357871932,25.148832321166992,267000,0.0,0.0
2017-03-17 00:00:00-04:00,25.083952950232778,25.424569564443644,25.059623589834402,25.408349990844727,740400,0.0,0.0
2017-03-20 00:00:00-04:00,25.384020836364073,25.392132480033716,24.88607357530736,25.05962562561035,320400,0.0,0.0
2017-03-21 00:00:00-04:00,25.16505562199892,25.16505562199892,24.76767045364648,24.79199981689453,386400,0.0,0.0
2017-03-22 00:00:00-04:00,24.702790037649216,24.889318866360565,24.60547072946118,24.783889770507812,282000,0.0,0.0
2017-03-23 00:00:00-04:00,24.832546448263482,25.278592157878006,24.654127421933172,25.132614135742188,273000,0.0,0.0
2017-03-24 00:00:00-04:00,25.173166681625503,25.457012979616977,25.019076994179592,25.067737579345703,171600,0.0,0.0
2017-03-27 00:00:00-04:00,24.832546869110715,25.291567503213233,24.573029968424176,25.205602645874023,296400,0.0,0.0
2017-03-28 00:00:00-04:00,25.148836081928753,25.63543077242096,25.100177355364107,25.619211196899414,393600,0.0,0.0
2017-03-29 00:00:00-04:00,25.594877720899028,25.927384558410473,25.594877720899028,25.66786766052246,328200,0.0,0.0
2017-03-30 00:00:00-04:00,25.700307285809888,25.951716257530567,25.489450962493553,25.74085807800293,484200,0.0,0.0
2017-03-31 00:00:00-04:00,25.757076522973712,25.830066460751606,25.53810856585125,25.765186309814453,448200,0.0,0.0
2017-04-03 00:00:00-04:00,25.87061494670722,25.950094203252206,25.452145096801296,25.51378059387207,252600,0.0,0.0
2017-04-04 00:00:00-04:00,25.47322958441753,25.546219525546473,25.278592835092535,25.44890022277832,267600,0.0,0.0
2017-04-05 00:00:00-04:00,25.538110369923455,25.594878881818904,25.10828421215534,25.17316436767578,238800,0.0,0.0
2017-04-06 00:00:00-04:00,25.173164094268436,25.41646142645775,25.075844790150445,25.40024185180664,204600,0.0,0.0
2017-04-07 00:00:00-04:00,25.35158023605995,25.50566804516252,25.197492426957375,25.367801666259766,178800,0.0,0.0
2017-04-10 00:00:00-04:00,25.327251558370957,25.47322958441753,25.22182432460104,25.44890022277832,224400,0.0,0.0
2017-04-11 00:00:00-04:00,25.392131865095884,25.77329743503796,25.327251710789568,25.748966217041016,309000,0.0,0.0
2017-04-12 00:00:00-04:00,25.675978639004903,25.870615393346963,25.319142423797878,25.351581573486328,207600,0.0,0.0
2017-04-13 00:00:00-04:00,25.343470597258094,25.546217114662273,25.08395186229759,25.14072036743164,237000,0.0,0.0
2017-04-17 00:00:00-04:00,25.132615371094623,25.46512222290039,25.100176221516893,25.46512222290039,156000,0.0,0.0
2017-04-18 00:00:00-04:00,25.8219570263688,26.851916749141083,25.708420000887084,26.835697174072266,1096800,0.0,0.0
2017-04-19 00:00:00-04:00,26.86002719034189,27.184422412035474,26.837320155935224,27.1519832611084,401400,0.0,0.0
2017-04-20 00:00:00-04:00,27.233083436509617,27.476380784833154,27.022225239639493,27.460161209106445,547800,0.0,0.0
2017-04-21 00:00:00-04:00,27.4601597760657,27.589918231319228,27.315802218450845,27.53314971923828,337800,0.0,0.0
2017-04-24 00:00:00-04:00,27.906201405767828,27.906201405767828,27.484486924220267,27.525035858154297,333000,0.0,0.0
2017-04-25 00:00:00-04:00,27.687237319734116,27.719676469240323,27.46826934814453,27.46826934814453,483600,0.0,0.0
2017-04-26 00:00:00-04:00,27.57369715793551,28.100842629439658,27.54125800775414,27.898096084594727,873600,0.0,0.0
2017-04-27 00:00:00-04:00,27.338510142631147,28.141392064325544,26.92490542915906,27.8575439453125,1194000,0.0,0.0
2017-04-28 00:00:00-04:00,27.44393992248652,27.500708433990972,27.038443129752217,27.054662704467773,702600,0.0,0.0
2017-05-01 00:00:00-04:00,27.13576210190864,27.25741076699676,26.908684346249313,26.92490577697754,473400,0.0,0.0
2017-05-02 00:00:00-04:00,26.965453008874675,27.233081558544345,26.93301385965823,27.224971771240234,392400,0.0,0.0
2017-05-03 00:00:00-04:00,27.13576335885028,27.492599583385005,27.119543783582074,27.43583106994629,414600,0.0,0.0
2017-05-04 00:00:00-04:00,27.476381608409703,27.516930548941886,27.289854625750145,27.42772102355957,441600,0.0,0.0
2017-05-05 00:00:00-04:00,27.492597152331836,27.492597152331836,27.062771020886476,27.173067092895508,293400,0.0,0.0
2017-05-08 00:00:00-04:00,27.168201576749787,27.314179595390222,26.989782554691647,27.28985023498535,336600,0.0,0.0
2017-05-09 00:00:00-04:00,27.3141798948912,27.565587000920637,27.022221998197793,27.24118995666504,343200,0.0,0.0
2017-05-10 00:00:00-04:00,27.314182977823215,27.598029263452368,27.289853614405537,27.573698043823242,673200,0.0,0.0
2017-05-11 00:00:00-04:00,27.435829124698294,27.508817208230234,26.957344263366036,26.965452194213867,375000,0.0,0.0
2017-05-12 00:00:00-04:00,26.90868707494096,27.3595979745966,26.697828872416334,26.892467498779297,524400,0.0,0.0
2017-05-15 00:00:00-04:00,27.01411400889262,27.40338937417593,26.98167485917185,27.29796028137207,652800,0.0,0.0
2017-05-16 00:00:00-04:00,27.273630675550482,27.460159497202078,26.827586802238628,27.054662704467773,302400,0.0,0.0
2017-05-17 00:00:00-04:00,26.762706374366072,26.876245252428983,26.478858251103123,26.63294792175293,411000,0.0,0.0
2017-05-18 00:00:00-04:00,26.59239952007141,26.762706912484497,26.31666303475066,26.41398048400879,805800,0.0,0.0
2017-05-19 00:00:00-04:00,26.478859193940796,27.39528003835039,26.478859193940796,27.192533493041992,1253400,0.0,0.0
2017-05-22 00:00:00-04:00,27.257412357832813,27.36284145455723,27.127653897913095,27.1519832611084,537000,0.0,0.0
2017-05-23 00:00:00-04:00,27.281740146248804,27.46015917847171,26.884355001696076,27.338510513305664,398400,0.0,0.0
2017-05-24 00:00:00-04:00,27.314182185857273,27.581808888114885,27.233082453938355,27.37095069885254,269400,0.0,0.0
2017-05-25 00:00:00-04:00,27.468267400832275,27.69534328748894,27.257409231567642,27.28985023498535,406800,0.0,0.0
2017-05-26 00:00:00-04:00,27.346618911878643,27.50881650512636,27.29795833455647,27.35472869873047,243600,0.0,0.0
2017-05-30 00:00:00-04:00,27.45204666668713,27.49259745793407,27.11143189996492,27.135761260986328,306000,0.0,0.0
2017-05-31 00:00:00-04:00,27.265521581116914,27.265521581116914,26.81136605269406,27.192533493041992,446400,0.0,0.0
2017-06-01 00:00:00-04:00,27.28174152957141,27.77644785879468,27.22172835829291,27.735897064208984,489600,0.0,0.0
2017-06-02 00:00:00-04:00,27.760226307545764,28.108952744695273,27.760226307545764,28.02785301208496,707400,0.0,0.0
2017-06-05 00:00:00-04:00,27.97108303788082,28.0116319739627,27.800775650125622,27.911069869995117,528000,0.0,0.0
2017-06-06 00:00:00-04:00,27.825105693581424,28.092732390702174,27.80888611875124,28.003522872924805,364800,0.0,0.0
2017-06-07 00:00:00-04:00,28.068401980773668,28.44956754368965,27.9467533178766,28.206270217895508,418800,0.0,0.0
2017-06-08 00:00:00-04:00,28.10895129808108,28.514446227841212,28.01974363863332,28.336029052734375,487800,0.0,0.0
2017-06-09 00:00:00-04:00,28.449565747531484,28.54688318673599,27.962971126664264,28.092729568481445,405600,0.0,0.0
2017-06-12 00:00:00-04:00,28.16572145185877,29.211898845343583,28.125170659841487,29.155128479003906,592800,0.0,0.0
2017-06-13 00:00:00-04:00,29.220007462008372,29.382206911157517,28.85506148573963,29.001039505004883,434400,0.0,0.0
2017-06-14 00:00:00-04:00,28.99293123484628,29.122687822708073,28.67664398329956,28.87128257751465,319800,0.0,0.0
2017-06-15 00:00:00-04:00,28.636093657460503,28.903722192896264,28.522554785030213,28.887500762939453,302400,0.0,0.0
2017-06-16 00:00:00-04:00,28.749634886519427,29.633614664518735,28.51444549448111,29.609283447265625,1386600,0.0,0.0
2017-06-19 00:00:00-04:00,29.812032629486716,29.812032629486716,29.341657545297753,29.398426055908203,770400,0.0,0.0
2017-06-20 00:00:00-04:00,29.536295984190605,29.68227400971745,29.211898928188834,29.333547592163086,519600,0.0,0.0
2017-06-21 00:00:00-04:00,29.520072386805786,30.04721779614204,29.317325865871382,29.79581069946289,964200,0.0,0.0
2017-06-22 00:00:00-04:00,29.79581409163819,29.803923879150396,29.51196781628817,29.72282600402832,316800,0.0,0.0
2017-06-23 00:00:00-04:00,29.641723969964712,29.97423082159052,29.301109187160215,29.8282527923584,381600,0.0,0.0
2017-06-26 00:00:00-04:00,29.917463111102958,30.176980026957352,29.6011776819979,29.617395401000977,269400,0.0,0.0
2017-06-27 00:00:00-04:00,29.544405468717056,29.771483219970946,29.3822078704834,29.3822078704834,293400,0.0,0.0
2017-06-28 00:00:00-04:00,29.544406062363887,29.75526424365239,29.52007484436035,29.52007484436035,405000,0.0,0.0
2017-06-29 00:00:00-04:00,29.520075508144796,29.625506457371078,29.195680297864982,29.479528427124023,334800,0.0,0.0
2017-06-30 00:00:00-04:00,29.503858234926582,29.836363237673144,29.43897807816421,29.730934143066406,323400,0.0,0.0
2017-07-03 00:00:00-04:00,29.763372089628657,29.771483733080863,29.50385704170885,29.633615493774414,163200,0.0,0.0
2017-07-05 00:00:00-04:00,29.609284193977448,29.76337200733966,29.252447987730896,29.455196380615234,217800,0.0,0.0
2017-07-06 00:00:00-04:00,29.44709029802182,29.503860671904473,29.00915430828423,29.32219696044922,355800,0.0,0.0
2017-07-07 00:00:00-04:00,29.44708742112695,29.593065451374006,29.32543875321918,29.479528427124023,271200,0.0,0.0
2017-07-10 00:00:00-04:00,29.398424367396718,29.479525947461877,29.082138971167588,29.228116989135742,331800,0.0,0.0
2017-07-11 00:00:00-04:00,29.252450005644835,29.593066660951116,29.041593667207895,29.16324234008789,256200,0.0,0.0
2017-07-12 00:00:00-04:00,29.211900546765932,29.787704749804647,29.211900546765932,29.560626983642578,214200,0.0,0.0
2017-07-13 00:00:00-04:00,29.49574493135048,29.779593048922383,29.09025000709084,29.325437545776367,169200,0.0,0.0
2017-07-14 00:00:00-04:00,29.23623018768849,29.60928411111669,29.22811854428141,29.276777267456055,223200,0.0,0.0
2017-07-17 00:00:00-04:00,29.236229887538695,29.584954445799436,29.11620169709315,29.325437545776367,321000,0.0,0.0
2017-07-18 00:00:00-04:00,29.31733089059983,29.998564218094213,29.07403353881062,29.83636474609375,478800,0.0,0.0
2017-07-19 00:00:00-04:00,29.909349828635875,29.92556940195512,29.55251364697897,29.80392074584961,147000,0.0,0.0
2017-07-20 00:00:00-04:00,29.79581409163819,29.925572548044887,29.593065691410242,29.72282600402832,187200,0.0,0.0
2017-07-21 00:00:00-04:00,29.885020878619923,29.99856161288676,29.649835191445636,29.755264282226562,326400,0.0,0.0
2017-07-24 00:00:00-04:00,29.836362184434666,30.125075437844426,29.768239228776356,29.93368148803711,268800,0.0,0.0
2017-07-25 00:00:00-04:00,29.974230411434323,30.509485652909667,29.958010836876177,30.168869018554688,644400,0.0,0.0
2017-07-26 00:00:00-04:00,30.12831991801317,30.249968590242595,30.039112252933307,30.10399055480957,292200,0.0,0.0
2017-07-27 00:00:00-04:00,30.371614793481264,31.361023666354,30.17697804746359,30.793331146240234,686400,0.0,0.0
2017-07-28 00:00:00-04:00,30.825770793262507,31.588101927938762,30.26618805117068,30.395946502685547,420600,0.0,0.0
2017-07-31 00:00:00-04:00,30.493262074290104,31.085287641229847,30.063437810140815,30.339174270629883,568800,0.0,0.0
2017-08-01 00:00:00-04:00,30.379727174457095,30.671683228678607,30.168868992957492,30.639244079589844,601800,0.0,0.0
2017-08-02 00:00:00-04:00,30.671681618596875,30.793330277505223,30.274296494485927,30.5905818939209,492600,0.0,0.0
2017-08-03 00:00:00-04:00,30.66357372861277,31.052849089957988,30.541925062179182,30.82577133178711,664800,0.0,0.0
2017-08-04 00:00:00-04:00,30.825771113036872,31.717862564693505,30.785222176583872,31.701642990112305,1546800,0.0,0.0
2017-08-07 00:00:00-04:00,31.79085463914044,31.79085463914044,31.239377929117055,31.2961483001709,694200,0.0,0.0
2017-08-08 00:00:00-04:00,31.239377929117055,31.67731389703275,31.08529196025913,31.2961483001709,369600,0.0,0.0
2017-08-09 00:00:00-04:00,31.296148207812344,31.45834767644913,31.150168314796947,31.40968894958496,412200,0.0,0.0
2017-08-10 00:00:00-04:00,31.401577041551587,31.67731353721982,31.239377574278507,31.344806671142578,387000,0.0,0.0
2017-08-11 00:00:00-04:00,31.46645290976971,31.725969809881008,31.271814306580595,31.62054443359375,332400,0.0,0.0
2017-08-14 00:00:00-04:00,31.790851548122504,31.969266863137026,31.466452641432834,31.555662155151367,714600,0.0,0.0
2017-08-15 00:00:00-04:00,31.51511217348662,31.690286548121815,31.142058247357227,31.16638946533203,349800,0.0,0.0
2017-08-16 00:00:00-04:00,31.255599544229867,31.425906935852666,31.077178652783815,31.125839233398438,404400,0.0,0.0
2017-08-17 00:00:00-04:00,31.150164611172567,31.150164611172567,30.558142746534998,30.5905818939209,352200,0.0,0.0
2017-08-18 00:00:00-04:00,30.50137710571289,30.671684501708835,30.136431094683232,30.50137710571289,408000,0.0,0.0
2017-08-21 00:00:00-04:00,30.501375364941797,30.655463176926087,30.485155790649905,30.566253662109375,217800,0.0,0.0
2017-08-22 00:00:00-04:00,30.614915176211962,31.271817275981306,30.614915176211962,31.1826114654541,241800,0.0,0.0
2017-08-23 00:00:00-04:00,31.004190062620008,31.312365691258147,30.850102248300935,30.874431610107422,213000,0.0,0.0
2017-08-24 00:00:00-04:00,30.89065215633547,31.215049225926762,30.8095524248848,31.198829650878906,251400,0.0,0.0
2017-08-25 00:00:00-04:00,31.34480693467651,31.628655076685163,31.23613689174007,31.40968894958496,252600,0.0,0.0
2017-08-28 00:00:00-04:00,31.515111196204018,31.515111196204018,31.122593050351288,31.49078369140625,270600,0.0,0.0
2017-08-29 00:00:00-04:00,31.35291886725757,31.466455897652242,31.117731306159968,31.1826114654541,341400,0.0,0.0
2017-08-30 00:00:00-04:00,31.093401702130567,31.476189627235787,31.07718027027384,31.35291862487793,217800,0.0,0.0
2017-08-31 00:00:00-04:00,31.45834724423527,31.774634533141153,31.37724936724255,31.693532943725586,342600,0.0,0.0
2017-09-01 00:00:00-04:00,31.701643741848503,31.701643741848503,31.498897198564475,31.547555923461914,219000,0.0,0.0
2017-09-05 00:00:00-04:00,31.555663106458848,31.80382742370066,31.239375833491458,31.701642990112305,465600,0.0,0.0
2017-09-06 00:00:00-04:00,31.70974860907412,31.803825104723614,31.455098708021225,31.51511001586914,439200,0.0,0.0
2017-09-07 00:00:00-04:00,31.53944610300499,31.847621757593238,31.401577851614302,31.782743453979492,244800,0.0,0.0
2017-09-08 00:00:00-04:00,31.790852132145044,32.382875878443706,31.782740488738643,32.22067642211914,1116000,0.0,0.0
2017-09-11 00:00:00-04:00,32.39098769322216,32.79486219756697,32.074700386055454,32.163909912109375,255600,0.0,0.0
2017-09-12 00:00:00-04:00,32.29366683959961,32.330972974974316,31.98549120921596,32.29366683959961,360600,0.0,0.0
2017-09-13 00:00:00-04:00,32.277453638064735,32.78026797570467,32.115254147320975,32.731605529785156,1246200,0.0,0.0
2017-09-14 00:00:00-04:00,32.885689044137166,32.94245569645273,32.601840932869365,32.65861129760742,387000,0.0,0.0
2017-09-15 00:00:00-04:00,32.739712419766015,33.210087533424144,32.601844172006125,33.112770080566406,927000,0.0,0.0
2017-09-18 00:00:00-04:00,33.02356060486198,33.33984418329805,32.999229385402494,33.055999755859375,436800,0.0,0.0
2017-09-19 00:00:00-04:00,33.023560845390094,33.112770367494136,32.86136137679885,32.88569259643555,469200,0.0,0.0
2017-09-20 00:00:00-04:00,32.88569568814552,33.08033432626915,32.43154010333144,32.62617874145508,429000,0.0,0.0
2017-09-21 00:00:00-04:00,32.69105026345141,32.861357644295545,32.34394618728433,32.77214813232422,406800,0.0,0.0
2017-09-22 00:00:00-04:00,32.87757565374192,33.10465338820381,32.69915663828852,32.723487854003906,353400,0.0,0.0
2017-09-25 00:00:00-04:00,32.59373099959982,32.66671722129594,32.26122418716672,32.48019027709961,372600,0.0,0.0
2017-09-26 00:00:00-04:00,32.56940615225221,32.82081143707793,32.42342625547258,32.618064880371094,762000,0.0,0.0
2017-09-27 00:00:00-04:00,32.69915603596972,33.82643304480213,32.69915603596972,33.70478439331055,907200,0.0,0.0
2017-09-28 00:00:00-04:00,33.66424079581781,33.71289951895723,33.40147923595783,33.57503128051758,403800,0.0,0.0
2017-09-29 00:00:00-04:00,33.51015264990166,33.607470095213145,33.239279449333004,33.445274353027344,349200,0.0,0.0
2017-10-02 00:00:00-04:00,33.558806196145675,33.68045484023213,33.44526919412858,33.583133697509766,339600,0.0,0.0
2017-10-03 00:00:00-04:00,33.737233288713284,33.74534122030519,33.458252133370614,33.7129020690918,301800,0.0,0.0
2017-10-04 00:00:00-04:00,33.656130190704985,33.88807493764107,33.566924385075374,33.60747146606445,198600,0.0,0.0
2017-10-05 00:00:00-04:00,33.6723507570703,33.84266186696107,33.56692537345624,33.69668197631836,355800,0.0,0.0
2017-10-06 00:00:00-04:00,33.680457901997464,33.88320442309849,33.52637010047,33.839412689208984,466800,0.0,0.0
2017-10-09 00:00:00-04:00,33.90753462074468,33.90753462074468,33.58313574181896,33.70478439331055,292200,0.0,0.0
2017-10-10 00:00:00-04:00,33.834548748257234,33.858879966444725,33.42905195714265,33.534481048583984,282000,0.0,0.0
2017-10-11 00:00:00-04:00,33.56692429830378,33.798865332217574,33.56692429830378,33.721012115478516,413400,0.0,0.0
2017-10-12 00:00:00-04:00,33.85077078990358,33.88320994156924,33.604228782337046,33.785892486572266,359400,0.0,0.0
2017-10-13 00:00:00-04:00,33.88320607532601,34.00485473640298,33.81021984861784,33.84265899658203,211800,0.0,0.0
2017-10-16 00:00:00-04:00,33.858876833528534,34.00485299187849,33.72911653590625,33.907535552978516,261000,0.0,0.0
2017-10-17 00:00:00-04:00,33.91564508050561,34.05838030088514,33.84265885410471,33.8994255065918,401400,0.0,0.0
2017-10-18 00:00:00-04:00,34.01296675675947,34.317897720942106,33.85076730271745,33.915645599365234,336000,0.0,0.0
2017-10-19 00:00:00-04:00,33.7047902312465,34.021077522392524,33.61558442213411,33.826438903808594,360600,0.0,0.0
2017-10-20 00:00:00-04:00,34.021078760827066,34.034057391648545,33.65613272985601,33.74534225463867,377400,0.0,0.0
2017-10-23 00:00:00-04:00,33.73723220825195,33.83454965877547,33.55070152611438,33.73723220825195,207000,0.0,0.0
2017-10-24 00:00:00-04:00,33.83455074235347,33.83455074235347,33.62369254704351,33.7129020690918,312000,0.0,0.0
2017-10-25 00:00:00-04:00,33.656126277020725,33.769667000401675,33.12898458607924,33.250633239746094,294600,0.0,0.0
2017-10-26 00:00:00-04:00,33.41283668663691,33.818333529986425,33.185758899851955,33.193870544433594,592200,0.0,0.0
2017-10-27 00:00:00-04:00,33.404721434677654,33.915643558670766,33.145204551279015,33.79399490356445,822000,0.0,0.0
2017-10-30 00:00:00-04:00,33.62369203496634,33.62369203496634,33.20197936319184,33.283077239990234,307200,0.0,0.0
2017-10-31 00:00:00-04:00,33.35606750149649,33.948087576370696,33.35606750149649,33.826438903808594,526200,0.0,0.0
2017-11-01 00:00:00-04:00,33.93673622260246,33.93673622260246,33.39661579977147,33.74534225463867,310800,0.0,0.0
2017-11-02 00:00:00-04:00,34.02918959293289,35.36732500789014,33.41283457842795,33.956199645996094,1012200,0.0,0.0
2017-11-03 00:00:00-04:00,34.150837458726826,34.807739540764395,34.150837458726826,34.58066177368164,645600,0.0,0.0
2017-11-06 00:00:00-05:00,34.710420007333305,34.76394571644886,34.46712267950719,34.51578140258789,643800,0.0,0.0
2017-11-07 00:00:00-05:00,34.572553280407405,34.79962733137727,34.24977668292554,34.621212005615234,703800,0.0,0.0
2017-11-08 00:00:00-05:00,34.64553725201016,34.783409199739495,34.4914494426921,34.66986846923828,556800,0.0,0.0
2017-11-09 00:00:00-05:00,34.42657549504141,34.71853157654303,34.27248766626064,34.62932205200195,340800,0.0,0.0
2017-11-10 00:00:00-05:00,34.46711678838486,34.726633646214566,34.36168771685198,34.450897216796875,623400,0.0,0.0
2017-11-13 00:00:00-05:00,34.25626376331784,34.7639449684415,34.25626376331784,34.66986846923828,544800,0.0,0.0
2017-11-14 00:00:00-05:00,34.60499186951536,34.76718761757854,34.49956277706294,34.66176223754883,352200,0.0,0.0
2017-11-15 00:00:00-05:00,34.49956455001185,35.21323701543393,34.45901375470078,34.95372009277344,718200,0.0,0.0
2017-11-16 00:00:00-05:00,35.1078117974936,35.70794358733723,35.1078117974936,35.253787994384766,724200,0.0,0.0
2017-11-17 00:00:00-05:00,35.20511831863343,35.41273181516986,35.14835167147768,35.32676696777344,630600,0.0,0.0
2017-11-20 00:00:00-05:00,35.40786329536526,35.45652572285025,35.136993849485826,35.221336364746094,396600,0.0,0.0
2017-11-21 00:00:00-05:00,35.35110218489338,35.35110218489338,35.13213236419711,35.213233947753906,509400,0.0,0.0
2017-11-22 00:00:00-05:00,35.21323377754647,35.21323377754647,34.6617608316542,34.85639572143555,343200,0.0,0.0
2017-11-24 00:00:00-05:00,34.88883939904448,35.57818438332398,34.73475156841909,35.52952194213867,369600,0.0,0.0
2017-11-27 00:00:00-05:00,35.56196245314023,35.683611123205225,35.258650086146524,35.278114318847656,687600,0.0,0.0
2017-11-28 00:00:00-05:00,35.415983078041,35.740378298780925,35.270006899298316,35.70793914794922,626400,0.0,0.0
2017-11-29 00:00:00-05:00,35.69982438884279,36.204260883890086,35.64305402953324,35.96744918823242,310200,0.0,0.0
2017-11-30 00:00:00-05:00,36.58316069378732,38.49397838200211,36.558665283529756,38.37965774536133,1353000,0.253333,0.0
2017-12-01 00:00:00-05:00,37.77537560693567,38.21633405518133,37.41607848417109,38.0856819152832,708600,0.0,0.0
2017-12-04 00:00:00-05:00,38.477643657657595,38.84184137208064,38.16734107457553,38.44498062133789,825000,0.0,0.0
2017-12-05 00:00:00-05:00,38.575640455815005,38.706292614476006,37.808044071500504,37.81621170043945,559200,0.0,0.0
2017-12-06 00:00:00-05:00,37.74271694253562,38.395988931808816,37.685554755688486,37.75904846191406,360000,0.0,0.0
2017-12-07 00:00:00-05:00,37.669227480325105,37.93870318749772,37.32789532261873,37.75088882446289,520200,0.0,0.0
2017-12-08 00:00:00-05:00,37.81620864694593,38.477644491872404,37.39158168949389,37.40791320800781,810600,0.0,0.0
2017-12-11 00:00:00-05:00,37.37525306180313,37.56306740826245,37.11394500732422,37.11394500732422,637800,0.0,0.0
2017-12-12 00:00:00-05:00,37.0649489691719,37.34748910950181,36.860803111080514,36.90979766845703,630600,0.0,0.0
2017-12-13 00:00:00-05:00,37.040446534900255,37.16293478649586,36.62398722708418,36.819969177246094,367800,0.0,0.0
2017-12-14 00:00:00-05:00,36.844468195112114,37.11394387024616,36.46067188504085,36.509666442871094,504600,0.0,0.0
2017-12-15 00:00:00-05:00,36.57499664971375,37.260931680818395,36.403513826448894,36.73831558227539,1126800,0.0,0.0
2017-12-18 00:00:00-05:00,36.79547292739954,37.236431415454724,36.79547292739954,37.07311248779297,255000,0.0,0.0
2017-12-19 00:00:00-05:00,36.95879400226891,37.179271390083116,36.64849138592439,36.950626373291016,309600,0.0,0.0
2017-12-20 00:00:00-05:00,37.11394475732924,37.15150837397714,36.67461977599841,37.04045104980469,288600,0.0,0.0
2017-12-21 00:00:00-05:00,37.08128177913403,37.33442220341401,36.860804394242095,37.19560241699219,244200,0.0,0.0
2017-12-22 00:00:00-05:00,37.13843891860249,37.192334047680006,36.890195367344496,37.064945220947266,149400,0.0,0.0
2017-12-26 00:00:00-05:00,36.95879345146921,37.33442214185765,36.770979106274986,37.04045104980469,230400,0.0,0.0
2017-12-27 00:00:00-05:00,36.99145431213864,37.63329159475764,36.99145431213864,37.399749755859375,384000,0.0,0.0
2017-12-28 00:00:00-05:00,37.40791653236495,38.208175962844514,37.36382254987231,38.044857025146484,565200,0.0,0.0
2017-12-29 00:00:00-05:00,38.069350582295286,39.11458649940177,37.90603539059516,38.004024505615234,655200,0.0,0.0
2018-01-02 00:00:00-05:00,38.02852681796237,38.918607769954725,38.02852681796237,38.877777099609375,696000,0.0,0.0
2018-01-03 00:00:00-05:00,38.90227403454372,39.11458752737887,38.0775192116246,38.84511184692383,831000,0.0,0.0
2018-01-04 00:00:00-05:00,38.885941030739936,39.54737689437581,38.542971656156276,38.64096450805664,915000,0.0,0.0
2018-01-05 00:00:00-05:00,38.787947587643075,39.29423214426887,36.46393770897799,39.12274932861328,448200,0.0,0.0
2018-01-08 00:00:00-05:00,39.04925544208067,39.33506262552885,38.71445370268152,39.20440673828125,450600,0.0,0.0
2018-01-09 00:00:00-05:00,39.343230002624594,39.808683888253874,38.869608488699804,38.975765228271484,755400,0.0,0.0
2018-01-10 00:00:00-05:00,40.34763484249369,41.50719144622636,40.208815054248475,41.33570861816406,1584600,0.0,0.0
2018-01-11 00:00:00-05:00,41.48269246990312,41.564353807830805,41.18055748131569,41.40919876098633,1171800,0.0,0.0
2018-01-12 00:00:00-05:00,41.58884718185671,41.60517870103331,41.19688698357322,41.29487609863281,1921800,0.0,0.0
2018-01-16 00:00:00-05:00,41.36020396971294,41.58068509523008,41.02540594304522,41.18055725097656,837000,0.0,0.0
2018-01-17 00:00:00-05:00,41.18055681229205,41.40919808824817,41.1560576637027,41.188720703125,986400,0.0,0.0
2018-01-18 00:00:00-05:00,41.164221442588584,41.39287019401338,41.06623232458816,41.270381927490234,630600,0.0,0.0
2018-01-19 00:00:00-05:00,41.18871779708485,41.825658235016625,41.18871779708485,41.71950149536133,1162200,0.0,0.0
2018-01-22 00:00:00-05:00,41.62967884423146,41.93181756329068,41.450028390948106,41.74399948120117,1030200,0.0,0.0
2018-01-23 00:00:00-05:00,41.80116185750316,41.89915097534834,41.54802143404716,41.6623420715332,607200,0.0,0.0
2018-01-24 00:00:00-05:00,41.841988951977044,41.93997806145315,41.66233851322593,41.73583221435547,763800,0.0,0.0
2018-01-25 00:00:00-05:00,41.7439959691486,42.21761747283776,41.72766445095552,42.20945358276367,990600,0.0,0.0
2018-01-26 00:00:00-05:00,42.20945391293416,42.47076194411236,41.97264129021474,42.4380989074707,576600,0.0,0.0
2018-01-29 00:00:00-05:00,42.32377260862752,42.42176545212296,41.8877147346959,42.24211502075195,597000,0.0,0.0
2018-01-30 00:00:00-05:00,41.98080700150538,42.42992934188814,41.98080700150538,42.24211502075195,356400,0.0,0.0
2018-01-31 00:00:00-05:00,42.299278259277344,42.454429549143946,42.14412323136588,42.299278259277344,470400,0.0,0.0
2018-02-01 00:00:00-05:00,42.11146943203114,42.47893427432826,42.10330554027112,42.421775817871094,794400,0.0,0.0
2018-02-02 00:00:00-05:00,42.26661861881246,42.41360604351748,41.98897902818783,42.15229797363281,1797600,0.0,0.0
2018-02-05 00:00:00-05:00,42.01347371978796,42.11963046235486,41.04173151767902,41.147891998291016,1005000,0.0,0.0
2018-02-06 00:00:00-05:00,40.67426380793757,41.98897155268995,40.32313430551919,41.67866897583008,1497000,0.0,0.0
2018-02-07 00:00:00-05:00,41.69500468716826,42.217620786456266,41.499022715423955,42.062469482421875,843600,0.0,0.0
2018-02-08 00:00:00-05:00,42.51976151435725,42.54752397736381,40.837588762582,41.47452926635742,2488800,0.0,0.0
2018-02-09 00:00:00-05:00,41.4745270587556,41.61334684249007,39.26157067162518,39.8740119934082,1346400,0.0,0.0
2018-02-12 00:00:00-05:00,40.11898704045147,40.20064837237009,38.738953144740336,38.88594055175781,1027200,0.0,0.0
2018-02-13 00:00:00-05:00,38.787946303188335,39.62903257293195,38.747119376745424,39.62086868286133,575400,0.0,0.0
2018-02-14 00:00:00-05:00,39.38405985531296,41.59701629409981,39.38405985531296,41.4990234375,1926600,0.0,0.0
2018-02-15 00:00:00-05:00,41.71949989972371,42.83005807143305,41.56434861032578,42.77289962768555,706800,0.0,0.0
2018-02-16 00:00:00-05:00,42.53609287012874,43.1648657423266,42.32377936969122,43.04237747192383,676800,0.0,0.0
2018-02-20 00:00:00-05:00,42.813728630183924,43.222024074434636,42.274781036121794,42.495262145996094,841200,0.0,0.0
2018-02-21 00:00:00-05:00,42.61775462763959,42.61775462763959,41.49086103364885,41.54802322387695,808200,0.0,0.0
2018-02-22 00:00:00-05:00,41.65417523972411,41.75216809748958,40.894750216779606,41.25404739379883,756600,0.0,0.0
2018-02-23 00:00:00-05:00,41.27037845398697,42.41359968662082,41.27037845398697,42.2829475402832,2169600,0.0,0.0
2018-02-26 00:00:00-05:00,42.28295232733717,42.69124406891179,42.029808158080996,42.340110778808594,988200,0.0,0.0
2018-02-27 00:00:00-05:00,42.3646105663471,42.666749300579085,41.64601245517247,41.85832595825195,727200,0.0,0.0
2018-02-28 00:00:00-05:00,42.07879965467091,42.647146980728245,42.04613661676682,42.16862487792969,632400,0.0,0.0
2018-03-01 00:00:00-05:00,41.15606015572005,42.56875725552291,40.92088102437592,41.84199523925781,717600,0.0,0.0
2018-03-02 00:00:00-05:00,41.81748744633265,42.895386279981636,41.548015541453935,42.80556106567383,636600,0.0,0.0
2018-03-05 00:00:00-05:00,42.74024198867549,43.352683333656174,42.201290614656244,43.287353515625,557400,0.0,0.0
2018-03-06 00:00:00-05:00,43.377172836011745,43.93245191634487,42.90518487011963,43.80179977416992,582000,0.0,0.0
2018-03-07 00:00:00-05:00,43.573161141244874,44.82254299222657,43.458836762125976,44.6102294921875,644400,0.0,0.0
2018-03-08 00:00:00-05:00,44.83886225882708,45.63912154654319,43.11586291257343,43.36900329589844,661200,0.0,0.0
2018-03-09 00:00:00-05:00,44.005947018497594,45.092009806158224,43.88019171101306,44.87153244018555,604800,0.0,0.0
2018-03-12 00:00:00-04:00,45.12467742547745,45.12467742547745,44.07944519641999,44.70005416870117,363000,0.0,0.0
2018-03-13 00:00:00-04:00,44.896032340125956,44.912363860052416,43.67114965541503,43.7609748840332,499200,0.0,0.0
2018-03-14 00:00:00-04:00,43.68747461532609,44.299915865718724,43.65481158037778,43.81813049316406,691800,0.0,0.0
2018-03-15 00:00:00-04:00,43.89978950084882,44.14476600893173,43.55682388475069,43.86712646484375,386400,0.0,0.0
2018-03-16 00:00:00-04:00,43.8752977621059,43.8752977621059,43.16486358642578,43.16486358642578,1065600,0.0,0.0
2018-03-19 00:00:00-04:00,43.115873495737986,43.31675606424137,42.34828079175782,42.683082580566406,453000,0.0,0.0
2018-03-20 00:00:00-04:00,42.78106805721488,42.98521766012317,42.446266296968716,42.756568908691406,509400,0.0,0.0
2018-03-21 00:00:00-04:00,42.781068428953034,43.173032380463034,42.10330101176037,42.201290130615234,606600,0.0,0.0
2018-03-22 00:00:00-04:00,41.94815001515622,42.36460938044098,41.04173383783343,41.09889602661133,451800,0.0,0.0
2018-03-23 00:00:00-04:00,41.20505070319557,41.716235848806186,40.00466722749244,40.04549789428711,430800,0.0,0.0
2018-03-26 00:00:00-04:00,40.76409483081971,41.422267428751674,40.25781022981953,40.46195983886719,886200,0.0,0.0
2018-03-27 00:00:00-04:00,40.51094877029725,40.87024590190197,39.539206634694885,39.79235076904297,765000,0.0,0.0
2018-03-28 00:00:00-04:00,39.825015075777685,40.2055443141957,39.24523682710029,39.531044006347656,659400,0.0,0.0
2018-03-29 00:00:00-04:00,39.7841837590519,40.14348463428255,39.48204880438827,39.8576774597168,816000,0.0,0.0
2018-04-02 00:00:00-04:00,39.68619963109802,40.09449511200098,38.33882865596815,38.894107818603516,952800,0.0,0.0
2018-04-03 00:00:00-04:00,38.9431059260462,39.457554416652115,38.46131673761956,39.36772918701172,793800,0.0,0.0
2018-04-04 00:00:00-04:00,38.869613198422066,39.51471760426814,38.583805982168634,39.26974105834961,588600,0.0,0.0
2018-04-05 00:00:00-04:00,39.60454274970304,40.04550127900268,39.465722956522015,39.66170120239258,646800,0.0,0.0
2018-04-06 00:00:00-04:00,39.465720868541915,39.9230108941373,38.55930470814112,39.00026321411133,542400,0.0,0.0
2018-04-09 00:00:00-04:00,39.14724711634617,39.392223626788834,38.43681299323552,38.44498062133789,483600,0.0,0.0
2018-04-10 00:00:00-04:00,38.853284656597545,39.09009359138596,38.55114589665567,38.73896026611328,501000,0.0,0.0
2018-04-11 00:00:00-04:00,38.534809972474825,38.92677018838754,38.40415407514039,38.67362976074219,478800,0.0,0.0
2018-04-12 00:00:00-04:00,38.845111721981255,38.845111721981255,38.28166495250723,38.53480911254883,483600,0.0,0.0
2018-04-13 00:00:00-04:00,38.689960354288665,38.853279287534995,38.17550814429211,38.37965774536133,256800,0.0,0.0
2018-04-16 00:00:00-04:00,38.5429714538092,39.78908615676585,38.534807563386664,39.50654602050781,439200,0.0,0.0
2018-04-17 00:00:00-04:00,39.751526371727614,40.14349033894453,39.52288134719198,39.89851379394531,509400,0.0,0.0
2018-04-18 00:00:00-04:00,40.094495782823735,41.433699151240944,40.094495782823735,41.38470458984375,789600,0.0,0.0
2018-04-19 00:00:00-04:00,41.49086123332331,41.49086123332331,40.796758532186956,41.07440185546875,573000,0.0,0.0
2018-04-20 00:00:00-04:00,41.147894383124644,41.401034811424374,40.878418696826245,41.25404739379883,480600,0.0,0.0
2018-04-23 00:00:00-04:00,41.425536113224545,41.65417740445386,41.033572137883276,41.52352523803711,304800,0.0,0.0
2018-04-24 00:00:00-04:00,41.69500560967315,41.85015691714028,41.07440037980466,41.809329986572266,539400,0.0,0.0
2018-04-25 00:00:00-04:00,41.71950475182279,41.907319098932604,41.06623274434027,41.41736602783203,542400,0.0,0.0
2018-04-26 00:00:00-04:00,43.27918801669798,46.65986486299809,43.27918801669798,44.88786697387695,1135800,0.0,0.0
2018-04-27 00:00:00-04:00,44.93686485876545,45.13284684399575,44.267261300080875,44.740882873535156,478800,0.0,0.0
2018-04-30 00:00:00-04:00,44.85520971350986,45.35332672613269,44.806211410983444,44.847042083740234,592200,0.0,0.0
2018-05-01 00:00:00-04:00,44.8143740012884,45.37782077457054,44.19376504018389,45.26349639892578,406200,0.0,0.0
2018-05-02 00:00:00-04:00,44.93685807482274,45.181834584866095,44.61838786415739,44.879695892333984,482400,0.0,0.0
2018-05-03 00:00:00-04:00,44.80620563888328,45.108344354660474,44.25092650354317,44.88786697387695,373200,0.0,0.0
2018-05-04 00:00:00-04:00,44.75721120739168,45.52480383501558,44.58899543578812,45.19816970825195,465000,0.0,0.0
2018-05-07 00:00:00-04:00,45.712616423245905,46.01475136553168,45.3614831904943,45.4676399230957,529800,0.0,0.0
2018-05-08 00:00:00-04:00,45.49213932389306,45.720784326641585,45.3859825819725,45.541133880615234,478800,0.0,0.0
2018-05-09 00:00:00-04:00,45.500309601719046,45.696287840018954,45.30922820274493,45.565635681152344,334200,0.0,0.0
2018-05-10 00:00:00-04:00,45.66362529803706,46.05558925499987,45.48560836540016,45.712623596191406,781200,0.0,0.0
2018-05-11 00:00:00-04:00,45.81061221707252,45.91350191359356,45.42681589333393,45.565635681152344,582600,0.0,0.0
2018-05-14 00:00:00-04:00,45.66362709229536,48.46452587610446,45.27983074929289,47.78675842285156,2238600,0.0,0.0
2018-05-15 00:00:00-04:00,47.90924054124427,49.25661138331412,47.46011817323599,48.61967468261719,1260600,0.0,0.0
2018-05-16 00:00:00-04:00,48.880982202025024,51.379745827922065,48.8352546945967,50.0405387878418,1762200,0.0,0.0
2018-05-17 00:00:00-04:00,50.01604265751191,50.75913613628719,49.91804980293982,50.60398483276367,1013400,0.0,0.0
2018-05-18 00:00:00-04:00,50.94695198641101,51.211523337060626,50.47496025547096,50.571319580078125,1491000,0.0,0.0
2018-05-21 00:00:00-04:00,50.87346254288497,51.11517203041143,49.90172027729811,50.71830749511719,718800,0.0,0.0
2018-05-22 00:00:00-04:00,50.76730556314586,50.84896316314384,50.06503898902731,50.48966598510742,503400,0.0,0.0
2018-05-23 00:00:00-04:00,50.29368332152047,50.61215356423953,50.20385809372443,50.42433547973633,534000,0.0,0.0
2018-05-24 00:00:00-04:00,50.3345095658754,50.554986932508626,49.89355109456402,50.359004974365234,415200,0.0,0.0
2018-05-25 00:00:00-04:00,50.448832642000674,50.55335585967587,49.89355351535686,50.07320022583008,414600,0.0,0.0
2018-05-29 00:00:00-04:00,49.92621808876714,50.11403243360485,49.45259654322995,49.8853874206543,522000,0.0,0.0
2018-05-30 00:00:00-04:00,49.92621642040369,50.46516402647548,49.64040922925489,49.76289749145508,840600,0.0,0.0
2018-05-31 00:00:00-04:00,49.71390315122176,49.85272293311834,48.74379446562122,48.897315979003906,583800,0.0,0.0
2018-06-01 00:00:00-04:00,49.346440530809446,49.346440530809446,48.33387134612443,48.38286590576172,738000,0.0,0.0
2018-06-04 00:00:00-04:00,48.693164754121945,48.71766390106773,48.342031496820645,48.53801345825195,835800,0.0,0.0
2018-06-05 00:00:00-04:00,48.66050814056809,49.68124500998848,48.61968120766221,49.50159454345703,461400,0.0,0.0
2018-06-06 00:00:00-04:00,49.58324729472348,49.85272296814774,49.183119467914224,49.83639144897461,444000,0.0,0.0
2018-06-07 00:00:00-04:00,50.122199070543786,50.28224721220116,49.713903611631004,49.983375549316406,413400,0.0,0.0
2018-06-08 00:00:00-04:00,49.81189451299348,50.39984044346797,49.79556299309519,49.869056701660156,350400,0.0,0.0
2018-06-11 00:00:00-04:00,49.82006364106082,49.99644705170605,49.094931426403164,49.13412857055664,388800,0.0,0.0
2018-06-12 00:00:00-04:00,49.281113049483466,49.958880450299894,49.281113049483466,49.66490936279297,345600,0.0,0.0
2018-06-13 00:00:00-04:00,49.83639516145053,49.906621820539925,49.13412857055664,49.13412857055664,354600,0.0,0.0
2018-06-14 00:00:00-04:00,49.12595618867128,49.23211666800208,47.925572734953555,48.840152740478516,340800,0.0,0.0
2018-06-15 00:00:00-04:00,48.68500176356044,49.59958177511178,48.40082810113562,49.06879806518555,706200,0.0,0.0
2018-06-18 00:00:00-04:00,48.93814633702444,49.53425617330741,48.85648873549438,49.452598571777344,286200,0.0,0.0
2018-06-19 00:00:00-04:00,49.19945560943078,49.76453594482816,48.72583403282262,49.583251953125,329400,0.0,0.0
2018-06-20 00:00:00-04:00,49.56691966224933,49.86089076846192,49.044303531639095,49.05247116088867,480600,0.0,0.0
2018-06-21 00:00:00-04:00,49.0606311706204,49.24844551000193,48.39919529946078,48.897315979003906,337800,0.0,0.0
2018-06-22 00:00:00-04:00,49.01163489821817,49.37909967356538,48.84015208399847,49.166786193847656,1184400,0.0,0.0
2018-06-25 00:00:00-04:00,49.517921674729266,49.517921674729266,46.74152227119517,47.08448791503906,529800,0.0,0.0
2018-06-26 00:00:00-04:00,47.50094826886475,48.33387072416163,46.91463961046386,47.925575256347656,463800,0.0,0.0
2018-06-27 00:00:00-04:00,47.909242288790125,48.14605118585565,46.88850551912601,46.937503814697266,374400,0.0,0.0
2018-06-28 00:00:00-04:00,46.80684970762679,47.83575040707994,46.62719925180386,47.76226043701172,330600,0.0,0.0
2018-06-29 00:00:00-04:00,47.77042262779036,48.86465310553818,47.77042262779036,48.4236946105957,603600,0.0,0.0
2018-07-02 00:00:00-04:00,48.04806178444063,48.04806178444063,47.20697546876359,47.64793395996094,310200,0.0,0.0
2018-07-03 00:00:00-04:00,47.82758397623967,48.87281613998199,47.7867533098905,48.83198547363281,157200,0.0,0.0
2018-07-05 00:00:00-04:00,48.92997931414448,49.17495584110042,48.10522450832014,48.7339973449707,337200,0.0,0.0
2018-07-06 00:00:00-04:00,48.78299082970422,49.95887888083648,48.67683408782203,49.460758209228516,300600,0.0,0.0
2018-07-09 00:00:00-04:00,49.62408023234111,49.80046363791778,48.995307370292046,49.08513259887695,366000,0.0,0.0
2018-07-10 00:00:00-04:00,49.150456946780025,49.75473437667987,48.528218209841356,48.807491302490234,193200,0.0,0.0
2018-07-11 00:00:00-04:00,48.47269454218742,49.27295028666411,48.33387474443219,48.938148498535156,419400,0.0,0.0
2018-07-12 00:00:00-04:00,48.96264066598681,49.41176303725282,48.61967503528114,49.39543151855469,274200,0.0,0.0
2018-07-13 00:00:00-04:00,49.48526081081295,50.05687148835509,49.22395275210409,49.468929290771484,194400,0.0,0.0
2018-07-16 00:00:00-04:00,49.36277419369185,49.673076822911206,49.26151801843653,49.5914192199707,174600,0.0,0.0
2018-07-17 00:00:00-04:00,49.468923412007335,49.97520794921799,49.468923412007335,49.74656295776367,133800,0.0,0.0
2018-07-18 00:00:00-04:00,49.82822744233577,50.05687246542466,49.575087007729216,49.918052673339844,373200,0.0,0.0
2018-07-19 00:00:00-04:00,49.803728606727795,50.39983840400683,49.754734049015504,50.30184555053711,241800,0.0,0.0
2018-07-20 00:00:00-04:00,50.20385740852321,50.45700156867934,49.72207197460992,49.811893463134766,249000,0.0,0.0
2018-07-23 00:00:00-04:00,49.77923252313203,49.86905775348988,49.321942480244104,49.53425598144531,194400,0.0,0.0
2018-07-24 00:00:00-04:00,49.74656987496836,49.82822747682612,48.52168715687484,48.97897720336914,202800,0.0,0.0
2018-07-25 00:00:00-04:00,48.86465477418321,49.321941065912846,48.85322009370941,49.09329605102539,230400,0.0,0.0
2018-07-26 00:00:00-04:00,48.83198231820315,49.085126452338244,46.72518660792499,47.0926513671875,458400,0.0,0.0
2018-07-27 00:00:00-04:00,47.20697702283257,47.30496987857188,45.5411358557165,45.892269134521484,339600,0.0,0.0
2018-07-30 00:00:00-04:00,45.89227079315353,46.49654825490912,45.426816860216405,46.0147590637207,268200,0.0,0.0
2018-07-31 00:00:00-04:00,46.02292007228688,47.10081520300086,46.02292007228688,46.700687408447266,254400,0.0,0.0
2018-08-01 00:00:00-04:00,46.83951405912702,48.01540220774202,45.10507969407783,45.385986328125,522600,0.0,0.0
2018-08-02 00:00:00-04:00,45.761616853476944,47.28047060188707,44.63472331282527,45.581966400146484,388800,0.0,0.0
2018-08-03 00:00:00-04:00,45.712624651518794,46.39855598497122,45.105080130396054,45.37782287597656,447600,0.0,0.0
2018-08-06 00:00:00-04:00,45.5656373914809,46.243404836154966,45.4349852277102,45.84327697753906,289200,0.0,0.0
2018-08-07 00:00:00-04:00,46.08008459547738,46.251567410708255,45.44314415256839,45.475807189941406,193200,0.0,0.0
2018-08-08 00:00:00-04:00,45.3533223075479,46.308729305001116,45.06751884023197,46.26790237426758,327600,0.0,0.0
2018-08-09 00:00:00-04:00,46.25973462633402,46.74968769823887,45.7534500345687,45.95759963989258,232200,0.0,0.0
2018-08-10 00:00:00-04:00,45.614632506312084,46.09642171117539,45.614632506312084,45.75345230102539,163800,0.0,0.0
2018-08-13 00:00:00-04:00,45.74528824471344,46.91300878957392,45.74528824471344,46.77418899536133,445800,0.0,0.0
2018-08-14 00:00:00-04:00,46.80684474179389,46.87217081405519,45.76161263343356,45.98208999633789,327600,0.0,0.0
2018-08-15 00:00:00-04:00,45.786113128605145,45.916769025689234,44.19539916881793,44.389747619628906,367800,0.0,0.0
2018-08-16 00:00:00-04:00,44.45507408435644,45.59829534190442,44.45507408435644,45.55746841430664,360600,0.0,0.0
2018-08-17 00:00:00-04:00,45.45947556437295,45.76161426643056,44.77354056701716,45.55746841430664,214800,0.0,0.0
2018-08-20 00:00:00-04:00,45.69628491733842,46.2678992899559,45.38598232183153,46.09641647338867,268200,0.0,0.0
2018-08-21 00:00:00-04:00,46.120917161394445,47.19881621670106,46.120917161394445,46.300567626953125,370200,0.0,0.0
2018-08-22 00:00:00-04:00,46.11274915463508,46.78235265701494,46.022923929872405,46.07191848754883,301200,0.0,0.0
2018-08-23 00:00:00-04:00,46.014761447297296,46.70886417516291,45.64729661656099,46.357730865478516,213000,0.0,0.0
2018-08-24 00:00:00-04:00,46.357724767321784,47.03549214693258,45.933097799738846,46.1699104309082,328800,0.0,0.0
2018-08-27 00:00:00-04:00,46.38222042192804,46.71702216828927,46.259732160481,46.39855194091797,222600,0.0,0.0
2018-08-28 00:00:00-04:00,46.65169653312252,46.65169653312252,45.44314542622301,46.39038848876953,322800,0.0,0.0
2018-08-29 00:00:00-04:00,46.49654945881756,47.09265930688224,46.316898993855354,46.92934036254883,257400,0.0,0.0
2018-08-30 00:00:00-04:00,46.708861002198205,46.806850121853195,46.088252030247354,46.186241149902344,253200,0.0,0.0
2018-08-31 00:00:00-04:00,45.908599371779246,46.961999178769744,45.39415091118746,46.1535758972168,394200,0.0,0.0
2018-09-04 00:00:00-04:00,46.09642251914852,46.178080123927195,45.42028484222622,45.73712158203125,274200,0.0,0.0
2018-09-05 00:00:00-04:00,45.49214032568256,45.49214032568256,44.038612682646146,44.26725769042969,826200,0.0,0.0
2018-09-06 00:00:00-04:00,44.37341370621657,44.6183902292454,42.81372934452698,43.107704162597656,401400,0.0,0.0
2018-09-07 00:00:00-04:00,42.89539100039885,42.90355489093721,41.64600922833088,42.16046142578125,453600,0.0,0.0
2018-09-10 00:00:00-04:00,42.299281405333176,43.238356842391795,42.299281405333176,42.62591552734375,568800,0.0,0.0
2018-09-11 00:00:00-04:00,42.37277265288013,42.715738274194976,41.343868312845764,42.51975631713867,518400,0.0,0.0
2018-09-12 00:00:00-04:00,42.454429623828446,43.73647060899802,42.021635051389616,43.47516632080078,435600,0.0,0.0
2018-09-13 00:00:00-04:00,43.55683002881654,44.80620815344801,43.55683002881654,44.7572135925293,612000,0.0,0.0
2018-09-14 00:00:00-04:00,44.691882973776586,45.64728989784876,44.691882973776586,45.55746841430664,763200,0.0,0.0
2018-09-17 00:00:00-04:00,45.5656347408631,46.104582361156744,44.26725837967033,44.33258819580078,496200,0.0,0.0
2018-09-18 00:00:00-04:00,44.32442123895366,45.65546065936695,43.98145184771649,45.49214172363281,442800,0.0,0.0
2018-09-19 00:00:00-04:00,45.434982900525455,45.908600707980916,44.471404551844,45.10834503173828,535800,0.0,0.0
2018-09-20 00:00:00-04:00,45.41864384638775,45.5786957158669,44.912359303936746,45.50030517578125,455400,0.0,0.0
2018-09-21 00:00:00-04:00,45.606466403609176,45.818776162017805,44.58572959005616,45.32882308959961,1140000,0.0,0.0
2018-09-24 00:00:00-04:00,44.99402365459617,45.255331702502886,44.128438175999115,44.73271560668945,638400,0.0,0.0
2018-09-25 00:00:00-04:00,44.912359303936746,45.66035704526039,44.6673827918461,45.50030517578125,349200,0.0,0.0
2018-09-26 00:00:00-04:00,45.32065913916264,46.39855440184894,45.11651327193827,45.17367172241211,543000,0.0,0.0
2018-09-27 00:00:00-04:00,45.22266403949399,46.202570053454465,44.86336317408459,45.53296661376953,482400,0.0,0.0
2018-09-28 00:00:00-04:00,45.45131019219223,46.235238078395255,45.092013026053515,45.35332107543945,630000,0.0,0.0
2018-10-01 00:00:00-04:00,45.61789650364894,46.66639576021682,45.206333986634746,45.97393035888672,428400,0.0,0.0
2018-10-02 00:00:00-04:00,45.848171270090496,46.44264750506363,45.742014532556375,45.86286926269531,372000,0.0,0.0
2018-10-03 00:00:00-04:00,45.518276419275814,47.06162940326068,45.518276419275814,46.530845642089844,340800,0.0,0.0
2018-10-04 00:00:00-04:00,46.36099218190103,46.36099218190103,45.62769239901038,46.1617431640625,299400,0.0,0.0
2018-10-05 00:00:00-04:00,46.3168931150878,46.3168931150878,44.18069759317776,44.980953216552734,672600,0.0,0.0
2018-10-08 00:00:00-04:00,44.905832719780385,45.48071043496832,44.31952032420959,45.24879837036133,462000,0.0,0.0
2018-10-09 00:00:00-04:00,45.106710536830875,46.85747631799486,45.10018017194439,46.39691925048828,447600,0.0,0.0
2018-10-10 00:00:00-04:00,46.20421215084813,46.246672609518015,45.307597084603245,45.39088821411133,720000,0.0,0.0
2018-10-11 00:00:00-04:00,45.32393260497435,46.8721825871069,44.94993364505449,45.02832794189453,610800,0.0,0.0
2018-10-12 00:00:00-04:00,45.86450577296942,45.988627562441124,44.5448973332438,45.73875045776367,661200,0.0,0.0
2018-10-15 00:00:00-04:00,45.60972641763512,46.52103936545011,44.91726105361128,46.27442932128906,639600,0.0,0.0
2018-10-16 00:00:00-04:00,46.48185032666782,47.19718137923253,46.27443366508022,46.436119079589844,604200,0.0,0.0
2018-10-17 00:00:00-04:00,46.22870477580376,46.84768021434025,45.511740218817906,46.5275764465332,354600,0.0,0.0
2018-10-18 00:00:00-04:00,46.32832427639785,46.5455383336803,45.58523083346661,45.69791793823242,872400,0.0,0.0
2018-10-19 00:00:00-04:00,45.78121302604477,46.00169039773003,44.42404101869053,44.595523834228516,596400,0.0,0.0
2018-10-22 00:00:00-04:00,44.75884457134976,45.17367039678597,43.87366425937784,44.103939056396484,580800,0.0,0.0
2018-10-23 00:00:00-04:00,43.57152694395688,43.57152694395688,42.01020897025709,42.40053939819336,968400,0.0,0.0
2018-10-24 00:00:00-04:00,42.299283123215375,43.08810786807706,40.953541963134896,41.02540588378906,758400,0.0,0.0
2018-10-25 00:00:00-04:00,41.45492494875939,42.83005820081154,40.992734392320415,42.299278259277344,906000,0.0,0.0
2018-10-26 00:00:00-04:00,42.135965104822,42.135965104822,40.213716392278904,40.78696060180664,1014600,0.0,0.0
2018-10-29 00:00:00-04:00,41.26221219187573,41.67050763878797,38.513575332392065,39.19624328613281,856200,0.0,0.0
2018-10-30 00:00:00-04:00,39.08029243346675,39.91157765268947,38.556042784702996,39.833187103271484,853800,0.0,0.0
2018-10-31 00:00:00-04:00,40.59424896630476,41.49413112928163,40.283946318952324,40.76573181152344,1033200,0.0,0.0
2018-11-01 00:00:00-04:00,42.771266115680014,45.09037530548612,40.831048889678215,44.200294494628906,2179800,0.0,0.0
2018-11-02 00:00:00-04:00,44.37668488449239,45.12141193901706,43.40820964419817,45.07405090332031,1262400,0.0,0.0
2018-11-05 00:00:00-05:00,45.25859343451753,45.64565675268326,43.442498042464116,43.788734436035156,786000,0.0,0.0
2018-11-06 00:00:00-05:00,43.672779770303045,44.59715718290846,43.672779770303045,43.89325714111328,718200,0.0,0.0
2018-11-07 00:00:00-05:00,44.726186490116525,45.37129092212095,44.014122447440435,45.11488342285156,721200,0.0,0.0
2018-11-08 00:00:00-05:00,44.91400108918272,45.403954203465624,44.432215604559154,44.781715393066406,561000,0.0,0.0
2018-11-09 00:00:00-05:00,44.50569863082889,44.814371436971,42.998279641097064,43.2791862487793,682800,0.0,0.0
2018-11-12 00:00:00-05:00,43.45883511483349,43.67931623561466,42.287847595410106,42.51322555541992,607800,0.0,0.0
2018-11-13 00:00:00-05:00,42.48382956786718,43.29715344524823,42.28458428193941,42.51322555541992,442800,0.0,0.0
2018-11-14 00:00:00-05:00,42.54425560711867,43.54049317596839,42.194755882105966,42.297645568847656,410400,0.0,0.0
2018-11-15 00:00:00-05:00,42.38093870815427,42.81699662240843,41.572515430274095,42.78923416137695,426000,0.0,0.0
2018-11-16 00:00:00-05:00,42.542623166451826,43.39350687983728,41.93181539491965,43.2791862487793,746400,0.0,0.0
2018-11-19 00:00:00-05:00,43.21548999697508,44.10067401225368,42.640612313769935,43.29388427734375,914400,0.0,0.0
2018-11-20 00:00:00-05:00,42.68797528455921,43.15996329976711,42.02000903561206,42.5801887512207,827400,0.0,0.0
2018-11-21 00:00:00-05:00,42.85129205316968,43.75770442159326,42.85129205316968,43.10933303833008,382800,0.0,0.0
2018-11-23 00:00:00-05:00,43.03421401977539,43.98798751760377,42.41360503231706,43.03421401977539,149400,0.0,0.0
2018-11-26 00:00:00-05:00,43.561727730880555,44.32768682301499,43.40004232628055,44.22316360473633,511800,0.0,0.0
2018-11-27 00:00:00-05:00,43.89489539372372,44.45834219297008,43.627056963787346,43.891632080078125,328800,0.0,0.0
2018-11-28 00:00:00-05:00,44.198667357143755,45.55583949614049,43.70871427205663,45.274932861328125,536400,0.0,0.0
2018-11-29 00:00:00-05:00,45.17857410082731,45.59503348082894,43.94879079499472,45.3255615234375,358800,0.0,0.0
2018-11-30 00:00:00-05:00,45.4480417806335,46.29239507270576,45.193264124783475,45.36311340332031,501000,0.0,0.0
2018-12-03 00:00:00-05:00,46.22543543013488,46.37568988995462,45.32882046244446,45.82204055786133,410400,0.0,0.0
2018-12-04 00:00:00-05:00,45.84000807043372,46.589635670058215,43.903061411786936,44.050048828125,722400,0.0,0.0
2018-12-06 00:00:00-05:00,43.841377233419884,44.363883997048866,41.899223774990595,44.102630615234375,832200,0.271667,0.0
2018-12-07 00:00:00-05:00,44.053339053489346,44.564345383480074,42.628765717203656,43.12498092651367,1715400,0.0,0.0
2018-12-10 00:00:00-05:00,43.16112179225952,44.025396191374504,42.48909055925768,42.919586181640625,516000,0.0,0.0
2018-12-11 00:00:00-05:00,43.49303705513863,44.07469698673634,42.99846157946874,43.44374084472656,486000,0.0,0.0
2018-12-12 00:00:00-05:00,43.86602181323265,45.10163884649504,43.86602181323265,44.579132080078125,502800,0.0,0.0
2018-12-13 00:00:00-05:00,44.56269829964098,44.740154125639044,43.476602154069475,43.54561233520508,358200,0.0,0.0
2018-12-14 00:00:00-05:00,43.17263073108266,43.476602719265756,42.12925695111352,42.40858459472656,484800,0.0,0.0
2018-12-17 00:00:00-05:00,42.227844007636,44.196289036162675,41.202544449680595,41.77927780151367,540600,0.0,0.0
2018-12-18 00:00:00-05:00,42.56303288015245,42.77828070031404,41.77269899524635,41.78584289550781,520200,0.0,0.0
2018-12-19 00:00:00-05:00,42.02738392723194,42.75692119081964,40.540370619262085,40.642242431640625,478800,0.0,0.0
2018-12-20 00:00:00-05:00,40.63238522310382,40.86735078197979,39.39019822828497,40.16574478149414,478800,0.0,0.0
2018-12-21 00:00:00-05:00,40.10988332349787,40.65703821433487,38.40433883666992,38.40433883666992,1404600,0.0,0.0
2018-12-24 00:00:00-05:00,38.01819880172456,38.60314560370184,36.76122450932669,36.895957946777344,1313400,0.0,0.0
2018-12-26 00:00:00-05:00,37.195004218238,38.59000265859059,37.15885567157291,38.55878448486328,697200,0.0,0.0
2018-12-27 00:00:00-05:00,38.24823597958691,38.999138192069076,36.77437033537517,38.86933135986328,1095000,0.0,0.0
2018-12-28 00:00:00-05:00,38.8594720824741,39.58408268992868,38.115143744659306,38.96627426147461,656400,0.0,0.0
2018-12-31 00:00:00-05:00,39.357336609867836,40.081947326660156,38.75760236368467,40.081947326660156,763200,0.0,0.0
2019-01-02 00:00:00-05:00,39.52493012527389,40.5107940942742,38.99749305228963,39.83547592163086,664800,0.0,0.0
2019-01-03 00:00:00-05:00,39.49535954453915,39.49535954453915,38.139796445245736,38.22195053100586,675600,0.0,0.0
2019-01-04 00:00:00-05:00,38.81839549362762,39.735249326148455,38.21537438656365,39.65309524536133,730800,0.0,0.0
2019-01-07 00:00:00-05:00,39.73196085342618,41.20418298375367,39.654733387972364,41.00208282470703,811200,0.0,0.0
2019-01-08 00:00:00-05:00,41.324134458909846,41.65604145832286,40.82791553709749,41.45393753051758,502200,0.0,0.0
2019-01-09 00:00:00-05:00,41.5623850243729,42.037242778086764,40.91500181288241,41.915653228759766,1404600,0.0,0.0
2019-01-10 00:00:00-05:00,41.57881491958064,42.52853040595582,41.55088365971136,42.48252487182617,459000,0.0,0.0
2019-01-11 00:00:00-05:00,44.3408714942,44.3408714942,42.33792549429953,43.43059158325195,822600,0.0,0.0
2019-01-14 00:00:00-05:00,43.29914385396751,43.29914385396751,42.554819262710815,42.73720169067383,452400,0.0,0.0
2019-01-15 00:00:00-05:00,42.906445218004855,42.94916383519075,42.382295043425245,42.88015365600586,573600,0.0,0.0
2019-01-16 00:00:00-05:00,42.9787456164401,43.389519807780424,42.45952201419322,42.505531311035156,523800,0.0,0.0
2019-01-17 00:00:00-05:00,42.31821179829948,43.32708045329129,42.31821179829948,43.06747055053711,811200,0.0,0.0
2019-01-18 00:00:00-05:00,43.197275806855735,44.00897094912337,43.131552539192604,43.89395523071289,468600,0.0,0.0
2019-01-22 00:00:00-05:00,43.82165690437134,44.865026912000246,42.92287732939624,43.75100326538086,918000,0.0,0.0
2019-01-23 00:00:00-05:00,43.83972902300552,43.93995737453323,43.2169902037203,43.624481201171875,480600,0.0,0.0
2019-01-24 00:00:00-05:00,43.57354844695571,44.580773690299196,43.57354844695571,44.11741638183594,371400,0.0,0.0
2019-01-25 00:00:00-05:00,44.47068298637561,44.85352589388697,43.80193861112066,43.870948791503906,417000,0.0,0.0
2019-01-28 00:00:00-05:00,43.33858207947974,45.02933905007084,43.235066807089204,44.51668930053711,359400,0.0,3.0
2019-01-29 00:00:00-05:00,44.51176181662267,44.57584162376996,43.999112077126114,44.215999603271484,405400,0.0,0.0
2019-01-30 00:00:00-05:00,44.42303597934178,45.03920101797726,44.24558014735293,44.920894622802734,382000,0.0,0.0
2019-01-31 00:00:00-05:00,44.86174108368818,45.517337766659054,44.43781927500989,45.33988571166992,508600,0.0,0.0
2019-02-01 00:00:00-05:00,45.305383825115214,45.57649418002098,45.127927996811536,45.48776626586914,365200,0.0,0.0
2019-02-04 00:00:00-05:00,45.61100030679663,45.83774859016204,45.13285563416337,45.6208610534668,589800,0.0,0.0
2019-02-05 00:00:00-05:00,45.645500250417655,46.17293731459531,45.02440490730156,45.30044937133789,834000,0.0,0.0
2019-02-06 00:00:00-05:00,45.33988642693938,45.85746276376573,44.85681141846213,45.54691696166992,581200,0.0,0.0
2019-02-07 00:00:00-05:00,45.45818987981198,45.72930022476831,44.81245015987717,45.0638427734375,334600,0.0,0.0
2019-02-08 00:00:00-05:00,44.83709749665797,45.69479818538993,44.605418838255126,45.201866149902344,245600,0.0,0.0
2019-02-11 00:00:00-05:00,45.320167212270725,46.0398474480879,45.14271139951882,46.00041198730469,341800,0.0,0.0
2019-02-12 00:00:00-05:00,46.33561325073242,46.56236154513472,46.094077596378064,46.33561325073242,271600,0.0,0.0
2019-02-13 00:00:00-05:00,46.720090720374756,47.208092309359714,46.39968419316895,46.7989616394043,334200,0.0,0.0
2019-02-14 00:00:00-05:00,46.65601431279632,46.83839674496612,45.91661631658964,46.4341926574707,455600,0.0,0.0
2019-02-15 00:00:00-05:00,46.72502862093276,47.24260500755495,46.38490430917174,46.88276672363281,372800,0.0,0.0
2019-02-19 00:00:00-05:00,46.966562222309214,47.43977650979766,46.853189963842354,47.13908767700195,536800,0.0,0.0
2019-02-20 00:00:00-05:00,47.1390869311237,47.3756959515105,46.90741204464371,47.2771110534668,428800,0.0,0.0
2019-02-21 00:00:00-05:00,47.316541520831066,47.316541520831066,46.68065879096492,47.134159088134766,346200,0.0,0.0
2019-02-22 00:00:00-05:00,47.33625582310227,47.89819796027339,46.99120495318049,47.76017761230469,453800,0.0,0.0
2019-02-25 00:00:00-05:00,48.13481480334888,48.41578591773292,47.79962086331415,47.853843688964844,499400,0.0,0.0
2019-02-26 00:00:00-05:00,47.72567693156363,48.43550022753387,47.58765657085226,48.13481140136719,552400,0.0,0.0
2019-02-27 00:00:00-05:00,48.0312952573498,48.489722167531625,47.42991761595292,47.57286834716797,532200,0.0,0.0
2019-02-28 00:00:00-05:00,48.356631700718445,48.356631700718445,44.85681501744594,46.23702621459961,925600,0.0,0.0
2019-03-01 00:00:00-05:00,46.12364978906543,46.35532844434861,45.54198984459149,46.133506774902344,589800,0.0,0.0
2019-03-04 00:00:00-05:00,46.35039532051639,46.379970037045034,44.43782051595267,44.61527633666992,714200,0.0,0.0
2019-03-05 00:00:00-05:00,44.71386419680079,45.25116206758762,44.27515498893368,44.31459045410156,557000,0.0,0.0
2019-03-06 00:00:00-05:00,44.39838785637993,44.76808687941877,43.71814300786672,43.959678649902344,646400,0.0,0.0
2019-03-07 00:00:00-05:00,43.89559529350743,43.96460547137091,43.01817319066534,43.10197448730469,537600,0.0,0.0
2019-03-08 00:00:00-05:00,42.860438217491215,43.35830061747737,42.58439748598503,43.0723991394043,418400,0.0,0.0
2019-03-11 00:00:00-04:00,43.328724333875826,43.939958971887144,42.86043666896352,43.870948791503906,477800,0.0,0.0
2019-03-12 00:00:00-04:00,43.792074845611246,43.93009895763426,43.05760725601537,43.126617431640625,334200,0.0,0.0
2019-03-13 00:00:00-04:00,43.28436162165233,43.43224273930319,42.59918638069788,42.61890411376953,507600,0.0,0.0
2019-03-14 00:00:00-04:00,42.599184891889344,42.71256091289567,41.8252817595463,42.288639068603516,431000,0.0,0.0
2019-03-15 00:00:00-04:00,42.31821327483449,42.978744138953154,41.83021162678253,42.09146499633789,798200,0.0,0.0
2019-03-18 00:00:00-04:00,42.42172398736798,42.535099994813976,41.92386540715386,42.14568328857422,409400,0.0,0.0
2019-03-19 00:00:00-04:00,42.26398902453004,42.387222025689205,41.41121876254137,41.67740249633789,755800,0.0,0.0
2019-03-20 00:00:00-04:00,41.7414809831021,42.145685063691396,40.93800319483034,41.618247985839844,603400,0.0,0.0
2019-03-21 00:00:00-04:00,41.381640351096145,42.74706411215536,41.381640351096145,42.63861846923828,446400,0.0,0.0
2019-03-22 00:00:00-04:00,42.30835380387846,42.65340469419722,41.790773707627686,41.80556106567383,398000,0.0,0.0
2019-03-25 00:00:00-04:00,41.77598984346791,42.75692353721846,41.52952382669229,42.40201187133789,396400,0.0,0.0
2019-03-26 00:00:00-04:00,42.90973584888887,43.47660468973933,42.259065702538116,42.786502838134766,448200,0.0,0.0
2019-03-27 00:00:00-04:00,42.78157182206112,43.0822606646463,41.761202658775126,42.23441696166992,443200,0.0,0.0
2019-03-28 00:00:00-04:00,42.45623172339269,43.74771491475431,42.45623172339269,43.57025909423828,529000,0.0,0.0
2019-03-29 00:00:00-04:00,43.5801191107014,44.91596435444304,43.5801191107014,44.492042541503906,827400,0.0,0.0
2019-04-01 00:00:00-04:00,44.77301593825763,45.17228966797001,44.27515354883224,44.684288024902344,382200,0.0,0.0
2019-04-02 00:00:00-04:00,44.68428903688229,44.68428903688229,44.01390117874269,44.29487228393555,382000,0.0,0.0
2019-04-03 00:00:00-04:00,44.62020445589568,45.00469458761715,44.38852956730899,44.684288024902344,414200,0.0,0.0
2019-04-04 00:00:00-04:00,44.77301335087753,44.77301335087753,44.260363632313826,44.565982818603516,276000,0.0,0.0
2019-04-05 00:00:00-04:00,44.61034490751183,45.389178351023986,44.61034490751183,45.3497428894043,395000,0.0,0.0
2019-04-08 00:00:00-04:00,45.34481573343129,45.51241457681873,44.88638880170462,45.23637008666992,279000,0.0,0.0
2019-04-09 00:00:00-04:00,45.147642227200116,45.17722070593568,44.04347554757637,44.19135665893555,335200,0.0,0.0
2019-04-10 00:00:00-04:00,44.35895192875192,45.46804898630253,44.35895192875192,45.24623107910156,385600,0.0,0.0
2019-04-11 00:00:00-04:00,45.35467691883347,45.744093671984665,45.15257298231822,45.25608825683594,374400,0.0,0.0
2019-04-12 00:00:00-04:00,45.433540085557645,46.168011449843505,45.32509444729946,46.02998733520508,336000,0.0,0.0
2019-04-15 00:00:00-04:00,46.03492351489116,46.29125028506576,45.034272062369446,45.596214294433594,322200,0.0,0.0
2019-04-16 00:00:00-04:00,45.79831131661358,46.36025346374495,45.63564286329332,46.064491271972656,347200,0.0,0.0
2019-04-17 00:00:00-04:00,46.192658277272386,46.21730638211963,45.507483083174165,45.79338455200195,364400,0.0,0.0
2019-04-18 00:00:00-04:00,45.75395044874348,46.35532812147547,45.38425142968099,45.507484436035156,364600,0.0,0.0
2019-04-22 00:00:00-04:00,45.152567269086965,45.2955179903159,44.40823894847161,44.56105041503906,670400,0.0,0.0
2019-04-23 00:00:00-04:00,44.72372442930963,44.90117649897912,44.06812393132925,44.11741638183594,1459000,0.0,0.0
2019-04-24 00:00:00-04:00,44.230790642633316,46.05956793730162,43.86601824969872,45.42861557006836,1481400,0.0,0.0
2019-04-25 00:00:00-04:00,47.4003450056545,48.55380413111093,46.360258139141465,46.4489860534668,1344600,0.0,0.0
2019-04-26 00:00:00-04:00,46.73981437380981,49.40164805605192,46.700378909297086,49.24884033203125,1022600,0.0,0.0
2019-04-29 00:00:00-04:00,49.14531891003577,50.37272229815038,48.89885290996383,50.18540573120117,918600,0.0,0.0
2019-04-30 00:00:00-04:00,50.07203455801265,50.35300565372856,49.5840291595802,49.71219253540039,1089200,0.0,0.0
2019-05-01 00:00:00-04:00,49.83049448888134,50.195266879668665,48.21860849022783,48.89885330200195,960800,0.0,0.0
2019-05-02 00:00:00-04:00,48.73125845699582,50.239629193238706,48.405921527578,49.692474365234375,1589000,0.0,0.0
2019-05-03 00:00:00-04:00,50.03753040009601,50.56989412347544,49.6727579975623,50.45159149169922,622200,0.0,0.0
2019-05-06 00:00:00-04:00,49.80584886125215,50.22977067470863,49.071381247098664,49.100955963134766,748400,0.0,0.0
2019-05-07 00:00:00-04:00,48.77562282794912,48.94815204693927,46.82854281520503,47.0947265625,844400,0.0,0.0
2019-05-08 00:00:00-04:00,46.96656210526849,47.77497031447663,46.828541741858245,47.30668640136719,583000,0.0,0.0
2019-05-09 00:00:00-04:00,46.88769308646651,48.267900426841074,46.64615369926349,47.91791915893555,608800,0.0,0.0
2019-05-10 00:00:00-04:00,47.61723357321909,48.40099746026351,46.779250622526874,48.06580352783203,444200,0.0,0.0
2019-05-13 00:00:00-04:00,47.10458143358087,47.42991836370406,46.52292151429591,47.17359161376953,468800,0.0,0.0
2019-05-14 00:00:00-04:00,47.18345280622283,47.49399862000901,46.90741208285735,46.93205642700195,289600,0.0,0.0
2019-05-15 00:00:00-04:00,46.54263870261882,47.50878497475545,46.281385343415124,47.32147216796875,355400,0.0,0.0
2019-05-16 00:00:00-04:00,47.429915177067436,48.36648668055382,47.36090500151531,48.07072448730469,450000,0.0,0.0
2019-05-17 00:00:00-04:00,47.750327380666654,48.39113676696973,47.424990433783236,47.72074890136719,392400,0.0,0.0
2019-05-20 00:00:00-04:00,47.39540944936513,48.00664403633367,46.941912941639195,47.7798957824707,375600,0.0,0.0
2019-05-21 00:00:00-04:00,48.14959538407827,48.637596985457044,47.95735221502686,48.15452575683594,767200,0.0,0.0
2019-05-22 00:00:00-04:00,47.92285125127183,48.23832744100567,47.13416077693723,47.474281311035156,360000,0.0,0.0
2019-05-23 00:00:00-04:00,47.158803349628585,47.64187836244498,46.80882208231493,46.956703186035156,638000,0.0,0.0
2019-05-24 00:00:00-04:00,47.296825729310314,47.69610322211508,46.97149255229949,47.4841423034668,355800,0.0,0.0
2019-05-28 00:00:00-04:00,47.582724175085815,48.12002199732719,47.30175309250335,47.34611892700195,338000,0.0,0.0
2019-05-29 00:00:00-04:00,46.99120581622159,47.429914970653364,46.616576464302916,47.19330596923828,671200,0.0,0.0
2019-05-30 00:00:00-04:00,47.37076291720335,47.83905055853568,46.951771482896326,47.50385665893555,607600,0.0,0.0
2019-05-31 00:00:00-04:00,46.93698696307833,48.65238826533703,46.749670390910524,48.593238830566406,757200,0.0,0.0
2019-06-03 00:00:00-04:00,49.78613177074139,49.9340128743695,48.667177790634014,48.86927795410156,776200,0.0,0.0
2019-06-04 00:00:00-04:00,49.38685923123616,50.7227045255798,48.66224857560644,50.663551330566406,1050600,0.0,0.0
2019-06-05 00:00:00-04:00,51.654346861129945,54.21266525006304,51.16634521402478,53.764095306396484,1517200,0.0,0.0
2019-06-06 00:00:00-04:00,53.79366953483413,54.454200391662745,53.48805409190741,54.350685119628906,839600,0.0,0.0
2019-06-07 00:00:00-04:00,55.10980154920073,56.179463134069756,54.710524054161745,55.34147644042969,641800,0.0,0.0
2019-06-10 00:00:00-04:00,55.53372128358465,56.628027171598205,55.53372128358465,56.287906646728516,592600,0.0,0.0
2019-06-11 00:00:00-04:00,56.623100232928955,56.864635860079176,55.08022066497036,55.57808303833008,862000,0.0,0.0
2019-06-12 00:00:00-04:00,55.68652734702349,56.39142024106579,55.62737415452062,56.38648986816406,390600,0.0,0.0
2019-06-13 00:00:00-04:00,56.66252844501328,57.0026527077474,55.824545600354476,56.2041015625,368000,0.0,0.0
2019-06-14 00:00:00-04:00,56.11045426024194,56.77098137977671,55.9724338926241,56.445648193359375,290400,0.0,0.0
2019-06-17 00:00:00-04:00,56.490006812431055,56.67732338053453,56.061158376557806,56.287906646728516,291800,0.0,0.0
2019-06-18 00:00:00-04:00,56.608307661623485,57.15546246882578,56.31254922116153,57.076595306396484,339200,0.0,0.0
2019-06-19 00:00:00-04:00,56.72168718844633,57.50052067985102,54.47391838871923,57.15053939819336,432800,0.0,0.0
2019-06-20 00:00:00-04:00,57.47587020312462,57.742053933283984,55.83933612052356,55.91327667236328,741600,0.0,0.0
2019-06-21 00:00:00-04:00,55.671743560051404,56.07101729293178,55.01614307065625,55.33161926269531,839200,0.0,0.0
2019-06-24 00:00:00-04:00,55.050649468523645,55.351338308819905,54.345756512533335,54.60700988769531,491600,0.0,0.0
2019-06-25 00:00:00-04:00,54.82883015535663,55.040791074062874,53.51762917899407,53.93169403076172,444400,0.0,0.0
2019-06-26 00:00:00-04:00,53.95140439653508,55.04571400785097,53.54227370609091,54.72530746459961,517800,0.0,0.0
2019-06-27 00:00:00-04:00,54.878122410276504,55.99707643524955,54.616869042727934,55.92806625366211,499600,0.0,0.0
2019-06-28 00:00:00-04:00,55.97242853790536,56.95829251031569,55.57808144463219,56.721683502197266,1039400,0.0,0.0
2019-07-01 00:00:00-04:00,57.180115446201626,57.682904461764345,56.65760869815781,57.38714599609375,597600,0.0,0.0
2019-07-02 00:00:00-04:00,57.56953234162799,58.05260362588994,57.1554674800591,57.74205780029297,370400,0.0,0.0
2019-07-03 00:00:00-04:00,57.85050350090258,58.51596099107975,57.77163257071447,58.18076705932617,228800,0.0,0.0
2019-07-05 00:00:00-04:00,57.89979400683301,58.56032486226366,57.751916658857425,58.35329055786133,245600,0.0,0.0
2019-07-08 00:00:00-04:00,57.8258497512533,58.60468318736891,57.82092313917709,58.26948928833008,361600,0.0,0.0
2019-07-09 00:00:00-04:00,57.924439820453834,58.51595671050205,57.377285004811526,57.6385383605957,273000,0.0,0.0
2019-07-10 00:00:00-04:00,57.855428292448984,58.01809298891572,56.95829223236443,57.663185119628906,498600,0.0,0.0
2019-07-11 00:00:00-04:00,57.70755153085205,57.786422459359535,56.24354282719442,56.55409240722656,366200,0.0,0.0
2019-07-12 00:00:00-04:00,56.72661682897907,58.175834386561434,56.45550271813956,57.988521575927734,316600,0.0,0.0
2019-07-15 00:00:00-04:00,58.21034235962441,58.52582232275741,57.55967222216025,57.77163314819336,223000,0.0,0.0
2019-07-16 00:00:00-04:00,57.594174728628616,58.3828689598939,57.594174728628616,58.17583465576172,312000,0.0,0.0
2019-07-17 00:00:00-04:00,58.165978043856285,58.165978043856285,57.372357195107945,57.75684356689453,339400,0.0,0.0
2019-07-18 00:00:00-04:00,57.8110648467889,58.38286777679163,57.52516338178754,58.03288650512695,289600,0.0,0.0
2019-07-19 00:00:00-04:00,57.91457862682969,57.92936598485068,57.037160283705866,57.0963134765625,315000,0.0,0.0
2019-07-22 00:00:00-04:00,57.05688287379103,57.520240188697244,56.73647629988297,57.406864166259766,386600,0.0,0.0
2019-07-23 00:00:00-04:00,57.569530345126424,58.54553362645379,57.09631606315364,58.52088928222656,434800,0.0,0.0
2019-07-24 00:00:00-04:00,58.67862887815868,59.871523479546774,58.21527156986211,59.634918212890625,837000,0.0,0.0
2019-07-25 00:00:00-04:00,59.26521686745779,59.90602622021424,58.63919111241771,58.65890884399414,439400,0.0,0.0
2019-07-26 00:00:00-04:00,58.80185735809727,59.73349851547891,58.80185735809727,59.1666259765625,416400,0.0,0.0
2019-07-29 00:00:00-04:00,59.28493361608739,59.955321478006226,58.7229914025338,59.832088470458984,577600,0.0,0.0
2019-07-30 00:00:00-04:00,59.260286512213334,60.65528499529027,59.008890135504146,60.48768615722656,449200,0.0,0.0
2019-07-31 00:00:00-04:00,60.403889942718514,60.5221925740333,58.91523314218511,58.97931671142578,961800,0.0,0.0
2019-08-01 00:00:00-04:00,65.42685910837622,65.42685910837622,59.8616604054197,62.22280502319336,1021400,0.0,0.0
2019-08-02 00:00:00-04:00,62.1390088903654,62.1390088903654,59.146911696123595,59.32436752319336,763600,0.0,0.0
2019-08-05 00:00:00-04:00,57.78149381880741,58.53567923160462,56.13509886418601,56.63296127319336,610200,0.0,0.0
2019-08-06 00:00:00-04:00,57.19983211892221,58.649053462862724,56.64774690199895,58.382869720458984,471600,0.0,0.0
2019-08-07 00:00:00-04:00,57.337851394352356,58.397655970623866,57.08152840325945,57.811065673828125,491000,0.0,0.0
2019-08-08 00:00:00-04:00,58.49624311993963,59.88631129464161,58.18076692148052,59.832088470458984,560400,0.0,0.0
2019-08-09 00:00:00-04:00,59.52646914191601,59.856732678048374,58.70820021992189,59.65462875366211,404600,0.0,0.0
2019-08-12 00:00:00-04:00,59.00889173185034,59.1518424691101,58.343434256227425,58.382869720458984,238400,0.0,0.0
2019-08-13 00:00:00-04:00,58.161045912448394,59.94053074204424,58.161045912448394,59.32929611206055,364200,0.0,0.0
2019-08-14 00:00:00-04:00,58.4370888242411,59.092685511692956,57.16532338951375,57.6927604675293,471200,0.0,0.0
2019-08-15 00:00:00-04:00,57.692764840305614,57.90965613544096,57.04209471567247,57.544883728027344,268200,0.0,0.0
2019-08-16 00:00:00-04:00,58.096968319185734,58.80679163315729,57.677976853322534,58.560325622558594,249600,0.0,0.0
2019-08-19 00:00:00-04:00,59.44759961834363,60.56162701329472,59.10254871585881,59.36873245239258,386400,0.0,0.0
2019-08-20 00:00:00-04:00,59.04339445477977,59.73843038108667,58.742705633426496,59.580692291259766,297000,0.0,0.0
2019-08-21 00:00:00-04:00,60.27572688697611,60.43346498316266,59.60533903799004,59.86659240722656,377200,0.0,0.0
2019-08-22 00:00:00-04:00,60.034190193288765,61.16793156443483,59.37858971473766,61.12356948852539,390800,0.0,0.0
2019-08-23 00:00:00-04:00,60.63063295290779,60.719360858879526,59.54125373894906,59.7877197265625,519400,0.0,0.0
2019-08-26 00:00:00-04:00,60.56655933289975,61.266521906591706,59.8271612945785,61.024986267089844,598800,0.0,0.0
2019-08-27 00:00:00-04:00,61.5573493933511,61.5573493933511,60.28558763808675,60.9116096496582,440200,0.0,0.0
2019-08-28 00:00:00-04:00,60.66514071501321,61.512984351502126,59.654628616943185,61.473548889160156,429400,0.0,0.0
2019-08-29 00:00:00-04:00,61.72494534305653,62.36082807127242,61.4735489712566,61.651004791259766,346800,0.0,0.0
2019-08-30 00:00:00-04:00,61.90732922983261,62.39533462669367,60.665142221397154,60.7588005065918,353600,0.0,0.0
2019-09-03 00:00:00-04:00,60.61092255371488,60.61092255371488,58.52582215233735,59.24550247192383,433200,0.0,0.0
2019-09-04 00:00:00-04:00,59.87152244925108,60.73908385386436,59.47224871815665,60.54684066772461,409400,0.0,0.0
2019-09-05 00:00:00-04:00,61.02498478232699,62.277028787274745,61.02498478232699,61.133426666259766,518600,0.0,0.0
2019-09-06 00:00:00-04:00,61.73973385620118,61.96155175496824,61.21229675931763,61.61650085449219,435200,0.0,0.0
2019-09-09 00:00:00-04:00,61.72987519264331,61.85803480318018,60.17713866116757,61.45383071899414,460000,0.0,0.0
2019-09-10 00:00:00-04:00,61.11370966609549,61.17285909789566,59.196200768499786,60.472896575927734,532600,0.0,0.0
2019-09-11 00:00:00-04:00,60.817951127929405,61.562279529361504,60.52712304199755,60.64049530029297,436600,0.0,0.0
2019-09-12 00:00:00-04:00,60.51233389912883,61.68058034239139,60.23628941940338,60.90667724609375,387600,0.0,0.0
2019-09-13 00:00:00-04:00,61.13835640271212,61.79395687649729,61.010193027506325,61.36510467529297,342800,0.0,0.0
2019-09-16 00:00:00-04:00,60.93625127356867,61.98619501214278,60.62570172665322,60.877098083496094,341400,0.0,0.0
2019-09-17 00:00:00-04:00,60.724296558692686,61.44397685436527,60.69964845346008,60.98554992675781,326200,0.0,0.0
2019-09-18 00:00:00-04:00,60.58627268126328,61.41932518683429,60.58627268126328,61.17285919189453,300000,0.0,0.0
2019-09-19 00:00:00-04:00,61.345388194207686,62.10943432714439,60.95104483589587,60.98554992675781,304600,0.0,0.0
2019-09-20 00:00:00-04:00,61.06934571373294,61.51298526977106,60.13277415337975,60.645423889160156,853600,0.0,0.0
2019-09-23 00:00:00-04:00,60.413746034857915,61.47848098326269,60.16235341712855,60.76865768432617,380600,0.0,0.0
2019-09-24 00:00:00-04:00,61.00526663996449,61.517916381903845,59.92574433409787,60.068695068359375,356800,0.0,0.0
2019-09-25 00:00:00-04:00,60.08841356112501,61.16300550748336,59.72364492194584,60.97568893432617,690000,0.0,0.0
2019-09-26 00:00:00-04:00,60.75386702404902,61.093991296434126,59.856730963658265,60.443321228027344,538800,0.0,0.0
2019-09-27 00:00:00-04:00,60.65528508504071,60.8672459988988,59.807441429608346,60.142635345458984,450600,0.0,0.0
2019-09-30 00:00:00-04:00,60.211644017211604,61.07920538252022,60.13770346571398,60.857383728027344,423600,0.0,0.0
2019-10-01 00:00:00-04:00,60.93625509288327,61.6411480021459,60.58134345174786,60.615848541259766,306000,0.0,0.0
2019-10-02 00:00:00-04:00,60.08841259592963,60.80316250403622,59.58069322883385,60.58134460449219,341000,0.0,0.0
2019-10-03 00:00:00-04:00,60.28558586760966,61.22215367084977,59.7778627421321,61.177791595458984,349800,0.0,0.0
2019-10-04 00:00:00-04:00,61.3404618063086,63.37133932294169,61.22215541368646,63.26289367675781,439600,0.0,0.0
2019-10-07 00:00:00-04:00,63.13473413282615,63.66710161792773,62.22281064641151,63.44034957885742,425600,0.0,0.0
2019-10-08 00:00:00-04:00,63.44034027162499,64.72196634642333,62.410114304366004,63.96778106689453,910400,0.0,0.0
2019-10-09 00:00:00-04:00,64.519863893806,64.70718044535596,62.873472953845805,64.12059020996094,757400,0.0,0.0
2019-10-10 00:00:00-04:00,63.94314496705023,64.55931001836582,63.72625366553978,63.81991195678711,509600,0.0,0.0
2019-10-11 00:00:00-04:00,63.80511339652752,65.30362322878891,63.80511339652752,64.69731903076172,608200,0.0,0.0
2019-10-14 00:00:00-04:00,64.30791583480568,64.74662503990383,63.78047495325335,64.27340698242188,470600,0.0,0.0
2019-10-15 00:00:00-04:00,64.62831295507111,64.78604727931376,63.810044053523264,64.01707458496094,609200,0.0,0.0
2019-10-16 00:00:00-04:00,63.82484075883141,64.1551043350801,62.79461456286283,64.09595489501953,619200,0.0,0.0
2019-10-17 00:00:00-04:00,64.2043887454156,64.8402676737983,63.83961638183134,63.908626556396484,469400,0.0,0.0
2019-10-18 00:00:00-04:00,63.553725145183954,64.82549072774512,63.49950984075299,64.7269058227539,1725200,0.0,0.0
2019-10-21 00:00:00-04:00,65.34306890401761,65.83107432304745,64.38185294672783,64.46072387695312,579000,0.0,0.0
2019-10-22 00:00:00-04:00,64.56422726986943,65.05715923945182,64.17481432337911,64.7022476196289,435000,0.0,0.0
2019-10-23 00:00:00-04:00,64.51000937580383,65.06702495083815,64.31776619385636,64.75154876708984,469600,0.0,0.0
2019-10-24 00:00:00-04:00,64.71703903579389,65.61417888704054,64.65788960262876,65.234619140625,268400,0.0,0.0
2019-10-25 00:00:00-04:00,65.06702297564104,66.00852488598974,65.06702297564104,65.79163360595703,716400,0.0,0.0
2019-10-28 00:00:00-04:00,65.94443868737832,66.70355813718622,65.65853724070803,65.93457794189453,501600,0.0,0.0
2019-10-29 00:00:00-04:00,65.8212040672384,66.47187786527577,65.3233454950151,65.4268569946289,383800,0.0,0.0
2019-10-30 00:00:00-04:00,65.41701067607634,66.02824155767243,64.42128590498048,65.74234008789062,559200,0.0,0.0
2019-10-31 00:00:00-04:00,65.06702351501492,66.15147240262277,61.70522745050339,64.07623291015625,1178400,0.0,0.0
2019-11-01 00:00:00-04:00,64.35226782477801,64.77125547096571,62.676298436165524,63.6424446105957,566600,0.0,0.0
2019-11-04 00:00:00-05:00,63.57836982398305,63.57836982398305,61.11371348512744,61.25666046142578,927400,0.0,0.0
2019-11-05 00:00:00-05:00,61.26652264492574,61.66579638698361,60.15249520074663,60.709510803222656,836600,0.0,0.0
2019-11-06 00:00:00-05:00,61.20244199955036,61.690443651047765,60.15742475317788,60.32501983642578,617600,0.0,0.0
2019-11-07 00:00:00-05:00,60.709507698473736,61.37003478171647,60.04404648137909,60.91653823852539,792000,0.0,0.0
2019-11-08 00:00:00-05:00,61.35032082929964,62.641804119182666,61.11371555774385,61.70030212402344,353400,0.0,0.0
2019-11-11 00:00:00-05:00,61.64608151221578,62.52843034077576,61.429193965632244,62.23760223388672,380200,0.0,0.0
2019-11-12 00:00:00-05:00,62.2819601765321,62.63687183380507,61.71508759954184,62.0502815246582,420800,0.0,0.0
2019-11-13 00:00:00-05:00,61.74466493017362,62.715741596387126,61.43904572858794,62.08478546142578,371400,0.0,0.0
2019-11-14 00:00:00-05:00,61.902399036804475,62.83404017943426,61.902399036804475,62.336177825927734,434000,0.0,0.0
2019-11-15 00:00:00-05:00,62.7354540120619,62.76010211638151,61.8038128325257,62.3608283996582,343800,0.0,0.0
2019-11-18 00:00:00-05:00,62.26224322492333,63.5685176114569,62.26224322492333,63.21853256225586,389600,0.0,0.0
2019-11-19 00:00:00-05:00,63.42063222990312,63.46006769205624,62.676303865046684,62.937557220458984,387000,0.0,0.0
2019-11-20 00:00:00-05:00,62.6664426119898,64.02200934693168,62.6664426119898,63.785396575927734,519200,0.0,0.0
2019-11-21 00:00:00-05:00,64.04172814605607,64.04172814605607,63.065724837092674,63.21853256225586,548200,0.0,0.0
2019-11-22 00:00:00-05:00,63.52414720616868,63.72625114016216,63.19388365433691,63.35655212402344,962800,0.0,0.0
2019-11-25 00:00:00-05:00,63.60793837792855,65.45150666155972,63.588224408521974,64.88956451416016,1078000,0.0,0.0
2019-11-26 00:00:00-05:00,65.16561400516076,65.54024716832386,64.15017520899006,64.59381103515625,844400,0.0,0.0
2019-11-27 00:00:00-05:00,64.75154276631744,66.16132847713054,64.69731994968829,65.25926208496094,728600,0.0,0.0
2019-11-29 00:00:00-05:00,65.08180713999079,65.28883766398663,64.01707228383081,64.0860824584961,188200,0.0,0.0
2019-12-02 00:00:00-05:00,64.13538647402409,64.16003457973713,63.02628941084973,63.918495178222656,355400,0.0,0.0
2019-12-03 00:00:00-05:00,63.341760792999544,63.933277677418886,63.03614160494505,63.785396575927734,348600,0.0,0.0
2019-12-04 00:00:00-05:00,63.81497424551263,64.60859499444342,63.62765769559582,64.00721740722656,361400,0.0,0.0
2019-12-05 00:00:00-05:00,64.26518890251961,64.4880113155661,63.903733353131415,64.23548126220703,314400,0.2905,0.0
2019-12-06 00:00:00-05:00,64.62665604812288,65.42384385287697,63.76014789318806,65.06733703613281,504600,0.0,0.0
2019-12-09 00:00:00-05:00,65.0227749148652,65.30995382317094,64.68607067785794,64.92869567871094,354400,0.0,0.0
2019-12-10 00:00:00-05:00,64.88412192844993,65.31490537019369,64.66130707532778,65.30500030517578,248800,0.0,0.0
2019-12-11 00:00:00-05:00,65.47830352498018,66.14674806986126,65.18616077841438,66.12694549560547,288600,0.0,0.0
2019-12-12 00:00:00-05:00,66.00315853412032,67.26578607976495,65.76053355656995,66.55277252197266,532400,0.0,0.0
2019-12-13 00:00:00-05:00,66.49335323249207,67.10239008618747,66.20121802612827,67.0677261352539,631000,0.0,0.0
2019-12-16 00:00:00-05:00,67.8054933893473,68.04316205117233,66.89442388955925,67.00335693359375,459400,0.0,0.0
2019-12-17 00:00:00-05:00,67.05782118871949,67.23607458798371,66.2012181433934,66.64189910888672,306800,0.0,0.0
2019-12-18 00:00:00-05:00,66.85977238206053,66.86967744845687,66.03782564425876,66.07743835449219,394400,0.0,0.0
2019-12-19 00:00:00-05:00,66.29529140462694,66.8894668302079,65.81499777640597,66.86470794677734,344400,0.0,0.0
2019-12-20 00:00:00-05:00,67.06772799623162,67.6074369630356,66.0378202798797,66.43888854980469,862400,0.0,0.0
2019-12-23 00:00:00-05:00,66.61714230915314,67.12219488210788,66.23588416837731,66.38442993164062,374800,0.0,0.0
2019-12-24 00:00:00-05:00,66.30025323862228,66.51317061170796,65.8595722258843,66.07743835449219,140400,0.0,0.0
2019-12-26 00:00:00-05:00,66.21111886353613,67.11228331070038,65.9239324304935,66.9637451171875,358000,0.0,0.0
2019-12-27 00:00:00-05:00,66.98850298040078,67.48365048801226,66.7706444235469,67.42918395996094,265400,0.0,0.0
2019-12-30 00:00:00-05:00,67.40442437460578,68.06792014027002,66.80034388486656,67.96393585205078,350000,0.0,0.0
2019-12-31 00:00:00-05:00,67.93919092950198,68.41452829241933,67.74608370918845,67.93423461914062,634400,0.0,0.0
2020-01-02 00:00:00-05:00,68.26598407164558,68.26598407164558,66.31015293868187,67.23607635498047,533200,0.0,0.0
2020-01-03 00:00:00-05:00,66.49830672710178,67.12218981932887,65.63179865466651,66.81520080566406,523800,0.0,0.0
2020-01-06 00:00:00-05:00,66.34976024822748,67.00830728270645,65.96849458503425,66.55277252197266,293800,0.0,0.0
2020-01-07 00:00:00-05:00,66.23588381495776,66.89937965792876,65.73083124469787,66.43888854980469,273600,0.0,0.0
2020-01-08 00:00:00-05:00,66.36956460133582,67.9688963945157,66.36956460133582,67.1469497680664,527200,0.0,0.0
2020-01-09 00:00:00-05:00,67.4539382428692,68.16695181402474,67.29549498002955,67.92928314208984,318800,0.0,0.0
2020-01-10 00:00:00-05:00,67.92928960333207,68.275891356903,66.8795792767025,67.22618103027344,314800,0.0,0.0
2020-01-13 00:00:00-05:00,67.4737462088346,69.2265648855841,67.1419983186576,69.16219329833984,614200,0.0,0.0
2020-01-14 00:00:00-05:00,68.90472793821837,69.81579752526376,68.50365967192944,69.3652114868164,382200,0.0,0.0
2020-01-15 00:00:00-05:00,69.28103443509445,70.91502262875277,68.89482000545624,69.66230010986328,467200,0.0,0.0
2020-01-16 00:00:00-05:00,70.03366204001026,71.39036132419362,69.8306497562737,71.28638458251953,356000,0.0,0.0
2020-01-17 00:00:00-05:00,71.71716653490152,71.94493772338335,71.02891176942725,71.86076354980469,272400,0.0,0.0
2020-01-21 00:00:00-05:00,71.42502360122535,72.15783975213827,70.78628667985649,70.93978118896484,385200,0.0,0.0
2020-01-22 00:00:00-05:00,71.19725647523097,72.09347980647644,70.11783854005613,70.4248275756836,295000,0.0,0.0
2020-01-23 00:00:00-05:00,69.9692941313991,71.15269638996071,69.55337203210958,70.82589721679688,364000,0.0,0.0
2020-01-24 00:00:00-05:00,70.8556161048473,71.15270009609196,69.96929777589047,70.79124450683594,330200,0.0,0.0
2020-01-27 00:00:00-05:00,69.38005443337379,71.06356020333584,68.47889005307093,70.56841278076172,266000,0.0,0.0
2020-01-28 00:00:00-05:00,70.92492312309065,72.09842015633843,70.63278038690348,71.63298034667969,327200,0.0,0.0
2020-01-29 00:00:00-05:00,71.66269604872153,72.36085584177196,71.41512229703142,71.94988250732422,226200,0.0,0.0
2020-01-30 00:00:00-05:00,71.59337507100291,72.72231076435594,71.13289152347656,72.60842895507812,236400,0.0,0.0
2020-01-31 00:00:00-05:00,72.5242515551696,72.73716134369516,70.5486104021617,71.48939514160156,635200,0.0,0.0
2020-02-03 00:00:00-05:00,71.62308398007431,73.91067060371554,71.62308398007431,73.55911254882812,485400,0.0,0.0
2020-02-04 00:00:00-05:00,74.25726671071638,75.46047143674039,74.04930567987338,75.32183074951172,493800,0.0,0.0
2020-02-05 00:00:00-05:00,76.02493547753163,76.02493547753163,74.22755538753644,75.10891723632812,287000,0.0,0.0
2020-02-06 00:00:00-05:00,75.26736275813909,76.17348351758598,75.05940173135056,76.01998901367188,224800,0.0,0.0
2020-02-07 00:00:00-05:00,75.53970259216483,76.66863830568592,74.94057833863594,76.62407684326172,382400,0.0,0.0
2020-02-10 00:00:00-05:00,76.59436176060278,78.83243039425919,76.10416305550473,78.21844482421875,478800,0.0,0.0
2020-02-11 00:00:00-05:00,78.961168883654,79.6197159357239,78.22339642185743,79.14437103271484,527800,0.0,0.0
2020-02-12 00:00:00-05:00,79.42661736119693,80.09011324028957,78.81263170205573,79.35234069824219,369400,0.0,0.0
2020-02-13 00:00:00-05:00,79.06515327615553,81.02099204692584,79.02554812280951,80.06535339355469,415800,0.0,0.0
2020-02-14 00:00:00-05:00,80.15448124996493,80.36739105246636,79.38700109922334,80.30797576904297,298800,0.0,0.0
2020-02-18 00:00:00-05:00,80.3772944174895,81.31312288836422,79.50088122878103,81.30817413330078,589800,0.0,0.0
2020-02-19 00:00:00-05:00,81.72904311209288,82.95205801115773,81.36758756156493,81.38739013671875,350000,0.0,0.0
2020-02-20 00:00:00-05:00,81.38738628620938,82.0756409593464,78.971071798155,80.9269027709961,385800,0.0,0.0
2020-02-21 00:00:00-05:00,80.9368135012965,80.9368135012965,79.60486552028824,79.83758544921875,235200,0.0,0.0
2020-02-24 00:00:00-05:00,77.8173842646264,78.6838924046738,76.78252778493984,77.66883850097656,572400,0.0,0.0
2020-02-25 00:00:00-05:00,78.24816429316765,78.48088423887195,74.17805095408004,74.3909683227539,577400,0.0,0.0
2020-02-26 00:00:00-05:00,74.71281191700805,75.95562952096135,71.80134196765634,72.0142593383789,822200,0.0,0.0
2020-02-27 00:00:00-05:00,68.1669530957901,71.21211465024686,65.13169660649422,68.75617980957031,1456600,0.0,0.0
2020-02-28 00:00:00-05:00,60.97246222576313,66.24083126980275,60.97246222576313,62.210330963134766,2053400,0.0,0.0
2020-03-02 00:00:00-05:00,62.63615404761141,63.92848922780383,60.45255192326032,63.611595153808594,1198800,0.0,0.0
2020-03-03 00:00:00-05:00,63.75519081257889,66.20617703693073,62.02217830131573,62.28955841064453,875800,0.0,0.0
2020-03-04 00:00:00-05:00,63.799758882699976,65.27529632843147,60.903142963514256,64.47315979003906,834400,0.0,0.0
2020-03-05 00:00:00-05:00,62.576740905443145,63.408588872706865,59.298866809490534,60.6605224609375,920000,0.0,0.0
2020-03-06 00:00:00-05:00,58.37789304220747,60.82391920872435,56.615165311890465,58.35313415527344,985600,0.0,0.0
2020-03-09 00:00:00-04:00,53.96117572944886,54.29292364483894,51.0893187440698,51.95087432861328,1174200,0.0,0.0
2020-03-10 00:00:00-04:00,53.96117620202985,55.08020683189296,51.93602096301935,54.87224578857422,1089600,0.0,0.0
2020-03-11 00:00:00-04:00,53.11446930665636,53.11446930665636,48.04416009386523,48.960182189941406,1201200,0.0,0.0
2020-03-12 00:00:00-04:00,43.464048247864504,45.65259935679686,37.92829888089245,38.141212463378906,2451200,0.0,0.0
2020-03-13 00:00:00-04:00,40.53277607621686,46.16755346421537,38.89878775774112,45.93483352661133,1898000,0.0,0.0
2020-03-16 00:00:00-04:00,38.36897894778036,43.35511415163117,37.14101525590083,37.383636474609375,2006800,0.0,0.0
2020-03-17 00:00:00-04:00,38.126358048750916,42.07268428497831,34.660325498864474,35.521881103515625,1650800,0.0,0.0
2020-03-18 00:00:00-04:00,32.81837727380161,33.9324592023776,26.19330476516632,30.228755950927734,2667800,0.0,0.0
2020-03-19 00:00:00-04:00,29.708849431976894,35.36343286722103,28.173892966859864,33.47196960449219,1798200,0.0,0.0
2020-03-20 00:00:00-04:00,34.16517921628404,41.07248567720157,34.16517921628404,36.012081146240234,1829600,0.0,0.0
2020-03-23 00:00:00-04:00,36.99246721866717,38.6710168482968,34.91779809995117,36.348777770996094,1002400,0.0,0.0
2020-03-24 00:00:00-04:00,40.136654646998124,44.50880792481215,38.24519137139205,44.0136604309082,1387000,0.0,0.0
2020-03-25 00:00:00-04:00,45.05842341189947,51.52009992874215,44.13744874104659,47.266780853271484,1294000,0.0,0.0
2020-03-26 00:00:00-04:00,48.539306863744706,50.821937048936164,45.76152919851476,48.69775390625,788600,0.0,0.0
2020-03-27 00:00:00-04:00,46.009106201105055,48.24222255218121,44.24142972312623,46.57357406616211,1020200,0.0,0.0
2020-03-30 00:00:00-04:00,46.03386403140315,49.75242284258443,44.28599394746703,49.51970291137695,601600,0.0,0.0
2020-03-31 00:00:00-04:00,49.45533068359852,52.43612073364073,49.163195473397614,50.975433349609375,1518400,0.0,0.0
2020-04-01 00:00:00-04:00,48.336300870850216,49.351350991023324,42.27074392546643,42.874820709228516,1672600,0.0,0.0
2020-04-02 00:00:00-04:00,42.26579232755646,44.04337009921796,38.29965966105616,40.10694885253906,1086000,0.0,0.0
2020-04-03 00:00:00-04:00,39.205778154020706,40.28024729368222,37.87878273835434,39.83461380004883,735000,0.0,0.0
2020-04-06 00:00:00-04:00,42.83521016637429,44.533566198218615,40.94374691677679,43.32540512084961,1096000,0.0,0.0
2020-04-07 00:00:00-04:00,46.81619809204007,46.81619809204007,43.34026049268756,43.424434661865234,1279200,0.0,0.0
2020-04-08 00:00:00-04:00,44.944534536669416,49.509794849738725,43.830452720569326,48.682899475097656,777000,0.0,0.0
2020-04-09 00:00:00-04:00,51.257664767841725,53.15903302948249,50.019796084736555,51.46562957763672,1248600,0.0,0.0
2020-04-13 00:00:00-04:00,50.995240514372654,50.995240514372654,45.865512057122366,46.1526985168457,853800,0.0,0.0
2020-04-14 00:00:00-04:00,48.50959783811621,49.381058435839705,46.791435527034096,48.633384704589844,716400,0.0,0.0
2020-04-15 00:00:00-04:00,45.93978553688413,47.33610136894697,45.12279138694108,45.370365142822266,936400,0.0,0.0
2020-04-16 00:00:00-04:00,45.301042883959624,46.40027091816795,42.28559647771163,43.39472579956055,903200,0.0,0.0
2020-04-17 00:00:00-04:00,46.74192403441523,48.514552963709804,46.048716789574684,48.2669792175293,1055400,0.0,0.0
2020-04-20 00:00:00-04:00,46.930076131151054,47.37075707281406,45.56346806991811,46.27648162841797,509400,0.0,0.0
2020-04-21 00:00:00-04:00,44.38502384588132,45.30104601174259,42.91938762496812,43.22142791748047,568200,0.0,0.0
2020-04-22 00:00:00-04:00,44.607834086865026,44.77123365980804,42.62229543749842,42.7460823059082,583600,0.0,0.0
2020-04-23 00:00:00-04:00,43.49870441197469,45.15249892342888,42.73617685611563,42.88967514038086,654600,0.0,0.0
2020-04-24 00:00:00-04:00,43.46404743427016,44.06812799549038,42.206372316808114,43.21152114868164,389000,0.0,0.0
2020-04-27 00:00:00-04:00,44.05327149252011,48.405618254780464,44.03346514018227,48.044158935546875,908200,0.0,0.0
2020-04-28 00:00:00-04:00,50.19804918281131,51.03980214898961,48.029304622697985,50.50999450683594,1198600,0.0,0.0
2020-04-29 00:00:00-04:00,53.208550638023695,54.5949651684106,51.83699370609133,53.787872314453125,1283800,0.0,0.0
2020-04-30 00:00:00-04:00,49.50979834025794,53.39175677309991,48.643290199978786,49.62368392944336,1409000,0.0,0.0
2020-05-01 00:00:00-04:00,47.51435616994478,48.054068937997734,45.83580635801888,46.44483947753906,765000,0.0,0.0
2020-05-04 00:00:00-04:00,44.88016918408013,47.03901259044514,44.21172081332999,46.632991790771484,546600,0.0,0.0
2020-05-05 00:00:00-04:00,47.78173275377797,49.11862946483418,47.11823693089578,48.445228576660156,866800,0.0,0.0
2020-05-06 00:00:00-04:00,48.960182745457494,49.09387468405921,47.43513133812629,48.0540657043457,671600,0.0,0.0
2020-05-07 00:00:00-04:00,48.75222260507926,51.015046538645095,48.38581451126216,50.955631256103516,673600,0.0,0.0
2020-05-08 00:00:00-04:00,52.48563425373477,54.57515727845306,51.54485326157611,54.48603057861328,863400,0.0,0.0
2020-05-11 00:00:00-04:00,52.92136401094115,53.07981106154342,51.24281427004736,52.61932373046875,1383200,0.0,0.0
2020-05-12 00:00:00-04:00,53.18874337536801,53.49078365162811,51.039805045439465,51.22300720214844,943000,0.0,0.0
2020-05-13 00:00:00-04:00,50.49514075581317,51.24776324957173,47.63813773258519,48.73736572265625,840000,0.0,0.0
2020-05-14 00:00:00-04:00,47.12813539225642,49.386006600921235,46.558715057741296,49.29193115234375,448600,0.0,0.0
2020-05-15 00:00:00-04:00,48.692801328492926,51.12892979905388,48.02930551914159,50.257469177246094,359400,0.0,0.0
2020-05-18 00:00:00-04:00,52.48563334130519,56.06555131534691,52.48563334130519,55.411956787109375,908600,0.0,0.0
2020-05-19 00:00:00-04:00,55.03069241645778,58.26400496168712,54.619719088036824,56.02593994140625,753200,0.0,0.0
2020-05-20 00:00:00-04:00,58.16992742519898,59.972263944379215,57.99662278561685,59.65041732788086,812200,0.0,0.0
2020-05-21 00:00:00-04:00,59.754400309808744,60.13071346666807,58.20458999843673,58.575950622558594,692600,0.0,0.0
2020-05-22 00:00:00-04:00,58.92255359687006,60.640716058282536,58.229346328430566,60.53673553466797,686800,0.0,0.0
2020-05-26 00:00:00-04:00,63.8542249801336,64.36917505622887,61.5369307493267,63.14616012573242,1401400,0.0,0.0
2020-05-27 00:00:00-04:00,63.779946901555775,70.19706168861454,63.45810405558219,70.06336975097656,2348400,0.0,0.0
2020-05-28 00:00:00-04:00,70.06336368646407,70.30103234530873,65.28023753953161,65.39412689208984,1024000,0.0,0.0
2020-05-29 00:00:00-04:00,65.33470872375092,66.4388854928578,64.36917264514395,65.69121551513672,718600,0.0,0.0
2020-06-01 00:00:00-04:00,66.092291232229,66.6617154339289,64.77024821290154,65.0722885131836,742600,0.0,0.0
2020-06-02 00:00:00-04:00,65.84966739883455,66.0526721276178,64.21072286084262,65.34956359863281,844200,0.0,0.0
2020-06-03 00:00:00-04:00,66.75082712622105,70.57831483365997,66.30519743935179,69.39491271972656,1156000,0.0,0.0
2020-06-04 00:00:00-04:00,68.78588847819503,69.47909949815183,65.93879040763058,66.94393920898438,715800,0.0,0.0
2020-06-05 00:00:00-04:00,71.1526911935256,72.61833105514934,69.03840934352056,70.08812713623047,1006200,0.0,0.0
2020-06-08 00:00:00-04:00,71.99940060502759,76.48543579705985,70.8060933032067,75.757568359375,1549000,0.0,0.0
2020-06-09 00:00:00-04:00,74.55435663961165,75.4357185135207,71.6329820939356,74.54940032958984,816200,0.0,0.0
2020-06-10 00:00:00-04:00,73.98987947762663,74.56425233019914,69.63753673702819,71.63298034667969,571600,0.0,0.0
2020-06-11 00:00:00-04:00,66.19626798128881,67.7262718851623,62.68567037461655,63.7601432800293,1152400,0.0,0.0
2020-06-12 00:00:00-04:00,67.84511172677703,68.02831388179983,64.15130809808636,66.58743286132812,715200,0.0,0.0
2020-06-15 00:00:00-04:00,63.09169155124,67.9639409841146,63.09169155124,67.10733795166016,658600,0.0,0.0
2020-06-16 00:00:00-04:00,71.54881827727625,71.54881827727625,66.87462437265881,68.67201232910156,542000,0.0,0.0
2020-06-17 00:00:00-04:00,68.34520878948791,70.01880975643915,67.66190282208629,67.77083587646484,450600,0.0,0.0
2020-06-18 00:00:00-04:00,66.9637532142427,69.15230434238961,66.9637532142427,67.40443420410156,543200,0.0,0.0
2020-06-19 00:00:00-04:00,68.66705123958643,69.03346310719786,65.5921895150104,66.10713958740234,1017600,0.0,0.0
2020-06-22 00:00:00-04:00,65.59714351640757,67.27074460739794,64.17112374900536,67.21627807617188,529200,0.0,0.0
2020-06-23 00:00:00-04:00,68.81559748654553,71.4547345701836,67.14200407291868,70.16239929199219,616200,0.0,0.0
2020-06-24 00:00:00-04:00,68.30559142034684,69.11763296233377,65.48820113008614,65.70111846923828,796600,0.0,0.0
2020-06-25 00:00:00-04:00,64.84451842235418,67.00831052952164,63.40858617240407,66.32500457763672,636800,0.0,0.0
2020-06-26 00:00:00-04:00,65.76549575794913,67.02811586134924,62.12120601259514,62.344024658203125,1816000,0.0,0.0
2020-06-29 00:00:00-04:00,63.378871502552194,66.7755831993561,62.606442714970875,65.72091674804688,706000,0.0,0.0
2020-06-30 00:00:00-04:00,64.98810918841575,66.44384404309245,64.64150745048111,65.92888641357422,533600,0.0,0.0
2020-07-01 00:00:00-04:00,66.77064078331789,68.03326081461,65.22082675127496,65.31985473632812,467400,0.0,0.0
2020-07-02 00:00:00-04:00,67.52822312557765,67.80550453584738,64.9187935050898,65.42879486083984,525200,0.0,0.0
2020-07-06 00:00:00-04:00,67.09249081691495,67.09249081691495,63.87403184783785,64.384033203125,416200,0.0,0.0
2020-07-07 00:00:00-04:00,63.15606234544805,64.04732931713666,61.799355535469225,61.8835334777832,448400,0.0,0.0
2020-07-08 00:00:00-04:00,61.73499412955518,64.28500466203138,61.116059717676286,63.695777893066406,641200,0.0,0.0
2020-07-09 00:00:00-04:00,63.472959221121464,63.77994825334747,60.1901288790677,61.888484954833984,588200,0.0,0.0
2020-07-10 00:00:00-04:00,62.24994553238272,63.77500076910841,61.46761156030809,63.38878631591797,456400,0.0,0.0
2020-07-13 00:00:00-04:00,64.79005607379517,66.56267754831791,61.89344005698753,62.19548034667969,583800,0.0,0.0
2020-07-14 00:00:00-04:00,62.71043057640657,64.58208371284137,61.22003556871013,64.49790954589844,376400,0.0,0.0
2020-07-15 00:00:00-04:00,67.3747203891248,68.93443190951443,66.48840217999225,67.92928314208984,627800,0.0,0.0
2020-07-16 00:00:00-04:00,66.91423243882379,68.35511346830181,66.59733834297461,67.57772827148438,732800,0.0,0.0
2020-07-17 00:00:00-04:00,67.22617495772684,68.16200338551067,65.6070405950894,67.32520294189453,471200,0.0,0.0
2020-07-20 00:00:00-04:00,66.66171189106595,67.25093863860815,65.06733629960524,66.27549743652344,316400,0.0,0.0
2020-07-21 00:00:00-04:00,67.33510577333942,68.86510961072845,66.59733333836365,67.08753204345703,396600,0.0,0.0
2020-07-22 00:00:00-04:00,66.44384059378251,67.67180421101114,66.44384059378251,67.00830841064453,379800,0.0,0.0
2020-07-23 00:00:00-04:00,66.46859983747105,66.69141469039741,64.41373328073689,65.18121337890625,482600,0.0,0.0
2020-07-24 00:00:00-04:00,64.79005443505316,66.16160759217203,64.29490692712108,65.8348159790039,379800,0.0,0.0
2020-07-27 00:00:00-04:00,65.53277428630207,66.17151123343048,63.136258435106505,63.6264533996582,526600,0.0,0.0
2020-07-28 00:00:00-04:00,63.15111402225351,64.2305357476139,62.136060113376175,62.28955841064453,492400,0.0,0.0
2020-07-29 00:00:00-04:00,63.314515206014875,65.24559130369128,63.30956267302938,64.10675048828125,759400,0.0,0.0
2020-07-30 00:00:00-04:00,62.14596559266941,68.96414520406273,61.462659605056615,68.86016845703125,1242400,0.0,0.0
2020-07-31 00:00:00-04:00,66.70627511479363,68.81560084954458,66.66171365086653,68.58783721923828,983600,0.0,0.0
2020-08-03 00:00:00-04:00,68.66210014868486,71.59832863402673,68.11744245386586,71.13288879394531,587800,0.0,0.0
2020-08-04 00:00:00-04:00,71.13288393690186,71.92511531763974,70.52880344808838,71.81123352050781,349400,0.0,0.0
2020-08-05 00:00:00-04:00,72.6727945966867,73.11347553252035,70.4248209041887,72.95502471923828,522400,0.0,0.0
2020-08-06 00:00:00-04:00,73.31153811672743,79.87719884474473,72.90056478241922,79.30282592773438,891200,0.0,0.0
2020-08-07 00:00:00-04:00,78.56010635549349,81.38244567318024,77.81738508476795,80.57040405273438,556000,0.0,0.0
2020-08-10 00:00:00-04:00,81.40223899221272,81.94690421761202,79.53058220725966,79.9217529296875,557200,0.0,0.0
2020-08-11 00:00:00-04:00,81.66467241096494,86.37847866080705,81.33292449722785,84.16516876220703,1026400,0.0,0.0
2020-08-12 00:00:00-04:00,85.44264575591211,86.78449871676692,82.21428215333526,84.48701477050781,693600,0.0,0.0
2020-08-13 00:00:00-04:00,84.73458632748084,87.95304478253546,83.46701005250004,85.71992492675781,487600,0.0,0.0
2020-08-14 00:00:00-04:00,84.43255768278958,86.82906987927349,83.46206521398325,86.12596130371094,235200,0.0,0.0
2020-08-17 00:00:00-04:00,86.2794499035954,87.40838557337219,84.88808666924295,86.59634399414062,318600,0.0,0.0
2020-08-18 00:00:00-04:00,86.20517732636138,88.46304857487027,85.16536461990823,86.87857818603516,369400,0.0,0.0
2020-08-19 00:00:00-04:00,86.65575396599165,88.33925985759366,86.28934968223669,86.4081802368164,560200,0.0,0.0
2020-08-20 00:00:00-04:00,84.89303147464071,87.34896622861957,84.89303147464071,85.76449584960938,305600,0.0,0.0
2020-08-21 00:00:00-04:00,86.02197275965204,87.49256143395407,85.39314087669689,86.26954650878906,318800,0.0,0.0
2020-08-24 00:00:00-04:00,85.82886640088103,85.9972147387033,84.02652979124807,85.43274688720703,343200,0.0,0.0
2020-08-25 00:00:00-04:00,86.31411525061412,86.51217122715204,84.03148498863155,84.18002319335938,451600,0.0,0.0
2020-08-26 00:00:00-04:00,84.01662826351044,86.9924697188045,82.65497257222262,85.15052032470703,474400,0.0,0.0
2020-08-27 00:00:00-04:00,86.14080810758718,88.80965273520027,86.14080810758718,88.1610107421875,517200,0.0,0.0
2020-08-28 00:00:00-04:00,88.99285021011883,90.78033282967263,88.01246036208991,88.11148834228516,483200,0.0,0.0
2020-08-31 00:00:00-04:00,87.97780459272906,87.97780459272906,86.04178360056905,86.53197479248047,578000,0.0,0.0
2020-09-01 00:00:00-04:00,86.01701785271446,88.89382340308322,85.60109579719503,88.01741027832031,282600,0.0,0.0
2020-09-02 00:00:00-04:00,88.38877208068494,89.76033268701109,87.76488898889889,89.27013397216797,400400,0.0,0.0
2020-09-03 00:00:00-04:00,89.12654814897174,89.1314969039425,84.60584915014766,85.62090301513672,368400,0.0,0.0
2020-09-04 00:00:00-04:00,87.60643991057891,88.60663993454402,82.719336706228,85.70012664794922,354800,0.0,0.0
2020-09-08 00:00:00-04:00,84.0512928186461,87.84412469373214,83.645268219404,85.16537475585938,359800,0.0,0.0
2020-09-09 00:00:00-04:00,86.0170259404363,88.22537960144156,84.53653216735147,87.35887145996094,556200,0.0,0.0
2020-09-10 00:00:00-04:00,82.72924620261965,90.14655372641828,82.72924620261965,84.1552734375,702000,0.0,0.0
2020-09-11 00:00:00-04:00,85.15545621526591,85.52186804767473,80.4317528732898,80.86748504638672,461800,0.0,0.0
2020-09-14 00:00:00-04:00,80.78331754669289,83.19469118675454,80.09011401782921,82.50148010253906,377400,0.0,0.0
2020-09-15 00:00:00-04:00,83.89779590653869,84.0067289639501,80.8972031832186,81.24380493164062,303000,0.0,0.0
2020-09-16 00:00:00-04:00,81.55575037873065,83.91759858133629,79.53554761438795,81.49137878417969,550800,0.0,0.0
2020-09-17 00:00:00-04:00,81.20419421371987,81.30817851847021,78.29768065561206,80.06535339355469,650000,0.0,0.0
2020-09-18 00:00:00-04:00,81.08535514595957,81.90730184234953,77.26281568757051,78.38680267333984,1129800,0.0,0.0
2020-09-21 00:00:00-04:00,75.84669036970463,76.56466028847706,74.27212494738859,76.4705810546875,648800,0.0,0.0
2020-09-22 00:00:00-04:00,77.02019478235684,80.9962285846689,77.02019478235684,80.81302642822266,368800,0.0,0.0
2020-09-23 00:00:00-04:00,80.5505936486741,82.11526160032682,80.5456448934792,81.42205810546875,636600,0.0,0.0
2020-09-24 00:00:00-04:00,81.74885619181423,81.74885619181423,72.88571130889319,73.48979187011719,1333800,0.0,0.0
2020-09-25 00:00:00-04:00,76.0447503863131,84.54643165551387,75.75756394315445,84.03643035888672,1388600,0.0,0.0
2020-09-28 00:00:00-04:00,85.18022143919357,87.6411050498229,84.13051118625266,86.27944946289062,672800,0.0,0.0
2020-09-29 00:00:00-04:00,86.2992546531572,87.14596020449866,82.1746826171875,82.1746826171875,631000,0.0,0.0
2020-09-30 00:00:00-04:00,82.65991652546802,84.27409449280766,80.21883566778378,81.11505889892578,648800,0.0,0.0
2020-10-01 00:00:00-04:00,81.58545600904439,84.57614359636682,81.22894920322433,84.14041137695312,572800,0.0,0.0
2020-10-02 00:00:00-04:00,81.16952458672795,85.43770109750534,80.61496181442693,84.76924896240234,328400,0.0,0.0
2020-10-05 00:00:00-04:00,85.81897483470985,85.81897483470985,83.47692154224572,84.83857727050781,438400,0.0,0.0
2020-10-06 00:00:00-04:00,86.07148621053123,87.91343541606652,83.07584248529476,83.47196197509766,956600,0.0,0.0
2020-10-07 00:00:00-04:00,84.65041162505115,87.07168236045065,83.52642479475081,85.828857421875,1629600,0.0,0.0
2020-10-08 00:00:00-04:00,87.31431058517504,87.92334746571144,84.5959555755986,87.12615966796875,466600,0.0,0.0
2020-10-09 00:00:00-04:00,88.13625550301617,88.13625550301617,83.85323262571237,84.51177215576172,759400,0.0,0.0
2020-10-12 00:00:00-04:00,84.61080797260121,86.26459882407185,84.58604908631006,85.92789459228516,374600,0.0,0.0
2020-10-13 00:00:00-04:00,83.9027429154344,86.6508130695681,83.67992805004006,85.43274688720703,369200,0.0,0.0
2020-10-14 00:00:00-04:00,85.56148048111073,87.13109698381491,84.40778602122681,84.59098815917969,380600,0.0,0.0
2020-10-15 00:00:00-04:00,83.93740832888412,86.24478999216376,82.85798282420956,85.95761108398438,367400,0.0,0.0
2020-10-16 00:00:00-04:00,85.9031443234308,87.3935356102283,85.0960514635389,86.1358642578125,318000,0.0,0.0
2020-10-19 00:00:00-04:00,86.55673478443872,87.279653471474,83.25410180814926,83.79876708984375,256000,0.0,0.0
2020-10-20 00:00:00-04:00,84.08099538061518,85.56148911875326,83.67992711631035,83.87798309326172,297600,0.0,0.0
2020-10-21 00:00:00-04:00,84.17507137094569,85.02672563865627,82.65001623005351,82.75894927978516,298600,0.0,0.0
2020-10-22 00:00:00-04:00,83.24914785982067,85.7347827585119,83.24914785982067,85.08119201660156,351800,0.0,0.0
2020-10-23 00:00:00-04:00,85.8090573082337,86.53692468716743,84.49196323632025,85.76449584960938,181200,0.0,0.0
2020-10-26 00:00:00-04:00,83.9671154786367,84.93265161006784,82.06079454694208,83.92255401611328,526200,0.0,0.0
2020-10-27 00:00:00-04:00,84.0314818561386,84.0314818561386,80.56544950847204,81.28836059570312,284600,0.0,0.0
2020-10-28 00:00:00-04:00,78.90176055619175,81.41215456087387,78.02039857253948,79.0057373046875,734400,0.0,0.0
2020-10-29 00:00:00-04:00,80.1643727135886,81.08039855914524,74.9603755015661,75.94076538085938,727800,0.0,0.0
2020-10-30 00:00:00-04:00,75.32679474645445,76.69339918374426,72.81639318978169,73.85124969482422,578800,0.0,0.0
2020-11-02 00:00:00-05:00,74.07407585257381,76.10417625656034,73.85125341274616,75.78233337402344,447800,0.0,0.0
2020-11-03 00:00:00-05:00,77.58960907126729,81.4319583745856,77.58960907126729,81.00117492675781,425000,0.0,0.0
2020-11-04 00:00:00-05:00,79.37214486374823,82.97186926355079,79.37214486374823,81.84292602539062,361400,0.0,0.0
2020-11-05 00:00:00-05:00,82.27866489958421,85.41294969954902,82.27866489958421,85.07129669189453,306200,0.0,0.0
2020-11-06 00:00:00-05:00,85.95264763135187,85.95264763135187,83.09069585494004,83.15506744384766,313600,0.0,0.0
2020-11-09 00:00:00-05:00,89.46323695333177,100.59910573835617,88.63139287027948,89.2899398803711,989000,0.0,0.0
2020-11-10 00:00:00-05:00,90.85956665155818,92.86491554649118,89.00276351835195,90.14655303955078,448400,0.0,0.0
2020-11-11 00:00:00-05:00,90.42383363187567,90.8645146027102,86.55673288285604,88.96315002441406,359000,0.0,0.0
2020-11-12 00:00:00-05:00,87.59654563921285,90.74072771667787,86.33391800889487,87.49256134033203,354400,0.0,0.0
2020-11-13 00:00:00-05:00,87.61635208606359,90.33966344398524,87.50247027204894,89.54743194580078,503000,0.0,0.0
2020-11-16 00:00:00-05:00,91.5874291767755,93.97403608066166,89.95344099603594,91.62208557128906,511600,0.0,0.0
2020-11-17 00:00:00-05:00,90.07722830915671,91.96869530206394,89.28004056720303,90.46839904785156,354800,0.0,0.0
2020-11-18 00:00:00-05:00,90.74073410954949,91.57258589314807,88.89878468374378,89.3592758178711,417400,0.0,0.0
2020-11-19 00:00:00-05:00,89.48305263592339,92.90947226966391,88.88392086447897,92.79063415527344,408800,0.0,0.0
2020-11-20 00:00:00-05:00,90.81995009054019,94.15229052335202,90.81995009054019,92.37966918945312,435000,0.0,0.0
2020-11-23 00:00:00-05:00,93.36006525307712,94.25133228913079,91.70627437000347,92.52821350097656,410400,0.0,0.0
2020-11-24 00:00:00-05:00,94.26122309962606,94.82074216825286,92.06276708540678,92.18655395507812,612600,0.0,0.0
2020-11-25 00:00:00-05:00,92.64705595980428,93.01841661259245,91.40423836173322,91.71122741699219,309000,0.0,0.0
2020-11-27 00:00:00-05:00,91.7211254121377,92.99860686588579,90.92393763672963,91.60228729248047,170200,0.0,0.0
2020-11-30 00:00:00-05:00,90.92888624802661,90.92888624802661,87.32916182137465,89.0869369506836,603400,0.0,0.0
2020-12-01 00:00:00-05:00,90.56743560843081,91.22598272330409,89.6217020224236,90.55258178710938,470600,0.0,0.0
2020-12-02 00:00:00-05:00,89.72072335257893,90.11684285421714,87.873825337054,89.1661605834961,295000,0.0,0.0
2020-12-03 00:00:00-05:00,89.65408359815629,91.67134892514316,86.7176174309037,90.8664321899414,230200,0.311,0.0
2020-12-04 00:00:00-05:00,91.87009167844757,94.1606335534668,90.74221658012898,94.05132293701172,280000,0.0,0.0
2020-12-07 00:00:00-05:00,94.34944614326028,95.58663946533531,93.48987407918024,95.36304473876953,392400,0.0,0.0
2020-12-08 00:00:00-05:00,94.64259493060719,97.46478467342465,93.82277286274913,96.84867095947266,453000,0.0,0.0
2020-12-09 00:00:00-05:00,98.10572494018167,98.85102040579187,95.5170696019566,97.59395599365234,516400,0.0,0.0
2020-12-10 00:00:00-05:00,96.57538502612613,99.53172980278647,96.57538502612613,99.48204040527344,417200,0.0,0.0
2020-12-11 00:00:00-05:00,98.2597572168187,100.2372800935366,95.07983274308528,96.05865478515625,443600,0.0,0.0
2020-12-14 00:00:00-05:00,97.20640468418253,98.36906381161113,96.01393495064617,97.5591812133789,610600,0.0,0.0
2020-12-15 00:00:00-05:00,99.18889892324981,100.9875430198231,97.05734948912578,100.68445587158203,486200,0.0,0.0
2020-12-16 00:00:00-05:00,101.2210761891307,102.36883015277716,99.88947749628204,101.08195495605469,479000,0.0,0.0
2020-12-17 00:00:00-05:00,101.7278713509915,104.21715562854612,100.20249623257014,103.814697265625,445000,0.0,0.0
2020-12-18 00:00:00-05:00,104.46062098843025,105.6332195560155,102.59738222096671,103.04952239990234,1258600,0.0,0.0
2020-12-21 00:00:00-05:00,99.48204521836875,101.99120828342183,97.56911704463077,100.18262481689453,721600,0.0,0.0
2020-12-22 00:00:00-05:00,99.57645524867642,101.24591757240499,98.48335663253543,100.92792510986328,681200,0.0,0.0
2020-12-23 00:00:00-05:00,101.10182288999502,103.92897853749652,100.72420920982579,102.72160339355469,679000,0.0,0.0
2020-12-24 00:00:00-05:00,102.61725779119423,103.69048518641378,101.08195080115249,102.80606842041016,431800,0.0,0.0
2020-12-28 00:00:00-05:00,104.23205523070266,104.71897948178996,102.2893165519309,103.10914611816406,768000,0.0,0.0
2020-12-29 00:00:00-05:00,103.56626913476548,103.56626913476548,97.01760173425647,97.38031768798828,717400,0.0,0.0
2020-12-30 00:00:00-05:00,97.68837101741256,99.52676516583387,97.38528386131735,98.59265899658203,495800,0.0,0.0
2020-12-31 00:00:00-05:00,98.68706167985938,99.23361476038795,96.65489104855075,96.78407287597656,368400,0.0,0.0
2021-01-04 00:00:00-05:00,98.31938794212462,98.74171752342525,92.63029271094217,93.6041488647461,501800,0.0,0.0
2021-01-05 00:00:00-05:00,93.82773030370805,98.81624561968107,93.82773030370805,97.60389709472656,551800,0.0,0.0
2021-01-06 00:00:00-05:00,99.36776958015487,104.28671695417464,98.13057629398085,102.11542510986328,674600,0.0,0.0
2021-01-07 00:00:00-05:00,105.49410291409008,106.41329619701837,103.53148526193377,104.46559143066406,523000,0.0,0.0
2021-01-08 00:00:00-05:00,105.33509659038904,106.26920270322611,103.95878212059912,105.28044128417969,296600,0.0,0.0
2021-01-11 00:00:00-05:00,103.6308628374121,106.14995778811885,102.57750666551917,105.39969635009766,250200,0.0,0.0
2021-01-12 00:00:00-05:00,105.83196107598637,106.89524902015495,104.82829434576847,105.37484741210938,270200,0.0,0.0
2021-01-13 00:00:00-05:00,104.70904826554316,104.70904826554316,101.38999514319795,101.45458984375,350600,0.0,0.0
2021-01-14 00:00:00-05:00,104.9922690144955,105.41460619927318,102.40361333925654,102.96009826660156,303400,0.0,0.0
2021-01-15 00:00:00-05:00,102.11541800964889,104.39105440387107,100.7291642003239,103.01473999023438,322000,0.0,0.0
2021-01-19 00:00:00-05:00,104.07307414697583,105.7027864797271,102.90544141701452,104.47553253173828,327000,0.0,0.0
2021-01-20 00:00:00-05:00,105.54377988913349,108.54484070209284,100.80370381242344,105.87171173095703,516000,0.0,0.0
2021-01-21 00:00:00-05:00,106.32882854406124,106.42323385721656,103.53645706165987,104.45565032958984,293600,0.0,0.0
2021-01-22 00:00:00-05:00,104.05319028271371,106.55738745937583,103.34764477146234,106.50769805908203,347000,0.0,0.0
2021-01-25 00:00:00-05:00,106.1698279710592,107.13871821655873,100.85836157694821,101.76264953613281,688800,0.0,0.0
2021-01-26 00:00:00-05:00,103.1041744555238,103.1041744555238,97.95666667968108,98.14547729492188,322400,0.0,0.0
2021-01-27 00:00:00-05:00,95.18913893666253,95.64128667754098,90.42918426188432,91.90983581542969,725400,0.0,0.0
2021-01-28 00:00:00-05:00,93.60911743866625,98.97028097246533,90.91115120434891,97.11698150634766,440400,0.0,0.0
2021-01-29 00:00:00-05:00,97.87717620530421,97.87717620530421,91.99430464326815,93.13709259033203,507600,0.0,0.0
2021-02-01 00:00:00-05:00,94.49850009665067,98.40881464944272,93.98673113668696,97.56414794921875,348200,0.0,0.0
2021-02-02 00:00:00-05:00,99.21870805812706,102.58247724661547,98.47341254874942,102.33404541015625,314800,0.0,0.0
2021-02-03 00:00:00-05:00,101.66824190225633,103.23833292169633,100.366461510734,101.21112823486328,223800,0.0,0.0
2021-02-04 00:00:00-05:00,101.49434272701275,105.19597550600629,99.99381233950976,104.92269897460938,248600,0.0,0.0
2021-02-05 00:00:00-05:00,105.83195960479785,109.88636889091691,105.37981185452283,109.17584991455078,342200,0.0,0.0
2021-02-08 00:00:00-05:00,110.20436468804527,110.20436468804527,106.52756894222951,107.35733795166016,269800,0.0,0.0
2021-02-09 00:00:00-05:00,107.15858682796838,107.15858682796838,105.43944277496674,105.78227233886719,184000,0.0,0.0
2021-02-10 00:00:00-05:00,106.0903332812252,106.71637877807787,103.89419676257165,105.0220718383789,354000,0.0,0.0
2021-02-11 00:00:00-05:00,105.88165694035192,106.18971000662378,102.59738759753084,104.2469711303711,426800,0.0,0.0
2021-02-12 00:00:00-05:00,104.24696784369632,108.39578261847734,103.79979356278473,108.03804016113281,240000,0.0,0.0
2021-02-16 00:00:00-05:00,108.75352017372836,110.04536113898632,107.34242161934698,107.47161102294922,316400,0.0,0.0
2021-02-17 00:00:00-05:00,106.15492152478869,107.78960726726187,104.98232294417883,106.41825866699219,275600,0.0,0.0
2021-02-18 00:00:00-05:00,106.08039149389404,108.07778553150426,104.75873233767973,106.80084228515625,250000,0.0,0.0
2021-02-19 00:00:00-05:00,107.44180410170357,109.3100087953985,107.30268287885065,108.74855041503906,237800,0.0,0.0
2021-02-22 00:00:00-05:00,108.37590035785854,113.98052190154165,108.07281321845998,112.49987030029297,457400,0.0,0.0
2021-02-23 00:00:00-05:00,112.16201136451289,116.00773144736935,111.87382951644359,113.28988647460938,516800,0.0,0.0
2021-02-24 00:00:00-05:00,114.27864778514811,118.12934135182158,112.8675567364137,117.59272766113281,389800,0.0,0.0
2021-02-25 00:00:00-05:00,113.68241695535657,116.66359917840855,110.90495067044904,114.03022003173828,562000,0.0,0.0
2021-02-26 00:00:00-05:00,115.12330734372736,117.37907258302057,112.25640193163309,114.59166717529297,534400,0.0,0.0
2021-03-01 00:00:00-05:00,118.14921069229128,119.17275623777986,116.0921953679965,118.02996826171875,287000,0.0,0.0
2021-03-02 00:00:00-05:00,118.32311740419546,119.77893194071156,116.53937859820917,118.7106704711914,433000,0.0,0.0
2021-03-03 00:00:00-05:00,119.99257284162174,122.62097824418066,116.17666360529957,116.43006134033203,506600,0.0,0.0
2021-03-04 00:00:00-05:00,116.54433751647075,117.0412011706723,108.90754557748491,112.70854949951172,482400,0.0,0.0
2021-03-05 00:00:00-05:00,115.00407364116695,115.26741079175875,108.43553501755267,114.06002807617188,477000,0.0,0.0
2021-03-08 00:00:00-05:00,114.31840107587391,118.63614784456729,113.2948630662925,113.9358139038086,481600,0.0,0.0
2021-03-09 00:00:00-05:00,115.92823205712361,119.0236905165151,113.94077742969372,117.91071319580078,381200,0.0,0.0
2021-03-10 00:00:00-05:00,119.1578554744588,124.06686364622882,118.43739704845248,123.07810974121094,450400,0.0,0.0
2021-03-11 00:00:00-05:00,125.52763458985044,128.34982411724403,123.172498115273,125.30901336669922,437800,0.0,0.0
2021-03-12 00:00:00-05:00,124.971154366283,126.98841968515652,124.75749904242375,126.36734008789062,290000,0.0,0.0
2021-03-15 00:00:00-04:00,125.68166340422522,127.89767870114392,124.1115723925277,125.99468994140625,432000,0.0,0.0
2021-03-16 00:00:00-04:00,126.02450537792062,126.02450537792062,120.37516767786933,120.68818664550781,389000,0.0,0.0
2021-03-17 00:00:00-04:00,121.31423831732292,122.48683690914399,118.44236684423826,122.11418914794922,360600,0.0,0.0
2021-03-18 00:00:00-04:00,122.01482023842583,122.1290967645255,118.50199030390544,118.76532745361328,509200,0.0,0.0
2021-03-19 00:00:00-04:00,117.78650511627045,121.10555850724805,117.04120958141019,119.3466567993164,1536400,0.0,0.0
2021-03-22 00:00:00-04:00,118.22374662122935,118.72061030706689,115.11834858474475,115.75433349609375,375200,0.0,0.0
2021-03-23 00:00:00-04:00,114.46745864412435,115.61521254811814,112.17194325459856,113.11101531982422,521600,0.0,0.0
2021-03-24 00:00:00-04:00,114.05008451438687,115.71954676404938,109.54850083624453,109.77706146240234,573600,0.0,0.0
2021-03-25 00:00:00-04:00,107.48651759255667,113.73208992114319,106.24435842967158,112.94705200195312,439200,0.0,0.0
2021-03-26 00:00:00-04:00,113.7271279042842,115.97295387043746,112.47502930243297,115.79408264160156,308000,0.0,0.0
2021-03-29 00:00:00-04:00,115.06866179158808,115.99282857145376,110.45280138141526,111.82414245605469,394000,0.0,0.0
2021-03-30 00:00:00-04:00,111.76947848077883,115.53570592258343,111.76947848077883,114.59663391113281,403600,0.0,0.0
2021-03-31 00:00:00-04:00,115.33696583445287,115.33696583445287,112.75824218100965,112.99673461914062,302000,0.0,0.0
2021-04-01 00:00:00-04:00,114.12461904085252,116.7679298567963,113.63769476083041,114.88978576660156,463600,0.0,0.0
2021-04-05 00:00:00-04:00,116.64371970275984,116.94680686359332,113.53335566424421,113.66751098632812,365000,0.0,0.0
2021-04-06 00:00:00-04:00,114.402860743569,116.89214501671381,114.18423951433542,114.61650848388672,556200,0.0,0.0
2021-04-07 00:00:00-04:00,114.83016541379973,115.77917686238159,110.10996045274173,110.90494537353516,620000,0.0,0.0
2021-04-08 00:00:00-04:00,110.70122852860436,111.64526648038486,108.39578137523637,111.03412628173828,530800,0.0,0.0
2021-04-09 00:00:00-04:00,110.68135517014129,110.74098396963454,108.78333977704085,110.25902557373047,349200,0.0,0.0
2021-04-12 00:00:00-04:00,110.48757623062026,110.48757623062026,107.07412510914935,107.95854187011719,574600,0.0,0.0
2021-04-13 00:00:00-04:00,107.52627120581272,108.35106673723051,105.80711953078155,107.99332427978516,463800,0.0,0.0
2021-04-14 00:00:00-04:00,107.12878214108115,110.17455903341262,107.12878214108115,107.92376708984375,504200,0.0,0.0
2021-04-15 00:00:00-04:00,109.00692278034684,109.90624483081017,106.9002180414462,108.17219543457031,366400,0.0,0.0
2021-04-16 00:00:00-04:00,109.60315535701974,110.56210618436809,108.2516855654914,109.637939453125,492000,0.0,0.0
2021-04-19 00:00:00-04:00,108.93240127053625,109.61806802708988,105.76240841070583,106.58720397949219,487200,0.0,0.0
2021-04-20 00:00:00-04:00,105.98599212280672,107.77470443304176,103.47682898094915,104.81836700439453,713600,0.0,0.0
2021-04-21 00:00:00-04:00,105.07176138508076,109.50378443209733,104.0979052515213,108.83301544189453,1263200,0.0,0.0
2021-04-22 00:00:00-04:00,112.02785592190432,112.08747713814965,105.36491207111476,105.80215454101562,750000,0.0,0.0
2021-04-23 00:00:00-04:00,106.67166366550505,108.32622061407432,106.28411060528573,107.26789855957031,378200,0.0,0.0
2021-04-26 00:00:00-04:00,108.4852096186011,109.08144449381963,107.08405804091446,107.29273986816406,522200,0.0,0.0
2021-04-27 00:00:00-04:00,107.19833732510322,108.92245487493152,107.19833732510322,108.78829956054688,399200,0.0,0.0
2021-04-28 00:00:00-04:00,108.58955279405475,109.55346949316268,107.44179896957345,109.07647705078125,613800,0.0,0.0
2021-04-29 00:00:00-04:00,109.80687055815659,110.06524178818286,106.03070365114328,107.16852569580078,415000,0.0,0.0
2021-04-30 00:00:00-04:00,106.00088959167344,107.14367750643348,104.52023803303074,105.08666229248047,380200,0.0,0.0
2021-05-03 00:00:00-04:00,107.48651952552963,107.90388319219555,103.30789420686924,103.72525787353516,542000,0.0,0.0
2021-05-04 00:00:00-04:00,103.59607209071386,104.02834104456866,101.18628033080878,103.02964782714844,610400,0.0,0.0
2021-05-05 00:00:00-04:00,103.60602018310296,104.38609224470564,102.41354276181924,102.63216400146484,261200,0.0,0.0
2021-05-06 00:00:00-04:00,102.55762681374723,102.55762681374723,98.10075931028233,99.29820251464844,621800,0.0,0.0
2021-05-07 00:00:00-04:00,98.801341979187,100.97263375071381,98.52309196065713,99.98884582519531,682000,0.0,0.0
2021-05-10 00:00:00-04:00,100.09318191706855,100.893132705948,95.65619311113319,95.90462493896484,621200,0.0,0.0
2021-05-11 00:00:00-04:00,93.70351602748934,100.39130424178691,93.70351602748934,97.61383819580078,1046800,0.0,0.0
2021-05-12 00:00:00-04:00,96.13815932849036,98.93053087566362,93.22653776484876,93.48490142822266,656200,0.0,0.0
2021-05-13 00:00:00-04:00,94.06623818361837,96.3021248065328,91.43782499679752,94.51341247558594,518600,0.0,0.0
2021-05-14 00:00:00-04:00,97.54428124874845,99.25348593861555,96.91822816007208,98.98021697998047,521200,0.0,0.0
2021-05-17 00:00:00-04:00,97.09710213461841,97.70824235517432,95.27361328811932,96.4859619140625,430000,0.0,0.0
2021-05-18 00:00:00-04:00,96.46608620699818,98.10573796533899,95.29348754882812,95.29348754882812,337800,0.0,0.0
2021-05-19 00:00:00-04:00,94.40410019818029,94.54818733102704,92.75450912400008,94.36931610107422,394200,0.0,0.0
2021-05-20 00:00:00-04:00,93.54452468729765,95.39285813463344,93.48489589182567,94.61774444580078,336200,0.0,0.0
2021-05-21 00:00:00-04:00,95.65122035473102,96.51576585155803,94.60283772999313,96.1331787109375,830200,0.0,0.0
2021-05-24 00:00:00-04:00,97.44490580300246,99.28827345424716,96.30212536544444,98.86593627929688,436600,0.0,0.0
2021-05-25 00:00:00-04:00,99.47707535463175,100.85338221544889,98.02622681536566,99.44229125976562,889000,0.0,0.0
2021-05-26 00:00:00-04:00,99.57645349194654,101.41981352803018,99.23858224184139,101.09685516357422,406000,0.0,0.0
2021-05-27 00:00:00-04:00,102.17008093068276,102.17008093068276,100.0236261942346,100.86332702636719,773800,0.0,0.0
2021-05-28 00:00:00-04:00,100.71427058293555,100.86333120940492,98.03120963264064,99.13921356201172,670000,0.0,0.0
2021-06-01 00:00:00-04:00,99.62116390163105,100.63973592167099,98.87090250384519,100.12299346923828,485000,0.0,0.0
2021-06-02 00:00:00-04:00,99.87456097033058,100.02362158374726,98.82121244351818,99.71556854248047,1207800,0.0,0.0
2021-06-03 00:00:00-04:00,101.03225658938561,101.75768088167555,97.33062377331042,98.07095336914062,574000,0.0,0.0
2021-06-04 00:00:00-04:00,98.48335990195613,99.79010631186375,98.45354171067999,99.19883728027344,622800,0.0,0.0
2021-06-07 00:00:00-04:00,99.59632324135534,100.91798245107356,99.01995955239786,100.55030059814453,433600,0.0,0.0
2021-06-08 00:00:00-04:00,100.74407861811893,100.74407861811893,98.62744203725256,99.12430572509766,491800,0.0,0.0
2021-06-09 00:00:00-04:00,99.3329867782523,99.38267617925894,97.44987675209597,98.98518371582031,327600,0.0,0.0
2021-06-10 00:00:00-04:00,99.3777028407423,100.03853245113298,98.16038832961763,98.62744140625,732800,0.0,0.0
2021-06-11 00:00:00-04:00,99.40254701909548,101.11672520588137,99.33298640686915,99.8795394897461,402000,0.0,0.0
2021-06-14 00:00:00-04:00,100.27703199547902,100.9378540211486,99.12430461346732,99.7453842163086,323800,0.0,0.0
2021-06-15 00:00:00-04:00,99.39260393143798,99.71556986170319,98.07095234822049,98.5131607055664,339000,0.0,0.0
2021-06-16 00:00:00-04:00,98.46346989809517,98.77649642777995,97.1765948473387,97.65357971191406,425800,0.0,0.0
2021-06-17 00:00:00-04:00,97.1368535265212,97.88711498553077,94.45875848191598,95.3282699584961,452000,0.0,0.0
2021-06-18 00:00:00-04:00,96.05865596556765,96.20771658556706,94.33950430044551,95.25870513916016,869200,0.0,0.0
2021-06-21 00:00:00-04:00,95.80525849476352,98.67712996097937,95.4922319500164,98.57775115966797,532200,0.0,0.0
2021-06-22 00:00:00-04:00,99.5466408170251,100.49067877163412,97.49459140291388,100.00872039794922,462800,0.0,0.0
2021-06-23 00:00:00-04:00,99.76028771467031,100.440988520972,99.2783293450655,99.95903015136719,470400,0.0,0.0
2021-06-24 00:00:00-04:00,100.9030737831667,100.93785029724299,99.58141461751137,100.44098663330078,480400,0.0,0.0
2021-06-25 00:00:00-04:00,100.86332490457679,103.43210916600731,100.42111654200049,101.9266128540039,9895200,0.0,0.0
2021-06-28 00:00:00-04:00,101.53409711727606,101.85705548008546,96.12325188796135,98.31441497802734,848000,0.0,0.0
2021-06-29 00:00:00-04:00,98.62743959995323,100.25715184928836,98.22000774685044,98.8410873413086,942400,0.0,0.0
2021-06-30 00:00:00-04:00,99.12430768418508,99.75532670305049,98.29951212649183,98.50819396972656,647400,0.0,0.0
2021-07-01 00:00:00-04:00,99.60626660486292,100.84842585560294,98.49328918684606,99.27336883544922,1061600,0.0,0.0
2021-07-02 00:00:00-04:00,99.34291986337179,100.132931251035,98.37900316477193,99.88946533203125,285400,0.0,0.0
2021-07-06 00:00:00-04:00,99.92921839518614,100.30186614586215,96.441240907566,96.50086212158203,460200,0.0,0.0
2021-07-07 00:00:00-04:00,96.39154971629493,96.85362927940503,93.3209359469449,94.56309509277344,606600,0.0,0.0
2021-07-08 00:00:00-04:00,92.82904701602288,95.4475208670551,92.09865676235444,93.45012664794922,402200,0.0,0.0
2021-07-09 00:00:00-04:00,94.47863054711182,95.77047921373874,93.46999783169514,95.28852081298828,276000,0.0,0.0
2021-07-12 00:00:00-04:00,95.22391570494285,96.48098013575886,94.04635127787543,95.89965057373047,335400,0.0,0.0
2021-07-13 00:00:00-04:00,94.82146705444767,94.9059329739891,92.96320166145921,93.04269409179688,339800,0.0,0.0
2021-07-14 00:00:00-04:00,93.9122056196081,95.13449366284678,90.63787564181392,91.15958404541016,373800,0.0,0.0
2021-07-15 00:00:00-04:00,90.91611882806987,92.16325158268515,89.74849366754594,91.432861328125,330600,0.0,0.0
2021-07-16 00:00:00-04:00,92.69986686372033,93.16194647911823,89.79817700874806,89.96214294433594,515600,0.0,0.0
2021-07-19 00:00:00-04:00,87.49272383885723,89.6391785816607,86.95611015315636,88.08895874023438,609800,0.0,0.0
2021-07-20 00:00:00-04:00,88.46657755929142,92.59551342525236,88.2131722365544,92.0638656616211,514800,0.0,0.0
2021-07-21 00:00:00-04:00,92.69488528179657,95.89468853722465,92.66507467457201,94.71215057373047,334800,0.0,0.0
2021-07-22 00:00:00-04:00,94.13579609867305,95.52204242925994,92.93337932195824,94.90096282958984,476800,0.0,0.0
2021-07-23 00:00:00-04:00,95.72575705454479,96.53563968604492,93.72339705898668,93.90723419189453,442600,0.0,0.0
2021-07-26 00:00:00-04:00,94.09604952157541,95.20405344491071,93.24144335478076,94.78668975830078,443000,0.0,0.0
2021-07-27 00:00:00-04:00,94.14572587095941,95.22889261168329,91.94958936395828,93.72339630126953,319600,0.0,0.0
2021-07-28 00:00:00-04:00,93.99666789948769,94.40409975863696,91.29870174026074,93.51471710205078,457000,0.0,0.0
2021-07-29 00:00:00-04:00,94.18051123171662,94.18051123171662,90.9956132513679,92.65513610839844,635400,0.0,0.0
2021-07-30 00:00:00-04:00,92.19801836534329,93.14702976345687,91.0602039342738,92.31726837158203,892400,0.0,0.0
2021-08-02 00:00:00-04:00,93.58427658628686,96.0984055786115,91.64153778984034,92.07380676269531,534800,0.0,0.0
2021-08-03 00:00:00-04:00,92.25268152533668,92.67004521040205,89.16218872973377,89.94226837158203,539200,0.0,0.0
2021-08-04 00:00:00-04:00,90.92109000062203,91.85022268135131,90.43913161141614,90.92605590820312,506400,0.0,0.0
2021-08-05 00:00:00-04:00,91.12479657125876,95.82016444813927,91.12479657125876,95.12952423095703,471000,0.0,0.0
2021-08-06 00:00:00-04:00,96.08847077070612,97.28591410890743,94.60284557632741,97.21138000488281,611200,0.0,0.0
2021-08-09 00:00:00-04:00,96.908286654173,97.09709727446231,94.96555547058658,95.87481689453125,603000,0.0,0.0
2021-08-10 00:00:00-04:00,96.14312600135563,98.51813388210118,96.1381600937068,97.39025115966797,628800,0.0,0.0
2021-08-11 00:00:00-04:00,97.12690216261451,97.4796786826667,95.1543529065457,97.454833984375,461000,0.0,0.0
2021-08-12 00:00:00-04:00,97.39522316292499,97.46478377663935,95.63135553758593,96.93313598632812,208600,0.0,0.0
2021-08-13 00:00:00-04:00,96.97785523662881,97.04742343427567,95.16927163627425,95.33821105957031,262400,0.0,0.0
2021-08-16 00:00:00-04:00,94.36434969262535,94.97052399193979,92.63526619995272,93.6041488647461,307600,0.0,0.0
2021-08-17 00:00:00-04:00,92.17318082832553,92.44645737539554,90.43913139439984,91.37322998046875,437000,0.0,0.0
2021-08-18 00:00:00-04:00,91.51234721089294,93.96685495667413,89.98697968456861,92.96319580078125,471600,0.0,0.0
2021-08-19 00:00:00-04:00,92.26758630207866,93.06257124373768,91.63656728894448,92.94332122802734,624000,0.0,0.0
2021-08-20 00:00:00-04:00,93.16193920769882,94.84630676531249,92.43154899778742,94.71712493896484,241000,0.0,0.0
2021-08-23 00:00:00-04:00,95.48725758029205,96.8685455740916,95.09473861226958,96.73439025878906,261000,0.0,0.0
2021-08-24 00:00:00-04:00,97.1616896211246,99.95902685396898,97.1616896211246,99.76028442382812,370000,0.0,0.0
2021-08-25 00:00:00-04:00,99.85965830603526,101.73780237271907,99.38763933569032,101.5688705444336,606400,0.0,0.0
2021-08-26 00:00:00-04:00,100.72917520916434,102.37379283382799,100.0832508865054,100.61489868164062,287000,0.0,0.0
2021-08-27 00:00:00-04:00,100.7888016530781,104.98232479090451,100.7888016530781,104.14263153076172,445200,0.0,0.0
2021-08-30 00:00:00-04:00,104.35131587458511,105.21088794845248,102.47813761212903,104.20225524902344,391800,0.0,0.0
2021-08-31 00:00:00-04:00,104.17740783504554,105.08170338011027,103.33770699506778,104.58980560302734,306000,0.0,0.0
2021-09-01 00:00:00-04:00,104.86804566343018,106.62694731240201,104.19231076454652,106.32386016845703,406200,0.0,0.0
2021-09-02 00:00:00-04:00,107.12877408281717,108.08275140065078,106.08039145649614,106.93499755859375,689600,0.0,0.0
2021-09-03 00:00:00-04:00,106.41329388496325,108.05791145965874,106.13505143603494,107.76972961425781,682200,0.0,0.0
2021-09-07 00:00:00-04:00,107.93370108540863,110.65154617266214,107.93370108540863,110.40311431884766,958800,0.0,0.0
2021-09-08 00:00:00-04:00,109.9509583402759,110.66644323904505,109.08144691665412,109.81681060791016,638400,0.0,0.0
2021-09-09 00:00:00-04:00,109.6876263856482,110.80060378984166,109.24045209355116,109.53359985351562,407600,0.0,0.0
2021-09-10 00:00:00-04:00,110.4726725242167,110.51242252974433,108.05294874695268,108.23678588867188,507600,0.0,0.0
2021-09-13 00:00:00-04:00,108.97710756854994,109.37460001326224,106.1151756133894,109.04170227050781,680800,0.0,0.0
2021-09-14 00:00:00-04:00,108.1771625884176,109.36963240513425,106.76109804722067,109.12120056152344,473400,0.0,0.0
2021-09-15 00:00:00-04:00,109.1758549977107,109.32988152647212,106.91512372261518,109.2503890991211,434000,0.0,0.0
2021-09-16 00:00:00-04:00,109.12119428522159,112.4601186778298,108.79823593971834,112.35578155517578,503400,0.0,0.0
2021-09-17 00:00:00-04:00,112.68371074148061,113.91096463858558,111.36205911359211,112.74333953857422,1126200,0.0,0.0
2021-09-20 00:00:00-04:00,112.27627893608967,113.00666910381311,110.31863495356765,112.47502136230469,563600,0.0,0.0
2021-09-21 00:00:00-04:00,112.71352384519072,114.27864133521001,110.99933815993236,112.6688003540039,481200,0.0,0.0
2021-09-22 00:00:00-04:00,113.28491945809694,117.39895013715741,113.08120352897595,115.97295379638672,578400,0.0,0.0
2021-09-23 00:00:00-04:00,116.42012792954918,121.7266359871934,116.42012792954918,118.2585220336914,570000,0.0,0.0
2021-09-24 00:00:00-04:00,117.4436687573808,119.79880539293953,117.4436687573808,119.4410629272461,247800,0.0,0.0
2021-09-27 00:00:00-04:00,119.4112516853362,122.54149445278176,119.4112516853362,120.82730865478516,313200,0.0,0.0
2021-09-28 00:00:00-04:00,120.53913142528444,122.14896489128742,119.30193813658306,119.86836242675781,350000,0.0,0.0
2021-09-29 00:00:00-04:00,120.58384273180272,120.60371394230523,118.00511912606498,118.54173278808594,364600,0.0,0.0
2021-09-30 00:00:00-04:00,121.20492718713653,121.78129087491074,119.13300655345977,119.28703308105469,606800,0.0,0.0
2021-10-01 00:00:00-04:00,120.29566998923193,124.08176893444647,120.0174275319458,123.03338623046875,719400,0.0,0.0
2021-10-04 00:00:00-04:00,123.17250593862424,123.52031658747674,120.75774809764499,122.62098693847656,518800,0.0,0.0
2021-10-05 00:00:00-04:00,121.94524639804955,123.45571619443014,120.94655315472363,121.91543579101562,680400,0.0,0.0
2021-10-06 00:00:00-04:00,120.56396800747217,122.12411964761009,120.28075965441408,121.16517639160156,419200,0.0,0.0
2021-10-07 00:00:00-04:00,121.87569060964556,124.52397497464491,121.26455039665746,122.57130432128906,378800,0.0,0.0
2021-10-08 00:00:00-04:00,122.41727383906785,123.48552770042903,121.51297831758684,121.83097076416016,253600,0.0,0.0
2021-10-11 00:00:00-04:00,122.00487607063255,123.49546708534636,121.22479646712745,121.92041015625,197000,0.0,0.0
2021-10-12 00:00:00-04:00,122.46198727052605,124.7724002641519,122.46198727052605,123.83332824707031,326400,0.0,0.0
2021-10-13 00:00:00-04:00,123.70911634811144,125.5723551394442,122.97376022796276,124.39479064941406,397200,0.0,0.0
2021-10-14 00:00:00-04:00,125.25934068263,127.70390157344937,125.20965128045893,127.64925384521484,298400,0.0,0.0
2021-10-15 00:00:00-04:00,129.0106474597149,130.27765890208352,126.18349957709422,126.30274200439453,240000,0.0,0.0
2021-10-18 00:00:00-04:00,125.7959417503898,127.8678699494137,125.1152409409039,127.70886993408203,238000,0.0,0.0
2021-10-19 00:00:00-04:00,128.67776244312364,128.68769425810407,126.24312584066905,126.4219970703125,247400,0.0,0.0
2021-10-20 00:00:00-04:00,126.10400272907692,128.21566577462428,125.42826782514808,126.9039535522461,228800,0.0,0.0
2021-10-21 00:00:00-04:00,126.42198915838216,128.36472786234935,126.42198915838216,127.18218994140625,141200,0.0,0.0
2021-10-22 00:00:00-04:00,126.82942207294944,127.66913049895227,125.8406681875464,126.65055084228516,138200,0.0,0.0
2021-10-25 00:00:00-04:00,126.85426366312997,127.68403267221143,125.46801734562636,125.95990753173828,357600,0.0,0.0
2021-10-26 00:00:00-04:00,126.6455785835007,127.05301042573487,124.21591557805544,125.58229064941406,443400,0.0,0.0
2021-10-27 00:00:00-04:00,124.93140092555367,126.69029496074876,124.12151072690594,124.41963195800781,407600,0.0,0.0
2021-10-28 00:00:00-04:00,122.97375489915656,123.54514507112341,117.9156865186041,118.4026107788086,632400,0.0,0.0
2021-10-29 00:00:00-04:00,118.24361059450767,120.32547052377208,113.13088691609143,114.27864074707031,668200,0.0,0.0
2021-11-01 00:00:00-04:00,115.07363024714446,120.11182761208384,113.84637636246993,119.59508514404297,361000,0.0,0.0
2021-11-02 00:00:00-04:00,119.29199509330134,119.29199509330134,114.84506682340295,116.17169189453125,319800,0.0,0.0
2021-11-03 00:00:00-04:00,115.96300753643257,117.44863258653974,114.7109090094886,116.15678405761719,246200,0.0,0.0
2021-11-04 00:00:00-04:00,116.41019380417177,117.18530755043724,111.9284886554987,114.07493591308594,565600,0.0,0.0
2021-11-05 00:00:00-04:00,116.12698104047949,120.63353072008883,116.12698104047949,120.23604583740234,474800,0.0,0.0
2021-11-08 00:00:00-05:00,120.52422680626042,120.83227986255935,117.6622871499262,118.3032455444336,404000,0.0,0.0
2021-11-09 00:00:00-05:00,118.76036137943714,119.58514934337371,115.2823155473049,117.19523620605469,296600,0.0,0.0
2021-11-10 00:00:00-05:00,116.85737404184488,118.90445004619035,115.10841170660132,115.76924133300781,206400,0.0,0.0
2021-11-11 00:00:00-05:00,115.76924299518527,116.19158017606634,113.67247755844896,114.03022003173828,274400,0.0,0.0
2021-11-12 00:00:00-05:00,114.54198123656529,115.76923510796676,114.30845470514636,114.38795471191406,188200,0.0,0.0
2021-11-15 00:00:00-05:00,115.3965929376668,116.2114490926088,114.58670269031126,115.27237701416016,216600,0.0,0.0
2021-11-16 00:00:00-05:00,115.40155188104383,118.68085509633624,114.28360863694931,117.920654296875,418800,0.0,0.0
2021-11-17 00:00:00-05:00,117.75668749357526,119.19758907586042,117.07101321625474,118.00511932373047,443200,0.0,0.0
2021-11-18 00:00:00-05:00,118.9591039438557,119.78886539772317,115.74936874688694,118.89948272705078,447600,0.0,0.0
2021-11-19 00:00:00-05:00,117.86599645790717,119.39633742005769,116.872269151176,117.90574645996094,251400,0.0,0.0
2021-11-22 00:00:00-05:00,118.73054705779646,119.56527439226394,116.31578929517549,117.84612274169922,478200,0.0,0.0
2021-11-23 00:00:00-05:00,118.68085701163761,118.82991762956335,113.96065212706266,115.28727722167969,276200,0.0,0.0
2021-11-24 00:00:00-05:00,113.27995625315285,118.27840379860235,113.27995625315285,117.37908172607422,254200,0.0,0.0
2021-11-26 00:00:00-05:00,113.20045409622631,116.89214763118825,111.88873427302421,114.58670043945312,270800,0.0,0.0
2021-11-29 00:00:00-05:00,115.78414079706768,117.34925833013637,113.31472774246566,113.44888305664062,255000,0.0,0.0
2021-11-30 00:00:00-05:00,112.68371216052519,113.4389470870709,109.34479516122124,111.40677642822266,279000,0.0,0.0
2021-12-01 00:00:00-05:00,113.42404419625936,114.83513527681238,107.28777450290123,108.1026382446289,480600,0.0,0.0
2021-12-02 00:00:00-05:00,108.99325981695995,117.74999624199333,108.59454501746671,114.6400375366211,719000,0.3335,0.0
2021-12-03 00:00:00-05:00,114.82444163447998,115.39758893860213,109.87042786129742,111.83907318115234,399400,0.0,0.0
2021-12-06 00:00:00-05:00,113.36415902445499,115.12846197877384,111.08152453670913,113.27444458007812,319400,0.0,0.0
2021-12-07 00:00:00-05:00,114.70981188910406,116.63858493759619,114.6300674083511,115.05370330810547,243600,0.0,0.0
2021-12-08 00:00:00-05:00,116.125245131012,118.9162411889773,115.12846191100331,118.71189880371094,846000,0.0,0.0
2021-12-09 00:00:00-05:00,117.97925851140837,118.71189476155661,114.63006639783138,115.2779769897461,263600,0.0,0.0
2021-12-10 00:00:00-05:00,117.69019542960824,117.69019542960824,113.34421994699815,113.64823913574219,231400,0.0,0.0
2021-12-13 00:00:00-05:00,112.22283850929712,113.33923845939472,111.37059311037179,111.84904479980469,220200,0.0,0.0
2021-12-14 00:00:00-05:00,111.21608458218626,113.16978638306755,109.57139835524758,109.95515441894531,551800,0.0,0.0
2021-12-15 00:00:00-05:00,109.74582676884637,111.40547167872695,106.38667231409269,108.2257308959961,388400,0.0,0.0
2021-12-16 00:00:00-05:00,109.41190491566664,109.78071742924269,106.0427805120541,106.4265365600586,290200,0.0,0.0
2021-12-17 00:00:00-05:00,106.78537745121423,111.23601822589698,104.96625122175716,109.64116668701172,877400,0.0,0.0
2021-12-20 00:00:00-05:00,107.34358135811559,110.0099717587405,106.81528749800437,109.41190338134766,280200,0.0,0.0
2021-12-21 00:00:00-05:00,110.29406106891061,115.70659407392093,110.29406106891061,115.4623794555664,598400,0.0,0.0
2021-12-22 00:00:00-05:00,115.25305925912977,117.1220277876562,114.32106938645737,116.5887451171875,325400,0.0,0.0
2021-12-23 00:00:00-05:00,116.86784618574383,118.56735572081452,116.26478901824306,117.80481719970703,183600,0.0,0.0
2021-12-27 00:00:00-05:00,117.81976736664915,118.31815895044183,116.16013008488932,118.2135009765625,238200,0.0,0.0
2021-12-28 00:00:00-05:00,118.16366358510018,120.40144462514611,118.16366358510018,119.02588653564453,366000,0.0,0.0
2021-12-29 00:00:00-05:00,118.30819977835519,120.64066880295101,117.28151430488681,119.38471984863281,248800,0.0,0.0
2021-12-30 00:00:00-05:00,119.59405142124766,120.34661999785914,119.09565982233487,119.11061096191406,164400,0.0,0.0
2021-12-31 00:00:00-05:00,119.02588270671889,120.87989241777429,119.02588270671889,120.06253051757812,210200,0.0,0.0
2022-01-03 00:00:00-05:00,119.45449153387362,120.55095910559426,115.76639684399244,117.93938446044922,496200,0.0,0.0
2022-01-04 00:00:00-05:00,119.16044549386199,119.16044549386199,116.00064458364392,116.11527252197266,311800,0.0,0.0
2022-01-05 00:00:00-05:00,115.62685438314413,117.11205926267237,111.55499581163038,112.17300415039062,531800,0.0,0.0
2022-01-06 00:00:00-05:00,112.17299762119721,114.33601527367775,111.28087242584766,112.87074279785156,322000,0.0,0.0
2022-01-07 00:00:00-05:00,112.62652923174164,116.13022149647736,112.62652923174164,115.08858489990234,376400,0.0,0.0
2022-01-10 00:00:00-05:00,114.66496200749488,114.87926675067018,109.49663581144702,112.40225982666016,434800,0.0,0.0
2022-01-11 00:00:00-05:00,112.57171129619917,113.51865992466398,111.09647637910717,111.2509765625,452800,0.0,0.0
2022-01-12 00:00:00-05:00,111.63971900833216,113.4090107189436,109.26737771715194,109.53152465820312,249600,0.0,0.0
2022-01-13 00:00:00-05:00,109.85547189697921,111.44036108666427,108.5845718383789,108.5845718383789,244000,0.0,0.0
2022-01-14 00:00:00-05:00,108.18586772007265,108.7291127361852,104.71207767709602,106.02284240722656,252800,0.0,0.0
2022-01-18 00:00:00-05:00,104.34824607201153,107.0943886344203,103.66545201871024,105.330078125,478400,0.0,0.0
2022-01-19 00:00:00-05:00,105.65403966835711,106.99470670517537,104.10902264233722,104.79181671142578,351600,0.0,0.0
2022-01-20 00:00:00-05:00,105.29519670197459,108.03635053427159,104.27349238896613,104.69712829589844,400600,0.0,0.0
2022-01-21 00:00:00-05:00,103.77510075037927,104.78683510159267,100.96915357665068,101.3329849243164,718600,0.0,0.0
2022-01-24 00:00:00-05:00,99.88266464161819,103.18201467473334,96.71787486805462,103.13716125488281,439800,0.0,0.0
2022-01-25 00:00:00-05:00,102.27494042699483,103.25178367414233,100.29133644469455,101.72172546386719,204000,0.0,0.0
2022-01-26 00:00:00-05:00,103.04744663506983,105.30516002193633,99.50887076391767,100.37108612060547,254800,0.0,0.0
2022-01-27 00:00:00-05:00,100.91932133380662,102.0058114092881,98.7263936545799,99.3194808959961,547200,0.0,0.0
2022-01-28 00:00:00-05:00,99.68828633608463,100.96914874698146,97.32590750024829,100.52059936523438,282400,0.0,0.0
2022-01-31 00:00:00-05:00,100.70999168563914,105.00113595119095,99.99230658322492,104.81175231933594,357400,0.0,0.0
2022-02-01 00:00:00-05:00,105.30017601258909,105.71882312893166,103.17204176390268,104.91641235351562,242600,0.0,0.0
2022-02-02 00:00:00-05:00,104.91641307032397,105.04599975354316,102.89294438932461,103.63056182861328,267400,0.0,0.0
2022-02-03 00:00:00-05:00,102.53409866975028,104.09406676461248,100.67011900864549,100.75484466552734,173600,0.0,0.0
2022-02-04 00:00:00-05:00,100.80966999313834,104.35821571398377,99.81786798190105,104.08409881591797,284200,0.0,0.0
2022-02-07 00:00:00-05:00,104.56255844592418,106.66078280805561,103.7103054699433,105.51448822021484,169400,0.0,0.0
2022-02-08 00:00:00-05:00,105.85338964046082,108.39020101186061,105.72381056463063,107.85692596435547,221000,0.0,0.0
2022-02-09 00:00:00-05:00,108.54470247311095,110.66286675857766,108.40017225623761,110.5831298828125,198600,0.0,0.0
2022-02-10 00:00:00-05:00,108.99325796485608,113.47878227201561,108.5347386149287,111.8639907836914,299400,0.0,0.0
2022-02-11 00:00:00-05:00,111.86898504940301,112.87573063441265,109.02316558669631,110.09969329833984,471200,0.0,0.0
2022-02-14 00:00:00-05:00,109.79068180525552,112.81592245621532,109.267376711104,109.94020080566406,309200,0.0,0.0
2022-02-15 00:00:00-05:00,110.56817754076914,113.41897805059206,110.56817754076914,113.10997009277344,200400,0.0,0.0
2022-02-16 00:00:00-05:00,112.24277156028549,114.31109358423306,111.67460546083794,113.18971252441406,214600,0.0,0.0
2022-02-17 00:00:00-05:00,112.74116667927993,113.05016703634898,110.70273926468411,111.27589416503906,292000,0.0,0.0
2022-02-18 00:00:00-05:00,110.49840297403712,110.81737328804635,107.2738087722498,108.41014099121094,433400,0.0,0.0
2022-02-22 00:00:00-05:00,108.64438904006153,110.42364312076587,105.52445271622638,106.90998077392578,487800,0.0,0.0
2022-02-23 00:00:00-05:00,107.2837750800957,109.75580080835702,106.43651086525678,106.59101104736328,435000,0.0,0.0
2022-02-24 00:00:00-05:00,103.6056448365275,109.0879522563501,101.17349147490809,108.95338439941406,751400,0.0,0.0
2022-02-25 00:00:00-05:00,110.14952453682386,121.93649041390019,107.4183407041688,121.73712921142578,695600,0.0,0.0
2022-02-28 00:00:00-05:00,120.39646474418552,124.26398089573915,118.83150778986692,120.0475845336914,523000,0.0,0.0
2022-03-01 00:00:00-05:00,119.86318118377817,119.86318118377817,114.87428394792992,116.125244140625,394800,0.0,0.0
2022-03-02 00:00:00-05:00,117.34629784577888,123.10272220678308,117.34629784577888,121.58262634277344,298000,0.0,0.0
2022-03-03 00:00:00-05:00,122.01623753781233,122.38006128353682,116.53392983107958,117.60546875,235400,0.0,0.0
2022-03-04 00:00:00-05:00,117.13698018459968,117.13698018459968,111.79921026856108,113.13987731933594,402600,0.0,0.0
2022-03-07 00:00:00-05:00,112.61656785654954,112.61656785654954,101.37783589784743,101.8712387084961,727200,0.0,0.0
2022-03-08 00:00:00-05:00,102.05066119421446,105.19052979259924,98.39246867839152,103.85982513427734,886000,0.0,0.0
2022-03-09 00:00:00-05:00,107.57783148260235,109.43683004855832,105.2951970084809,106.4963150024414,508200,0.0,0.0
2022-03-10 00:00:00-05:00,103.989407474739,107.97654039653837,103.16208317315355,107.24390411376953,290800,0.0,0.0
2022-03-11 00:00:00-05:00,108.25065416346173,108.87364366440805,106.90499836238814,106.99470520019531,242400,0.0,0.0
2022-03-14 00:00:00-04:00,107.84197767604448,108.42010615683036,104.02429616533834,104.60243225097656,321600,0.0,0.0
2022-03-15 00:00:00-04:00,105.93811558718382,109.28730769407883,104.88650902378595,108.91849517822266,207800,0.0,0.0
2022-03-16 00:00:00-04:00,110.76255355029261,112.70129659860392,109.56640912979427,112.48698425292969,293800,0.0,0.0
2022-03-17 00:00:00-04:00,111.00676223393792,112.92557299283979,109.76577198020392,112.86576843261719,223600,0.0,0.0
2022-03-18 00:00:00-04:00,112.13312618438951,117.22170004198959,111.32074546194386,116.65353393554688,544200,0.0,0.0
2022-03-21 00:00:00-04:00,115.62685151080608,115.62685151080608,111.67460976251151,113.72299194335938,365600,0.0,0.0
2022-03-22 00:00:00-04:00,114.05692134246914,115.40755832733684,113.43891301725165,115.15338134765625,814400,0.0,0.0
2022-03-23 00:00:00-04:00,115.22813248079582,115.24807240283506,112.81093786590182,113.14485931396484,274200,0.0,0.0
2022-03-24 00:00:00-04:00,113.46383501763914,113.74791427896281,111.64470109009389,113.63826751708984,170000,0.0,0.0
2022-03-25 00:00:00-04:00,114.03698114625162,114.06688342557149,110.84228915480494,111.64968872070312,213000,0.0,0.0
2022-03-28 00:00:00-04:00,112.19791716057149,113.31929828657887,110.0548393147505,111.15628051757812,407400,0.0,0.0
2022-03-29 00:00:00-04:00,112.98039005538745,114.63006499131217,112.85080337568323,113.70305633544922,585800,0.0,0.0
2022-03-30 00:00:00-04:00,113.01527426634206,114.02700858615243,112.0035399465317,113.15482330322266,238200,0.0,0.0
2022-03-31 00:00:00-04:00,112.86576366150437,113.92235140665248,110.45354256817903,110.53328704833984,295000,0.0,0.0
2022-04-01 00:00:00-04:00,111.89389235425922,112.34743052316665,109.90032600813645,111.07653045654297,323400,0.0,0.0
2022-04-04 00:00:00-04:00,110.36881900073556,114.0369815042512,110.20434885910761,113.63328552246094,336800,0.0,0.0
2022-04-05 00:00:00-04:00,113.63328718199067,113.63328718199067,109.55145867565066,110.46351623535156,272800,0.0,0.0
2022-04-06 00:00:00-04:00,109.64116797816155,109.64116797816155,103.9594993226064,104.6273422241211,357200,0.0,0.0
2022-04-07 00:00:00-04:00,104.1638402543723,104.58747613945289,99.17494327467277,102.8680191040039,370600,0.0,0.0
2022-04-08 00:00:00-04:00,102.75339849200962,102.98764315976709,100.46080162279658,101.06883239746094,289000,0.0,0.0
2022-04-11 00:00:00-04:00,99.93249766426733,103.68040465135451,99.93249766426733,100.68507385253906,336800,0.0,0.0
2022-04-12 00:00:00-04:00,102.01078585290017,103.82991969901829,101.04889374525948,101.53731536865234,413400,0.0,0.0
2022-04-13 00:00:00-04:00,101.03394215184295,106.09261366922567,100.98908873460948,104.6672134399414,269000,0.0,0.0
2022-04-14 00:00:00-04:00,104.66223580007437,106.84519343745723,104.66223580007437,105.0111083984375,232000,0.0,0.0
2022-04-18 00:00:00-04:00,104.19374952917407,106.0029135202118,103.65548567386898,104.52268981933594,250000,0.0,0.0
2022-04-19 00:00:00-04:00,104.0940697562804,109.35708382923895,104.0940697562804,108.37525177001953,273000,0.0,0.0
2022-04-20 00:00:00-04:00,108.3254173421639,109.98505467851014,107.84695805985123,107.96158599853516,193600,0.0,0.0
2022-04-21 00:00:00-04:00,109.49165430208282,109.49165430208282,102.60886736688106,103.32156372070312,346800,0.0,0.0
2022-04-22 00:00:00-04:00,103.04246362650183,104.49278501226188,100.44584003613912,101.32799530029297,361200,0.0,0.0
2022-04-25 00:00:00-04:00,101.05387943748083,104.41802278273032,99.66835137923293,104.28346252441406,294000,0.0,0.0
2022-04-26 00:00:00-04:00,103.23185271370508,104.08409807589774,100.12686762518904,100.67012023925781,459000,0.0,0.0
2022-04-27 00:00:00-04:00,100.25147072983857,102.59889859233006,97.026876359067,98.02864837646484,659400,0.0,0.0
2022-04-28 00:00:00-04:00,103.09230629967924,105.53940329492737,99.68829073275636,104.60243225097656,859600,0.0,0.0
2022-04-29 00:00:00-04:00,104.78185304672716,108.3603010954966,100.7648103501924,101.14359283447266,319200,0.0,0.0
2022-05-02 00:00:00-04:00,102.39953882669845,107.00966100714822,101.29809007312633,106.33184814453125,593000,0.0,0.0
2022-05-03 00:00:00-04:00,106.80032854839862,107.05949429988215,101.98587165553403,104.15885925292969,319600,0.0,0.0
2022-05-04 00:00:00-04:00,105.29020446781462,105.81850594079951,97.43555575446015,103.57075500488281,756800,0.0,0.0
2022-05-05 00:00:00-04:00,102.16529684147382,103.13715894069102,99.11015389933118,100.26641845703125,235200,0.0,0.0
2022-05-06 00:00:00-04:00,100.20163313721177,101.26819086166108,97.30597914538151,100.17671203613281,507400,0.0,0.0
2022-05-09 00:00:00-04:00,98.71143686967464,100.48570970918308,91.753894548129,92.28218841552734,944200,0.0,0.0
2022-05-10 00:00:00-04:00,94.3704522560513,96.40388328648301,89.86000676683315,94.50501251220703,1380800,0.0,0.0
2022-05-11 00:00:00-04:00,94.18106388871445,96.55340523317294,90.42817564437017,90.51290130615234,434200,0.0,0.0
2022-05-12 00:00:00-04:00,90.41819951129132,92.86530399372192,88.61402442563758,92.272216796875,498800,0.0,0.0
2022-05-13 00:00:00-04:00,94.30067409668365,97.11160230067146,94.30067409668365,96.6480941772461,449000,0.0,0.0
2022-05-16 00:00:00-04:00,96.05003067817972,98.18314613817421,94.91867960601063,96.12478637695312,357400,0.0,0.0
2022-05-17 00:00:00-04:00,98.23298517130787,99.27462176649027,95.73105726676195,97.94889831542969,271800,0.0,0.0
2022-05-18 00:00:00-04:00,96.12977342709581,98.28282116633099,91.65920020458444,92.75067901611328,424800,0.0,0.0
2022-05-19 00:00:00-04:00,91.94826922054158,94.34553160494815,91.58942665937757,92.34199523925781,723800,0.0,0.0
2022-05-20 00:00:00-04:00,94.42028564395764,95.42205761162522,89.83010333741233,92.51643371582031,378400,0.0,0.0
2022-05-23 00:00:00-04:00,93.20420663265199,94.2707643095961,91.07109127876376,92.45661926269531,429800,0.0,0.0
2022-05-24 00:00:00-04:00,91.15581846814035,92.72076775138014,87.6720661326461,89.47126007080078,380200,0.0,0.0
2022-05-25 00:00:00-04:00,89.38154523255204,92.30212023150591,89.38154523255204,91.44987487792969,404200,0.0,0.0
2022-05-26 00:00:00-04:00,92.99987318940885,99.04037679115795,92.80051199166914,98.77622985839844,405000,0.0,0.0
2022-05-27 00:00:00-04:00,99.71321443506056,101.7615966796875,99.71321443506056,101.7615966796875,310800,0.0,0.0
2022-05-31 00:00:00-04:00,101.30805900545475,101.7316872872559,99.44905292904706,100.889404296875,463400,0.0,0.0
2022-06-01 00:00:00-04:00,101.746643060778,102.16529778842703,98.9257523577747,101.56224060058594,354800,0.0,0.0
2022-06-02 00:00:00-04:00,101.83137759651163,105.41480689105622,101.83137759651163,105.3948745727539,325000,0.0,0.0
2022-06-03 00:00:00-04:00,104.4977631858167,105.62911421822945,103.82992028406817,104.81175231933594,295200,0.0,0.0
2022-06-06 00:00:00-04:00,105.67396975200094,107.69245724174739,104.86158901496553,105.28522491455078,324200,0.0,0.0
2022-06-07 00:00:00-04:00,103.62059586113244,106.81029895083607,103.62059586113244,106.1424560546875,328800,0.0,0.0
2022-06-08 00:00:00-04:00,106.02284043574387,106.80033009661318,104.52766567104068,104.76689910888672,256200,0.0,0.0
2022-06-09 00:00:00-04:00,103.80998343782181,104.42799176206876,102.389571934987,102.4344253540039,241000,0.0,0.0
2022-06-10 00:00:00-04:00,100.32124085530381,101.06882824813087,95.44697166245959,96.15967559814453,454000,0.0,0.0
2022-06-13 00:00:00-04:00,93.37366684004066,93.37366684004066,87.52752805068693,88.96289825439453,749200,0.0,0.0
2022-06-14 00:00:00-04:00,90.02946086314,91.3153121400476,88.77850064954717,91.06611633300781,373600,0.0,0.0
2022-06-15 00:00:00-04:00,92.01804356458929,94.10131680278174,90.278654142407,92.57125854492188,282800,0.0,0.0
2022-06-16 00:00:00-04:00,89.75534135046243,90.35340974903637,86.09714883441369,86.5805892944336,338200,0.0,0.0
2022-06-17 00:00:00-04:00,87.49264460613779,90.21385841204615,86.25663559991554,89.14730072021484,455200,0.0,0.0
2022-06-21 00:00:00-04:00,90.19890933817686,90.82189883610161,88.50438094576248,88.8831558227539,251600,0.0,0.0
2022-06-22 00:00:00-04:00,87.82656711949265,90.16402490724325,87.82656711949265,89.66064453125,467200,0.0,0.0
2022-06-23 00:00:00-04:00,90.70229063401283,91.29038907565355,88.03589251407297,89.81016540527344,272600,0.0,0.0
2022-06-24 00:00:00-04:00,91.39505113113755,99.39921875547374,91.20565989561585,99.09519958496094,875600,0.0,0.0
2022-06-27 00:00:00-04:00,98.96562136671972,99.67333650972127,96.9271939903154,97.58008575439453,284400,0.0,0.0
2022-06-28 00:00:00-04:00,98.8559804177045,101.0140094301837,96.58330825280213,96.69295501708984,274400,0.0,0.0
2022-06-29 00:00:00-04:00,96.1198014310386,96.42382060222104,93.93186267608694,95.64134216308594,326200,0.0,0.0
2022-06-30 00:00:00-04:00,93.85211818466294,96.89729107418333,92.78556049661509,95.45693969726562,385600,0.0,0.0
2022-07-01 00:00:00-04:00,94.97349976840363,98.48716198388244,94.97349976840363,98.36256408691406,198400,0.0,0.0
2022-07-05 00:00:00-04:00,96.96209011502208,100.28138009251968,95.5067875133683,100.00726318359375,290600,0.0,0.0
2022-07-06 00:00:00-04:00,100.40597489503288,100.67012183415247,96.2693231017709,97.68475341796875,254600,0.0,0.0
2022-07-07 00:00:00-04:00,98.90082925915662,100.75982777784314,98.18314414608402,99.38426971435547,221800,0.0,0.0
2022-07-08 00:00:00-04:00,98.98555470097502,99.9723679268635,97.46047764146039,99.24472045898438,322400,0.0,0.0
2022-07-11 00:00:00-04:00,98.87092906488829,98.87092906488829,95.64134598796774,97.04681396484375,199600,0.0,0.0
2022-07-12 00:00:00-04:00,97.21626419192931,100.35115161183167,97.21626419192931,98.79118347167969,355400,0.0,0.0
2022-07-13 00:00:00-04:00,96.63314944578882,100.66015458746938,95.94536658696924,100.28137969970703,320800,0.0,0.0
2022-07-14 00:00:00-04:00,98.45726332693,100.38603640939375,98.21304870214229,99.9972915649414,269800,0.0,0.0
2022-07-15 00:00:00-04:00,100.79970373537245,103.6355532302911,100.14681193907919,102.49423217773438,331600,0.0,0.0
2022-07-18 00:00:00-04:00,103.34648226000503,104.85660819639938,102.11545440223966,102.38458251953125,294000,0.0,0.0
2022-07-19 00:00:00-04:00,103.40130910688359,105.79359038296461,103.40130910688359,104.80178833007812,302400,0.0,0.0
2022-07-20 00:00:00-04:00,104.85162576681886,107.82702418535818,104.8167347049805,106.80033111572266,333400,0.0,0.0
2022-07-21 00:00:00-04:00,106.80033115925026,109.65113168070393,105.04100944366621,109.2424545288086,301800,0.0,0.0
2022-07-22 00:00:00-04:00,109.58135640994549,110.42862819644213,107.0196239427038,108.086181640625,232800,0.0,0.0
2022-07-25 00:00:00-04:00,109.31721326026064,109.31721326026064,107.10435330828189,108.38522338867188,193800,0.0,0.0
2022-07-26 00:00:00-04:00,108.14599828763951,108.3702729913681,106.29696206676319,107.09937286376953,288800,0.0,0.0
2022-07-27 00:00:00-04:00,108.5347375766353,110.89212764393199,108.11608286561783,109.64614868164062,398400,0.0,0.0
2022-07-28 00:00:00-04:00,108.38024260003853,109.99502654550837,106.84519553229195,108.1111068725586,531600,0.0,0.0
2022-07-29 00:00:00-04:00,107.94165553404251,108.2157724398214,103.22686756920298,104.56256103515625,610400,0.0,0.0
2022-08-01 00:00:00-04:00,103.39632118011652,105.60419224300713,101.55725502162905,104.43795776367188,582800,0.0,0.0
2022-08-02 00:00:00-04:00,103.94455084792607,105.92814728597017,103.50098262825372,104.59744262695312,369400,0.0,0.0
2022-08-03 00:00:00-04:00,105.08088605578315,106.38667725557879,104.68217124366886,105.62911987304688,384200,0.0,0.0
2022-08-04 00:00:00-04:00,105.07590077715386,106.05773282667093,104.65725366295378,105.7885971069336,372800,0.0,0.0
2022-08-05 00:00:00-04:00,104.12397399002377,105.31014845243067,103.45114988110622,104.74696350097656,308200,0.0,0.0
2022-08-08 00:00:00-04:00,104.99117624955186,106.705644569812,103.67043394703815,104.59744262695312,376800,0.0,0.0
2022-08-09 00:00:00-04:00,103.50098389771959,104.1688268245452,101.64696651514966,102.2550048828125,406800,0.0,0.0
2022-08-10 00:00:00-04:00,104.52766489801806,105.6340948241041,101.92606021828622,103.42622375488281,328800,0.0,0.0
2022-08-11 00:00:00-04:00,105.04101402632173,107.31866735691187,104.66223913671672,105.95307159423828,429800,0.0,0.0
2022-08-12 00:00:00-04:00,106.62091095009912,108.07622110907901,106.22718493366534,107.68248748779297,282600,0.0,0.0
2022-08-15 00:00:00-04:00,107.22895159558928,109.1477623314856,107.15419589620731,108.1111068725586,246000,0.0,0.0
2022-08-16 00:00:00-04:00,107.23393776861445,108.92348497719362,107.15917446619987,108.69422149658203,261200,0.0,0.0
2022-08-17 00:00:00-04:00,107.32863570832396,107.87188073529013,106.03779566531627,106.68072509765625,276000,0.0,0.0
2022-08-18 00:00:00-04:00,106.22718344773794,107.61769264109765,106.22718344773794,107.07444763183594,225600,0.0,0.0
2022-08-19 00:00:00-04:00,105.55934513929172,107.04953119484325,105.17558146797784,105.48957061767578,294400,0.0,0.0
2022-08-22 00:00:00-04:00,103.74519730359036,103.76512962145966,102.23008258054557,102.52413940429688,270200,0.0,0.0
2022-08-23 00:00:00-04:00,101.92108152753448,104.16384371273695,101.92108152753448,103.99439239501953,250400,0.0,0.0
2022-08-24 00:00:00-04:00,104.01432702008502,105.93313775193046,103.496003094142,104.79181671142578,254200,0.0,0.0
2022-08-25 00:00:00-04:00,105.20050322898578,106.98972730545036,105.12573992366636,106.27703094482422,225000,0.0,0.0
2022-08-26 00:00:00-04:00,106.586030666848,107.1193057382671,102.46931868096486,102.49423217773438,318400,0.0,0.0
2022-08-29 00:00:00-04:00,101.63699307693511,103.16705890523059,100.79969885788834,102.27992248535156,323800,0.0,0.0
2022-08-30 00:00:00-04:00,102.99761327738534,102.99761327738534,99.6334698664568,99.91754913330078,557800,0.0,0.0
2022-08-31 00:00:00-04:00,99.94246511565915,100.43587552840123,98.12832002896144,98.22799682617188,386600,0.0,0.0
2022-09-01 00:00:00-04:00,97.21626430546426,97.75950932444634,94.50501278395608,97.63990020751953,519400,0.0,0.0
2022-09-02 00:00:00-04:00,98.43732549279895,98.50710001495428,96.29424762451984,97.10662078857422,271000,0.0,0.0
2022-09-06 00:00:00-04:00,96.83749245086885,97.54022645416603,94.69440698240189,96.96707153320312,408400,0.0,0.0
2022-09-07 00:00:00-04:00,97.28106085601833,100.89440007618587,96.83749262146083,100.47076416015625,311200,0.0,0.0
2022-09-08 00:00:00-04:00,99.13008949479354,100.63025312778942,97.96385493717304,100.47076416015625,355200,0.0,0.0
2022-09-09 00:00:00-04:00,101.45259237279959,104.77188223739513,101.45259237279959,103.58072662353516,370800,0.0,0.0
2022-09-12 00:00:00-04:00,104.16384576664841,105.92814870766136,103.29166045520518,103.9146499633789,297400,0.0,0.0
2022-09-13 00:00:00-04:00,101.18346356224943,102.56400280239522,99.85774009679582,100.35115051269531,279400,0.0,0.0
2022-09-14 00:00:00-04:00,100.81962952964945,100.81962952964945,97.69970097171961,100.38105010986328,309400,0.0,0.0
2022-09-15 00:00:00-04:00,99.78797023403465,102.36465398314743,98.87093148327683,99.5038833618164,276600,0.0,0.0
2022-09-16 00:00:00-04:00,98.49713094357848,98.53201439985186,95.98025192943582,96.88233947753906,1093400,0.0,0.0
2022-09-19 00:00:00-04:00,95.76593970036176,101.45757827458364,95.69118400479881,101.39776611328125,470200,0.0,0.0
2022-09-20 00:00:00-04:00,101.37783801427794,101.60211271515055,98.89086117209338,99.90259552001953,273600,0.0,0.0
2022-09-21 00:00:00-04:00,99.90259587616363,100.34118292288416,96.26433563232422,96.26433563232422,302200,0.0,0.0
2022-09-22 00:00:00-04:00,95.5915125040658,95.9154640092521,91.4498794337227,91.75389862060547,659200,0.0,0.0
2022-09-23 00:00:00-04:00,90.56274210030895,91.08604720288834,88.88315721627163,91.01129150390625,395800,0.0,0.0
2022-09-26 00:00:00-04:00,91.1159553604928,93.4135333206587,90.02447654692584,90.07929992675781,272000,0.0,0.0
2022-09-27 00:00:00-04:00,91.77382816294332,93.05469821470902,89.65566388041191,90.86177062988281,320800,0.0,0.0
2022-09-28 00:00:00-04:00,90.98636915879734,94.22093337626302,90.98636915879734,93.53813171386719,343000,0.0,0.0
2022-09-29 00:00:00-04:00,91.99312426215272,92.38186910946213,90.24875362761216,92.16755676269531,331000,0.0,0.0
2022-09-30 00:00:00-04:00,91.5744738207869,93.83218712339347,90.2836338182568,91.77880859375,414800,0.0,0.0
2022-10-03 00:00:00-04:00,92.83540446671758,94.09134580976773,90.88669150643159,92.7955322265625,330600,0.0,0.0
2022-10-04 00:00:00-04:00,94.9735003459547,98.30276012771881,94.9735003459547,98.22799682617188,340000,0.0,0.0
2022-10-05 00:00:00-04:00,96.7178733856842,98.84102648429791,96.50356864644795,98.61176300048828,272800,0.0,0.0
2022-10-06 00:00:00-04:00,98.68153380049846,99.57864017420067,97.6149761131114,98.49713134765625,361800,0.0,0.0
2022-10-07 00:00:00-04:00,97.69970518995147,98.29279241346164,96.62317750382475,97.7345962524414,401200,0.0,0.0
2022-10-10 00:00:00-04:00,97.18137894829452,97.47542816146132,93.38362985820757,95.04826354980469,247400,0.0,0.0
2022-10-11 00:00:00-04:00,94.88379559228255,97.31594143797321,93.1493873423778,96.62816619873047,333600,0.0,0.0
2022-10-12 00:00:00-04:00,97.13153851248146,97.13153851248146,95.29247229373715,96.16465759277344,354000,0.0,0.0
2022-10-13 00:00:00-04:00,93.59295340058314,100.09696517526606,92.74568921800481,99.0104751586914,457400,0.0,0.0
2022-10-14 00:00:00-04:00,99.7680244995352,101.21834584671043,97.06674300342397,97.2112808227539,283800,0.0,0.0
2022-10-17 00:00:00-04:00,99.04037554079144,100.71497155640297,99.04037554079144,100.38105010986328,283200,0.0,0.0
2022-10-18 00:00:00-04:00,103.14712477754733,103.44117398468153,100.3960011256656,101.16352081298828,312200,0.0,0.0
2022-10-19 00:00:00-04:00,100.16674323788713,100.43089018171628,97.91899982374686,99.16996002197266,220600,0.0,0.0
2022-10-20 00:00:00-04:00,98.99053349242071,102.04069514276024,98.99053349242071,99.9673843383789,318200,0.0,0.0
2022-10-21 00:00:00-04:00,100.24648807686063,101.83137735032471,98.49713626445586,101.33796691894531,306200,0.0,0.0
2022-10-24 00:00:00-04:00,101.88619032396984,102.96271799653685,101.18844513148322,102.51914978027344,370600,0.0,0.0
2022-10-25 00:00:00-04:00,101.79150202481453,104.10901989789943,101.79150202481453,103.71529388427734,231800,0.0,0.0
2022-10-26 00:00:00-04:00,103.40628839535047,107.67750811371874,103.2767093153972,103.9146499633789,438000,0.0,0.0
2022-10-27 00:00:00-04:00,100.80468196714047,105.13072499631222,98.54696863449661,98.6516342163086,728800,0.0,0.0
2022-10-28 00:00:00-04:00,99.4490525989548,101.72670577153022,97.32092602630985,101.34793090820312,339400,0.0,0.0
2022-10-31 00:00:00-04:00,100.83459066197405,104.06914723074043,100.74487622078576,103.62059783935547,530800,0.0,0.0
2022-11-01 00:00:00-04:00,104.66223210815764,105.5693084367573,102.73844029949932,105.08087921142578,423800,0.0,0.0
2022-11-02 00:00:00-04:00,104.63233554748436,106.11754041205494,101.3778389510544,101.38282012939453,352800,0.0,0.0
2022-11-03 00:00:00-04:00,100.37606592509493,100.37606592509493,97.84922444931591,98.42736053466797,251600,0.0,0.0
2022-11-04 00:00:00-04:00,100.01223884090366,101.27815773047674,98.07847704998055,100.48072814941406,323200,0.0,0.0
2022-11-07 00:00:00-05:00,101.52236810744503,103.78507024595129,100.01722333558361,103.68040466308594,319800,0.0,0.0
2022-11-08 00:00:00-05:00,104.41304097146116,105.0908538566633,103.24680644400893,104.2336196899414,520600,0.0,0.0
2022-11-09 00:00:00-05:00,103.75017501003992,105.91319265696161,101.945999911576,104.99117279052734,462800,0.0,0.0
2022-11-10 00:00:00-05:00,108.24068198832995,110.93698231844495,108.24068198832995,109.7458267211914,421800,0.0,0.0
2022-11-11 00:00:00-05:00,110.5731597135469,112.01351112076105,109.50660200306501,110.62798309326172,405600,0.0,0.0
2022-11-14 00:00:00-05:00,109.84550807487999,111.41544621319068,108.68426231296598,109.86544799804688,520600,0.0,0.0
2022-11-15 00:00:00-05:00,112.06335272586988,113.08006822943567,110.52830570687667,110.94695281982422,281200,0.0,0.0
2022-11-16 00:00:00-05:00,110.59309332292624,111.52010200584341,109.86045706038593,111.46527862548828,333400,0.0,0.0
2022-11-17 00:00:00-05:00,109.60129524761011,111.50016596907905,109.16768939749879,111.35064697265625,405000,0.0,0.0
2022-11-18 00:00:00-05:00,112.66142258015753,112.66142258015753,110.65290504269956,110.81737518310547,218000,0.0,0.0
2022-11-21 00:00:00-05:00,110.32396423126991,110.96688604535325,109.20756431608974,109.43184661865234,225200,0.0,0.0
2022-11-22 00:00:00-05:00,109.50161986698068,111.55000961134897,108.67926917845199,111.2210693359375,201000,0.0,0.0
2022-11-23 00:00:00-05:00,111.20113163301107,111.51512077533907,110.17943493437026,110.7276611328125,218000,0.0,0.0
2022-11-25 00:00:00-05:00,111.06657142819891,112.25772705150384,110.70772886675663,111.46527862548828,136400,0.0,0.0
2022-11-28 00:00:00-05:00,111.12637176026199,111.52508654723903,110.16447205149792,110.33393096923828,309200,0.0,0.0
2022-11-29 00:00:00-05:00,110.92203624066184,111.66962366062121,110.19936992233828,110.69776153564453,235000,0.0,0.0
2022-11-30 00:00:00-05:00,109.94518822936666,110.87717807278807,107.05949665317348,110.62300109863281,533000,0.0,0.0
2022-12-01 00:00:00-05:00,110.99500274658203,111.80000305175781,110.38500213623047,110.91000366210938,363200,0.357,0.0
2022-12-02 00:00:00-05:00,109.19999694824219,112.36499786376953,109.19999694824219,111.36499786376953,345800,0.0,0.0
2022-12-05 00:00:00-05:00,110.45999908447266,111.25,109.13999938964844,109.93000030517578,509400,0.0,0.0
2022-12-06 00:00:00-05:00,109.93000030517578,110.76000213623047,109.51000213623047,110.26499938964844,608200,0.0,0.0
2022-12-07 00:00:00-05:00,109.72000122070312,111.93499755859375,109.37000274658203,110.66500091552734,595000,0.0,0.0
2022-12-08 00:00:00-05:00,110.22000122070312,111.3949966430664,108.68499755859375,109.73999786376953,520000,0.0,0.0
2022-12-09 00:00:00-05:00,109.16500091552734,110.7249984741211,109.16500091552734,109.77999877929688,337800,0.0,0.0
2022-12-12 00:00:00-05:00,109.6449966430664,111.0,109.6050033569336,110.43499755859375,316200,0.0,0.0
2022-12-13 00:00:00-05:00,112.67500305175781,113.7300033569336,111.91000366210938,112.80000305175781,436600,0.0,0.0
2022-12-14 00:00:00-05:00,112.00499725341797,114.0999984741211,111.91500091552734,113.20999908447266,926000,0.0,0.0
2022-12-15 00:00:00-05:00,111.5999984741211,112.5,109.29000091552734,110.47000122070312,912800,0.0,0.0
2022-12-16 00:00:00-05:00,109.26000213623047,110.44999694824219,107.76000213623047,107.91999816894531,855000,0.0,0.0
2022-12-19 00:00:00-05:00,107.5250015258789,107.91999816894531,102.47000122070312,103.16000366210938,670600,0.0,0.0
2022-12-20 00:00:00-05:00,103.1449966430664,105.69999694824219,102.625,104.62000274658203,439800,0.0,0.0
2022-12-21 00:00:00-05:00,105.33000183105469,106.01000213623047,104.29000091552734,104.62000274658203,457000,0.0,0.0
2022-12-22 00:00:00-05:00,104.2699966430664,104.81500244140625,101.8949966430664,104.74500274658203,364800,0.0,0.0
2022-12-23 00:00:00-05:00,104.80500030517578,105.97000122070312,104.63999938964844,105.51499938964844,258200,0.0,0.0
2022-12-27 00:00:00-05:00,105.81999969482422,106.61000061035156,104.75499725341797,105.06999969482422,163600,0.0,0.0
2022-12-28 00:00:00-05:00,105.24500274658203,105.55000305175781,103.30999755859375,103.73999786376953,397600,0.0,0.0
2022-12-29 00:00:00-05:00,104.58499908447266,106.28500366210938,103.86000061035156,105.63500213623047,260800,0.0,0.0
2022-12-30 00:00:00-05:00,104.77999877929688,106.52999877929688,104.2249984741211,105.71499633789062,223200,0.0,0.0
2023-01-03 00:00:00-05:00,106.46499633789062,107.13999938964844,104.31500244140625,105.125,276200,0.0,0.0
2023-01-04 00:00:00-05:00,105.80000305175781,108.06999969482422,105.80000305175781,107.87999725341797,242600,0.0,0.0
2023-01-05 00:00:00-05:00,107.23999786376953,108.74500274658203,106.73999786376953,107.37999725341797,220600,0.0,0.0
2023-01-06 00:00:00-05:00,108.41999816894531,109.05000305175781,107.7249984741211,108.72000122070312,194000,0.0,0.0
2023-01-09 00:00:00-05:00,109.12999725341797,110.47000122070312,108.94499969482422,109.26000213623047,405400,0.0,0.0
2023-01-10 00:00:00-05:00,109.38500213623047,109.91999816894531,108.75,109.7699966430664,311000,0.0,0.0
2023-01-11 00:00:00-05:00,110.40499877929688,110.98999786376953,109.7699966430664,109.87000274658203,307000,0.0,0.0
2023-01-12 00:00:00-05:00,109.95999908447266,112.43000030517578,109.29499816894531,111.6050033569336,311400,0.0,0.0
2023-01-13 00:00:00-05:00,111.2699966430664,112.375,110.80000305175781,112.19999694824219,276600,0.0,0.0
2023-01-17 00:00:00-05:00,112.56999969482422,114.16000366210938,112.0,113.78500366210938,255200,0.0,0.0
2023-01-18 00:00:00-05:00,114.45500183105469,115.94999694824219,114.33499908447266,115.0,433800,0.0,0.0
2023-01-19 00:00:00-05:00,114.95500183105469,117.5,114.63999938964844,116.8550033569336,342600,0.0,0.0
2023-01-20 00:00:00-05:00,117.51000213623047,121.6050033569336,117.03500366210938,121.55999755859375,463400,0.0,0.0
2023-01-23 00:00:00-05:00,121.47000122070312,122.375,120.76000213623047,121.1500015258789,431000,0.0,0.0
2023-01-24 00:00:00-05:00,121.01499938964844,123.4000015258789,120.38999938964844,123.05999755859375,259800,0.0,0.0
2023-01-25 00:00:00-05:00,122.0250015258789,123.48500061035156,121.5250015258789,122.76000213623047,236600,0.0,0.0
2023-01-26 00:00:00-05:00,123.56500244140625,124.44000244140625,123.08000183105469,124.31999969482422,260800,0.0,0.0
2023-01-27 00:00:00-05:00,123.81999969482422,125.125,123.55000305175781,124.23500061035156,209600,0.0,0.0
2023-01-30 00:00:00-05:00,123.56999969482422,124.1500015258789,122.03500366210938,122.15499877929688,216000,0.0,0.0
2023-01-31 00:00:00-05:00,122.31999969482422,124.125,121.5250015258789,124.05000305175781,321800,0.0,0.0
2023-02-01 00:00:00-05:00,123.76499938964844,125.23999786376953,123.67500305175781,124.75,311600,0.0,0.0
2023-02-02 00:00:00-05:00,125.7249984741211,126.0,122.33499908447266,123.69999694824219,358200,0.0,0.0
2023-02-03 00:00:00-05:00,122.72000122070312,126.6449966430664,122.72000122070312,125.49500274658203,278000,0.0,0.0
2023-02-06 00:00:00-05:00,124.3949966430664,125.0199966430664,123.83499908447266,124.25,167400,0.0,0.0
2023-02-07 00:00:00-05:00,123.91999816894531,126.30000305175781,123.12000274658203,126.06500244140625,187400,0.0,0.0
2023-02-08 00:00:00-05:00,125.69499969482422,125.91500091552734,123.93499755859375,124.2699966430664,227800,0.0,0.0
2023-02-09 00:00:00-05:00,125.0,125.56500244140625,121.7750015258789,122.33000183105469,271000,0.0,0.0
2023-02-10 00:00:00-05:00,121.53500366210938,122.81999969482422,120.83499908447266,121.625,293600,0.0,0.0
2023-02-13 00:00:00-05:00,122.05000305175781,123.12999725341797,121.76499938964844,122.38500213623047,119400,0.0,0.0
2023-02-14 00:00:00-05:00,121.62000274658203,123.58999633789062,120.70999908447266,123.25,174600,0.0,0.0
2023-02-15 00:00:00-05:00,122.95999908447266,125.84500122070312,122.01000213623047,124.90499877929688,368800,0.0,0.0
2023-02-16 00:00:00-05:00,123.62999725341797,124.93000030517578,122.40499877929688,123.44999694824219,321200,0.0,0.0
2023-02-17 00:00:00-05:00,122.61499786376953,123.48500061035156,121.625,122.94000244140625,246600,0.0,0.0
2023-02-21 00:00:00-05:00,121.69499969482422,122.40499877929688,120.33000183105469,121.08499908447266,202000,0.0,0.0
2023-02-22 00:00:00-05:00,120.51000213623047,122.42500305175781,120.51000213623047,121.34500122070312,519600,0.0,0.0
2023-02-23 00:00:00-05:00,119.58499908447266,123.25,118.6449966430664,121.91000366210938,919600,0.0,0.0
2023-02-24 00:00:00-05:00,120.66999816894531,121.62999725341797,120.2300033569336,121.55500030517578,590600,0.0,0.0
2023-02-27 00:00:00-05:00,122.73500061035156,122.73500061035156,120.97000122070312,121.90499877929688,262200,0.0,0.0
2023-02-28 00:00:00-05:00,121.72000122070312,123.61000061035156,121.62000274658203,122.88999938964844,443200,0.0,0.0
2023-03-01 00:00:00-05:00,123.44000244140625,124.6500015258789,122.5,122.79000091552734,391400,0.0,0.0
2023-03-02 00:00:00-05:00,122.0999984741211,123.5,121.38500213623047,123.20999908447266,376800,0.0,0.0
2023-03-03 00:00:00-05:00,123.2699966430664,124.41500091552734,122.45500183105469,124.06500244140625,219200,0.0,0.0
2023-03-06 00:00:00-05:00,123.70500183105469,124.67500305175781,122.52999877929688,122.7750015258789,348800,0.0,0.0
2023-03-07 00:00:00-05:00,123.06999969482422,123.49500274658203,121.68000030517578,122.16500091552734,340000,0.0,0.0
2023-03-08 00:00:00-05:00,121.69000244140625,122.9000015258789,121.29499816894531,122.69499969482422,282600,0.0,0.0
2023-03-09 00:00:00-05:00,122.88999938964844,122.98999786376953,120.40499877929688,120.56999969482422,507200,0.0,0.0
2023-03-10 00:00:00-05:00,119.80999755859375,121.16000366210938,117.98500061035156,119.63500213623047,665200,0.0,0.0
2023-03-13 00:00:00-04:00,118.04000091552734,118.55500030517578,115.21499633789062,117.27999877929688,640600,0.0,0.0
2023-03-14 00:00:00-04:00,118.79499816894531,120.33999633789062,118.61499786376953,120.13999938964844,469200,0.0,0.0
2023-03-15 00:00:00-04:00,117.91000366210938,120.81500244140625,117.63999938964844,120.125,639600,0.0,0.0
2023-03-16 00:00:00-04:00,119.87000274658203,123.5250015258789,119.87000274658203,121.94499969482422,329200,0.0,0.0
2023-03-17 00:00:00-04:00,121.86499786376953,124.00499725341797,121.22000122070312,123.45500183105469,569800,0.0,0.0
2023-03-20 00:00:00-04:00,123.75,125.7699966430664,123.5,125.30000305175781,572600,0.0,0.0
2023-03-21 00:00:00-04:00,126.125,129.1649932861328,126.125,127.41000366210938,638400,0.0,0.0
2023-03-22 00:00:00-04:00,127.36000061035156,128.85000610351562,126.37000274658203,126.46499633789062,506400,0.0,0.0
2023-03-23 00:00:00-04:00,126.5250015258789,128.24000549316406,121.56999969482422,122.33000183105469,405800,0.0,0.0
2023-03-24 00:00:00-04:00,121.13500213623047,121.4000015258789,118.04000091552734,121.08499908447266,364800,0.0,0.0
2023-03-27 00:00:00-04:00,122.18499755859375,123.91500091552734,121.69499969482422,122.70999908447266,312800,0.0,0.0
2023-03-28 00:00:00-04:00,122.51499938964844,124.16500091552734,122.04499816894531,123.18499755859375,225600,0.0,0.0
2023-03-29 00:00:00-04:00,124.45500183105469,125.15499877929688,123.9000015258789,125.0,241400,0.0,0.0
2023-03-30 00:00:00-04:00,125.0,127.0999984741211,125.0,126.69000244140625,303600,0.0,0.0
2023-03-31 00:00:00-04:00,128.75,132.05499267578125,127.9749984741211,128.52499389648438,782800,0.0,0.0
2023-04-03 00:00:00-04:00,128.13499450683594,129.42999267578125,127.12000274658203,128.00999450683594,474400,0.0,0.0
2023-04-04 00:00:00-04:00,128.2100067138672,128.63499450683594,126.08000183105469,127.31999969482422,431600,0.0,0.0
2023-04-05 00:00:00-04:00,126.91999816894531,127.31999969482422,124.69999694824219,125.6050033569336,491400,0.0,0.0
2023-04-06 00:00:00-04:00,126.19999694824219,127.16500091552734,124.08999633789062,126.75499725341797,301600,0.0,0.0
2023-04-10 00:00:00-04:00,126.4000015258789,127.58000183105469,125.6500015258789,126.48999786376953,175400,0.0,0.0
2023-04-11 00:00:00-04:00,126.99500274658203,128.80999755859375,126.55999755859375,127.98999786376953,265600,0.0,0.0
2023-04-12 00:00:00-04:00,128.1750030517578,128.5500030517578,125.95999908447266,126.81999969482422,266800,0.0,0.0
2023-04-13 00:00:00-04:00,127.83999633789062,128.13999938964844,126.58499908447266,127.70999908447266,230200,0.0,0.0
2023-04-14 00:00:00-04:00,126.9749984741211,128.5449981689453,126.44499969482422,128.0,214000,0.0,0.0
2023-04-17 00:00:00-04:00,128.19500732421875,129.2100067138672,126.86000061035156,127.5,286600,0.0,0.0
2023-04-18 00:00:00-04:00,127.77999877929688,129.2949981689453,127.57499694824219,128.10000610351562,373000,0.0,0.0
2023-04-19 00:00:00-04:00,127.81500244140625,129.89500427246094,127.80000305175781,128.4949951171875,453600,0.0,0.0
2023-04-20 00:00:00-04:00,128.3300018310547,129.14500427246094,127.55999755859375,127.93499755859375,283000,0.0,0.0
2023-04-21 00:00:00-04:00,128.5800018310547,129.5500030517578,127.3499984741211,128.85499572753906,265400,0.0,0.0
2023-04-24 00:00:00-04:00,128.66000366210938,130.06500244140625,128.11500549316406,128.82000732421875,274800,0.0,0.0
2023-04-25 00:00:00-04:00,127.83000183105469,128.85000610351562,126.6500015258789,126.92500305175781,295800,0.0,0.0
2023-04-26 00:00:00-04:00,127.5,128.17999267578125,125.41500091552734,125.91999816894531,494400,0.0,0.0
2023-04-27 00:00:00-04:00,131.85499572753906,144.89500427246094,131.2949981689453,143.63499450683594,1426600,0.0,0.0
2023-04-28 00:00:00-04:00,143.72500610351562,146.97999572753906,143.63499450683594,146.26499938964844,605000,0.0,0.0
2023-05-01 00:00:00-04:00,146.1750030517578,149.51499938964844,145.86000061035156,149.0800018310547,472600,0.0,0.0
2023-05-02 00:00:00-04:00,148.27999877929688,149.09500122070312,145.99000549316406,148.88999938964844,589800,0.0,0.0
2023-05-03 00:00:00-04:00,148.88999938964844,150.4499969482422,147.89500427246094,148.14500427246094,491800,0.0,0.0
2023-05-04 00:00:00-04:00,148.14500427246094,148.61000061035156,144.08999633789062,144.24000549316406,403800,0.0,0.0
2023-05-05 00:00:00-04:00,145.8249969482422,148.4949951171875,145.1649932861328,148.1300048828125,283000,0.0,0.0
2023-05-08 00:00:00-04:00,148.36000061035156,148.36000061035156,145.09500122070312,146.03500366210938,490800,0.0,0.0
2023-05-09 00:00:00-04:00,146.13499450683594,147.2899932861328,144.16000366210938,146.38499450683594,323800,0.0,0.0
2023-05-10 00:00:00-04:00,147.3000030517578,147.3000030517578,144.7449951171875,146.5800018310547,616200,0.0,0.0
2023-05-11 00:00:00-04:00,146.48500061035156,147.10499572753906,145.50999450683594,146.625,301600,0.0,0.0
2023-05-12 00:00:00-04:00,146.47500610351562,147.05999755859375,145.52499389648438,145.94000244140625,236600,0.0,0.0
2023-05-15 00:00:00-04:00,145.94000244140625,147.01499938964844,145.4250030517578,145.89999389648438,240400,0.0,0.0
2023-05-16 00:00:00-04:00,145.7100067138672,145.7100067138672,143.0850067138672,143.36000061035156,294600,0.0,0.0
2023-05-17 00:00:00-04:00,143.60499572753906,144.9949951171875,142.28500366210938,142.52000427246094,413000,0.0,0.0
2023-05-18 00:00:00-04:00,142.3000030517578,144.77999877929688,141.93499755859375,144.5,426400,0.0,0.0
2023-05-19 00:00:00-04:00,144.73500061035156,145.25,142.7899932861328,143.72999572753906,303000,0.0,0.0
2023-05-22 00:00:00-04:00,143.52000427246094,144.80999755859375,141.2899932861328,141.67999267578125,321300,0.0,2.0
2023-05-23 00:00:00-04:00,141.5,142.22999572753906,139.0399932861328,139.14999389648438,312000,0.0,0.0
2023-05-24 00:00:00-04:00,137.99000549316406,139.5,137.66000366210938,139.1199951171875,339200,0.0,0.0
2023-05-25 00:00:00-04:00,139.38999938964844,140.66000366210938,138.75999450683594,139.83999633789062,313000,0.0,0.0
2023-05-26 00:00:00-04:00,140.36000061035156,141.14999389648438,137.4600067138672,137.57000732421875,363200,0.0,0.0
2023-05-30 00:00:00-04:00,137.77000427246094,139.24000549316406,135.22999572753906,135.3699951171875,329900,0.0,0.0
2023-05-31 00:00:00-04:00,135.39999389648438,136.6300048828125,134.33999633789062,135.82000732421875,533100,0.0,0.0
2023-06-01 00:00:00-04:00,135.57000732421875,138.2100067138672,135.33999633789062,137.5399932861328,359300,0.0,0.0
2023-06-02 00:00:00-04:00,138.6300048828125,142.89999389648438,138.6300048828125,142.19000244140625,653500,0.0,0.0
2023-06-05 00:00:00-04:00,140.25999450683594,141.27000427246094,133.39999389648438,133.52000427246094,839200,0.0,0.0
2023-06-06 00:00:00-04:00,133.39999389648438,139.52999877929688,133.39999389648438,138.8699951171875,559300,0.0,0.0
2023-06-07 00:00:00-04:00,138.60000610351562,140.5800018310547,137.4499969482422,139.50999450683594,491100,0.0,0.0
2023-06-08 00:00:00-04:00,139.22999572753906,141.0399932861328,138.66000366210938,140.63999938964844,276300,0.0,0.0
2023-06-09 00:00:00-04:00,140.61000061035156,141.00999450683594,139.0399932861328,139.60000610351562,250700,0.0,0.0
2023-06-12 00:00:00-04:00,140.1699981689453,141.88999938964844,138.55999755859375,138.7899932861328,299900,0.0,0.0
2023-06-13 00:00:00-04:00,139.24000549316406,139.9499969482422,138.0500030517578,139.02000427246094,283900,0.0,0.0
2023-06-14 00:00:00-04:00,138.6999969482422,139.3800048828125,137.47000122070312,137.85000610351562,261600,0.0,0.0
2023-06-15 00:00:00-04:00,137.47000122070312,138.3300018310547,136.74000549316406,137.6999969482422,287200,0.0,0.0
2023-06-16 00:00:00-04:00,138.24000549316406,138.24000549316406,135.69000244140625,136.38999938964844,642800,0.0,0.0
2023-06-20 00:00:00-04:00,136.19000244140625,136.47000122070312,134.5,135.38999938964844,338900,0.0,0.0
2023-06-21 00:00:00-04:00,134.72000122070312,136.83999633789062,134.4499969482422,134.61000061035156,298700,0.0,0.0
2023-06-22 00:00:00-04:00,134.3699951171875,134.61000061035156,132.0800018310547,133.88999938964844,725900,0.0,0.0
2023-06-23 00:00:00-04:00,132.35000610351562,133.1999969482422,130.16000366210938,130.6300048828125,618700,0.0,0.0
2023-06-26 00:00:00-04:00,130.0,132.2100067138672,129.61000061035156,131.22999572753906,292200,0.0,0.0
2023-06-27 00:00:00-04:00,131.42999267578125,133.9499969482422,131.3300018310547,133.4499969482422,241100,0.0,0.0
2023-06-28 00:00:00-04:00,133.91000366210938,134.55999755859375,132.27000427246094,132.9600067138672,243600,0.0,0.0
2023-06-29 00:00:00-04:00,132.9600067138672,136.5399932861328,132.9600067138672,135.89999389648438,312100,0.0,0.0
2023-06-30 00:00:00-04:00,136.27000427246094,140.4499969482422,135.88999938964844,139.1699981689453,529000,0.0,0.0
2023-07-03 00:00:00-04:00,138.77999877929688,138.77999877929688,136.4499969482422,136.72000122070312,168600,0.0,0.0
2023-07-05 00:00:00-04:00,135.60000610351562,136.24000549316406,132.69000244140625,133.3300018310547,388000,0.0,0.0
2023-07-06 00:00:00-04:00,132.89999389648438,132.89999389648438,130.35000610351562,131.4499969482422,298700,0.0,0.0
2023-07-07 00:00:00-04:00,131.8800048828125,133.6999969482422,131.82000732421875,132.97999572753906,328000,0.0,0.0
2023-07-10 00:00:00-04:00,133.02999877929688,135.6199951171875,133.02999877929688,133.85000610351562,240500,0.0,0.0
2023-07-11 00:00:00-04:00,133.86000061035156,134.91000366210938,131.89999389648438,132.82000732421875,294500,0.0,0.0
2023-07-12 00:00:00-04:00,133.86000061035156,133.99000549316406,132.0800018310547,132.27000427246094,308000,0.0,0.0
2023-07-13 00:00:00-04:00,132.89999389648438,134.5399932861328,132.4199981689453,133.27000427246094,270400,0.0,0.0
2023-07-14 00:00:00-04:00,133.4499969482422,134.1999969482422,131.92999267578125,134.05999755859375,336500,0.0,0.0
2023-07-17 00:00:00-04:00,133.75999450683594,135.3800048828125,132.69000244140625,132.74000549316406,278100,0.0,0.0
2023-07-18 00:00:00-04:00,132.74000549316406,134.9600067138672,132.74000549316406,134.1699981689453,269100,0.0,0.0
2023-07-19 00:00:00-04:00,134.42999267578125,134.75999450683594,131.5,132.72000122070312,265800,0.0,0.0
2023-07-20 00:00:00-04:00,132.3800048828125,132.8300018310547,131.39999389648438,131.47000122070312,195500,0.0,0.0
2023-07-21 00:00:00-04:00,132.4600067138672,133.39999389648438,131.89999389648438,133.25999450683594,290900,0.0,0.0
2023-07-24 00:00:00-04:00,132.6999969482422,132.72000122070312,129.8800048828125,130.4499969482422,274000,0.0,0.0
2023-07-25 00:00:00-04:00,130.1199951171875,131.17999267578125,129.92999267578125,130.4499969482422,283000,0.0,0.0
2023-07-26 00:00:00-04:00,130.4600067138672,132.97000122070312,130.1199951171875,131.5800018310547,321000,0.0,0.0
2023-07-27 00:00:00-04:00,127.41000366210938,127.41000366210938,118.43000030517578,118.81999969482422,1405200,0.0,0.0
2023-07-28 00:00:00-04:00,118.94999694824219,121.4800033569336,118.20999908447266,118.33000183105469,579500,0.0,0.0
2023-07-31 00:00:00-04:00,118.18000030517578,119.33000183105469,115.2699966430664,115.8499984741211,747200,0.0,0.0
2023-08-01 00:00:00-04:00,115.55999755859375,118.06999969482422,114.36000061035156,118.0,696400,0.0,0.0
2023-08-02 00:00:00-04:00,116.83000183105469,118.44000244140625,116.83000183105469,117.87999725341797,609500,0.0,0.0
2023-08-03 00:00:00-04:00,117.87999725341797,120.31999969482422,117.26000213623047,119.93000030517578,603300,0.0,0.0
2023-08-04 00:00:00-04:00,120.1500015258789,122.23999786376953,120.0999984741211,120.43000030517578,494800,0.0,0.0
2023-08-07 00:00:00-04:00,120.58000183105469,122.2300033569336,120.22000122070312,121.75,547000,0.0,0.0
2023-08-08 00:00:00-04:00,120.66999816894531,121.94999694824219,120.51000213623047,121.5199966430664,542800,0.0,0.0
2023-08-09 00:00:00-04:00,122.0199966430664,123.52999877929688,121.19999694824219,122.95999908447266,469000,0.0,0.0
2023-08-10 00:00:00-04:00,123.2699966430664,124.26000213623047,122.93000030517578,123.51000213623047,494400,0.0,0.0
2023-08-11 00:00:00-04:00,123.44000244140625,123.7300033569336,122.0,123.19000244140625,412700,0.0,0.0
2023-08-14 00:00:00-04:00,123.55000305175781,124.02999877929688,122.52999877929688,124.0,280600,0.0,0.0
2023-08-15 00:00:00-04:00,123.41999816894531,124.11000061035156,122.81999969482422,123.38999938964844,342900,0.0,0.0
2023-08-16 00:00:00-04:00,122.81999969482422,123.3499984741211,121.56999969482422,121.75,377700,0.0,0.0
2023-08-17 00:00:00-04:00,121.7300033569336,122.18000030517578,120.4800033569336,120.98999786376953,412300,0.0,0.0
2023-08-18 00:00:00-04:00,119.91000366210938,121.58999633789062,119.69999694824219,121.3499984741211,399000,0.0,0.0
2023-08-21 00:00:00-04:00,121.5199966430664,124.11000061035156,121.5199966430664,123.77999877929688,367800,0.0,0.0
2023-08-22 00:00:00-04:00,124.12999725341797,125.51000213623047,123.62000274658203,123.97000122070312,389000,0.0,0.0
2023-08-23 00:00:00-04:00,124.11000061035156,125.30000305175781,124.06999969482422,124.6500015258789,298400,0.0,0.0
2023-08-24 00:00:00-04:00,124.13999938964844,125.0,123.56999969482422,123.70999908447266,319100,0.0,0.0
2023-08-25 00:00:00-04:00,123.9800033569336,124.63999938964844,123.30000305175781,123.91999816894531,202700,0.0,0.0
2023-08-28 00:00:00-04:00,124.38999938964844,125.94000244140625,124.04000091552734,125.70999908447266,241600,0.0,0.0
2023-08-29 00:00:00-04:00,125.69000244140625,127.79000091552734,125.12000274658203,127.69999694824219,307900,0.0,0.0
2023-08-30 00:00:00-04:00,127.20999908447266,128.49000549316406,125.83999633789062,126.1500015258789,240600,0.0,0.0
2023-08-31 00:00:00-04:00,126.1500015258789,126.1500015258789,124.79000091552734,125.27999877929688,402500,0.0,0.0
2023-09-01 00:00:00-04:00,125.97000122070312,126.56999969482422,125.12999725341797,126.12000274658203,211000,0.0,0.0
2023-09-05 00:00:00-04:00,125.30000305175781,125.4000015258789,120.94000244140625,121.01000213623047,494400,0.0,0.0
2023-09-06 00:00:00-04:00,120.9000015258789,122.13999938964844,119.75,119.91999816894531,381100,0.0,0.0
2023-09-07 00:00:00-04:00,119.63999938964844,120.08999633789062,118.66999816894531,119.58999633789062,563400,0.0,0.0
2023-09-08 00:00:00-04:00,120.0,120.41999816894531,118.45999908447266,118.62000274658203,431300,0.0,0.0
2023-09-11 00:00:00-04:00,118.8499984741211,119.44000244140625,117.87000274658203,118.04000091552734,367900,0.0,0.0
2023-09-12 00:00:00-04:00,117.7699966430664,118.75,117.7699966430664,118.05000305175781,308400,0.0,0.0
2023-09-13 00:00:00-04:00,117.56999969482422,118.5199966430664,117.56999969482422,118.12999725341797,336100,0.0,0.0
2023-09-14 00:00:00-04:00,118.79000091552734,119.87999725341797,118.4000015258789,119.48999786376953,263600,0.0,0.0
2023-09-15 00:00:00-04:00,119.5,120.83000183105469,118.69999694824219,119.56999969482422,849700,0.0,0.0
